experiment_name,method,target_layers,rank,fine_tuning_enabled,fine_tuning_time_s,total_parameters,compression_ratio,compression_time_s,model_memory_mb,peak_inference_memory_mb,test_eval_time_s,macs_g,latency_ms,throughput_fps,accuracy,precision,recall,f1_score
Baseline,None,None,None,False,0.0,272474,1.0,0.0,1.0455,49.8682,1.5871,0.0416,2.1942,16101.08,92.12,92.1765,92.12,92.1321
SVD rank 0002 [compressed],SVD,conv1|layer1.0.conv1|layer1.0.conv2|layer1.1.conv1|layer1.1.conv2|layer1.2.conv1|layer1.2.conv2|layer2.0.conv1|layer2.0.conv2|layer2.1.conv1|layer2.1.conv2|layer2.2.conv1|layer2.2.conv2|layer3.0.conv1|layer3.0.conv2|layer3.1.conv1|layer3.1.conv2|layer3.2.conv1|layer3.2.conv2|fc,2,False,0.0,16948,16.0771,0.042,0.0709,43.7812,1.6275,0.0045,3.8218,13889.99,10.0,1.0,10.0,1.8182
SVD rank 0002 [fine_tuned],SVD,conv1|layer1.0.conv1|layer1.0.conv2|layer1.1.conv1|layer1.1.conv2|layer1.2.conv1|layer1.2.conv2|layer2.0.conv1|layer2.0.conv2|layer2.1.conv1|layer2.1.conv2|layer2.2.conv1|layer2.2.conv2|layer3.0.conv1|layer3.0.conv2|layer3.1.conv1|layer3.1.conv2|layer3.2.conv1|layer3.2.conv2|fc,2,True,19.7323,16948,16.0771,0.042,0.0713,51.9946,1.554,0.0045,3.7638,14892.37,29.93,27.6586,29.93,24.5191
SVD rank 0005 [compressed],SVD,conv1|layer1.0.conv1|layer1.0.conv2|layer1.1.conv1|layer1.1.conv2|layer1.2.conv1|layer1.2.conv2|layer2.0.conv1|layer2.0.conv2|layer2.1.conv1|layer2.1.conv2|layer2.2.conv1|layer2.2.conv2|layer3.0.conv1|layer3.0.conv2|layer3.1.conv1|layer3.1.conv2|layer3.2.conv1|layer3.2.conv2|fc,5,False,0.0,36163,7.5346,0.0437,0.1442,53.4814,1.5783,0.0096,3.7414,13991.22,10.09,1.5853,10.09,2.3069
SVD rank 0005 [fine_tuned],SVD,conv1|layer1.0.conv1|layer1.0.conv2|layer1.1.conv1|layer1.1.conv2|layer1.2.conv1|layer1.2.conv2|layer2.0.conv1|layer2.0.conv2|layer2.1.conv1|layer2.1.conv2|layer2.2.conv1|layer2.2.conv2|layer3.0.conv1|layer3.0.conv2|layer3.1.conv1|layer3.1.conv2|layer3.2.conv1|layer3.2.conv2|fc,5,True,20.7262,36163,7.5346,0.0437,0.1446,53.645,1.5709,0.0096,3.7437,14249.79,58.99,59.409,58.99,58.405
SVD rank 0007 [compressed],SVD,conv1|layer1.0.conv1|layer1.0.conv2|layer1.1.conv1|layer1.1.conv2|layer1.2.conv1|layer1.2.conv2|layer2.0.conv1|layer2.0.conv2|layer2.1.conv1|layer2.1.conv2|layer2.2.conv1|layer2.2.conv2|layer3.0.conv1|layer3.0.conv2|layer3.1.conv1|layer3.1.conv2|layer3.2.conv1|layer3.2.conv2|fc,7,False,0.0,48973,5.5638,0.0417,0.1931,55.0317,1.638,0.013,3.6867,13379.1,9.99,2.0132,9.99,3.3505
SVD rank 0007 [fine_tuned],SVD,conv1|layer1.0.conv1|layer1.0.conv2|layer1.1.conv1|layer1.1.conv2|layer1.2.conv1|layer1.2.conv2|layer2.0.conv1|layer2.0.conv2|layer2.1.conv1|layer2.1.conv2|layer2.2.conv1|layer2.2.conv2|layer3.0.conv1|layer3.0.conv2|layer3.1.conv1|layer3.1.conv2|layer3.2.conv1|layer3.2.conv2|fc,7,True,21.0479,48973,5.5638,0.0417,0.1934,55.2393,1.5867,0.013,3.8391,14425.83,71.37,71.6602,71.37,71.3097
SVD rank 0010 [compressed],SVD,conv1|layer1.0.conv1|layer1.0.conv2|layer1.1.conv1|layer1.1.conv2|layer1.2.conv1|layer1.2.conv2|layer2.0.conv1|layer2.0.conv2|layer2.1.conv1|layer2.1.conv2|layer2.2.conv1|layer2.2.conv2|layer3.0.conv1|layer3.0.conv2|layer3.1.conv1|layer3.1.conv2|layer3.2.conv1|layer3.2.conv2|fc,10,False,0.0,68188,3.9959,0.0428,0.2664,56.1084,1.6041,0.0182,3.7641,13822.5,13.12,4.3013,13.12,5.8968
SVD rank 0010 [fine_tuned],SVD,conv1|layer1.0.conv1|layer1.0.conv2|layer1.1.conv1|layer1.1.conv2|layer1.2.conv1|layer1.2.conv2|layer2.0.conv1|layer2.0.conv2|layer2.1.conv1|layer2.1.conv2|layer2.2.conv1|layer2.2.conv2|layer3.0.conv1|layer3.0.conv2|layer3.1.conv1|layer3.1.conv2|layer3.2.conv1|layer3.2.conv2|fc,10,True,21.5871,68188,3.9959,0.0428,0.2667,56.3921,1.636,0.0182,3.7693,14194.35,74.9,77.2521,74.9,74.6417
SVD rank 0012 [compressed],SVD,conv1|layer1.0.conv1|layer1.0.conv2|layer1.1.conv1|layer1.1.conv2|layer1.2.conv1|layer1.2.conv2|layer2.0.conv1|layer2.0.conv2|layer2.1.conv1|layer2.1.conv2|layer2.2.conv1|layer2.2.conv2|layer3.0.conv1|layer3.0.conv2|layer3.1.conv1|layer3.1.conv2|layer3.2.conv1|layer3.2.conv2|fc,12,False,0.0,80764,3.3737,0.0404,0.3144,57.1519,1.6181,0.0215,3.7729,13888.97,11.17,3.2173,11.17,4.2677
SVD rank 0012 [fine_tuned],SVD,conv1|layer1.0.conv1|layer1.0.conv2|layer1.1.conv1|layer1.1.conv2|layer1.2.conv1|layer1.2.conv2|layer2.0.conv1|layer2.0.conv2|layer2.1.conv1|layer2.1.conv2|layer2.2.conv1|layer2.2.conv2|layer3.0.conv1|layer3.0.conv2|layer3.1.conv1|layer3.1.conv2|layer3.2.conv1|layer3.2.conv2|fc,12,True,22.9527,80764,3.3737,0.0404,0.3147,57.479,1.615,0.0215,3.7895,14517.5,79.6,80.1593,79.6,79.373
SVD rank 0015 [compressed],SVD,conv1|layer1.0.conv1|layer1.0.conv2|layer1.1.conv1|layer1.1.conv2|layer1.2.conv1|layer1.2.conv2|layer2.0.conv1|layer2.0.conv2|layer2.1.conv1|layer2.1.conv2|layer2.2.conv1|layer2.2.conv2|layer3.0.conv1|layer3.0.conv2|layer3.1.conv1|layer3.1.conv2|layer3.2.conv1|layer3.2.conv2|fc,15,False,0.0,98668,2.7615,0.0434,0.3827,58.2227,1.6424,0.0255,3.9332,13801.0,8.8,2.7957,8.8,3.5481
SVD rank 0015 [fine_tuned],SVD,conv1|layer1.0.conv1|layer1.0.conv2|layer1.1.conv1|layer1.1.conv2|layer1.2.conv1|layer1.2.conv2|layer2.0.conv1|layer2.0.conv2|layer2.1.conv1|layer2.1.conv2|layer2.2.conv1|layer2.2.conv2|layer3.0.conv1|layer3.0.conv2|layer3.1.conv1|layer3.1.conv2|layer3.2.conv1|layer3.2.conv2|fc,15,True,21.5887,98668,2.7615,0.0434,0.383,58.6206,1.5983,0.0255,3.8383,14325.78,77.52,79.8404,77.52,77.6887
SVD rank 0018 [compressed],SVD,conv1|layer1.0.conv1|layer1.0.conv2|layer1.1.conv1|layer1.1.conv2|layer1.2.conv1|layer1.2.conv2|layer2.0.conv1|layer2.0.conv2|layer2.1.conv1|layer2.1.conv2|layer2.2.conv1|layer2.2.conv2|layer3.0.conv1|layer3.0.conv2|layer3.1.conv1|layer3.1.conv2|layer3.2.conv1|layer3.2.conv2|fc,18,False,0.0,114652,2.3765,0.0443,0.4437,58.2827,1.5967,0.0275,3.8206,14008.53,8.66,16.6788,8.66,2.5094
SVD rank 0018 [fine_tuned],SVD,conv1|layer1.0.conv1|layer1.0.conv2|layer1.1.conv1|layer1.1.conv2|layer1.2.conv1|layer1.2.conv2|layer2.0.conv1|layer2.0.conv2|layer2.1.conv1|layer2.1.conv2|layer2.2.conv1|layer2.2.conv2|layer3.0.conv1|layer3.0.conv2|layer3.1.conv1|layer3.1.conv2|layer3.2.conv1|layer3.2.conv2|fc,18,True,23.5615,114652,2.3765,0.0443,0.444,58.7407,1.6074,0.0275,3.8639,15099.57,82.75,83.3866,82.75,82.5665
SVD rank 0020 [compressed],SVD,conv1|layer1.0.conv1|layer1.0.conv2|layer1.1.conv1|layer1.1.conv2|layer1.2.conv1|layer1.2.conv2|layer2.0.conv1|layer2.0.conv2|layer2.1.conv1|layer2.1.conv2|layer2.2.conv1|layer2.2.conv2|layer3.0.conv1|layer3.0.conv2|layer3.1.conv1|layer3.1.conv2|layer3.2.conv1|layer3.2.conv2|fc,20,False,0.0,125308,2.1744,0.0411,0.4843,58.3203,1.5893,0.0289,3.8557,13691.0,9.2,5.873,9.2,4.332
SVD rank 0020 [fine_tuned],SVD,conv1|layer1.0.conv1|layer1.0.conv2|layer1.1.conv1|layer1.1.conv2|layer1.2.conv1|layer1.2.conv2|layer2.0.conv1|layer2.0.conv2|layer2.1.conv1|layer2.1.conv2|layer2.2.conv1|layer2.2.conv2|layer3.0.conv1|layer3.0.conv2|layer3.1.conv1|layer3.1.conv2|layer3.2.conv1|layer3.2.conv2|fc,20,True,23.8284,125308,2.1744,0.0411,0.4846,58.8159,1.6173,0.0289,4.2757,14533.03,84.77,85.3402,84.77,84.6208
SVD rank 0023 [compressed],SVD,conv1|layer1.0.conv1|layer1.0.conv2|layer1.1.conv1|layer1.1.conv2|layer1.2.conv1|layer1.2.conv2|layer2.0.conv1|layer2.0.conv2|layer2.1.conv1|layer2.1.conv2|layer2.2.conv1|layer2.2.conv2|layer3.0.conv1|layer3.0.conv2|layer3.1.conv1|layer3.1.conv2|layer3.2.conv1|layer3.2.conv2|fc,23,False,0.0,141292,1.9284,0.0449,0.5453,58.3853,1.585,0.031,3.8384,14135.83,11.43,7.4235,11.43,4.8736
SVD rank 0023 [fine_tuned],SVD,conv1|layer1.0.conv1|layer1.0.conv2|layer1.1.conv1|layer1.1.conv2|layer1.2.conv1|layer1.2.conv2|layer2.0.conv1|layer2.0.conv2|layer2.1.conv1|layer2.1.conv2|layer2.2.conv1|layer2.2.conv2|layer3.0.conv1|layer3.0.conv2|layer3.1.conv1|layer3.1.conv2|layer3.2.conv1|layer3.2.conv2|fc,23,True,23.7828,141292,1.9284,0.0449,0.5456,58.9458,1.7226,0.031,3.954,13601.13,87.86,88.266,87.86,87.942
SVD rank 0026 [compressed],SVD,conv1|layer1.0.conv1|layer1.0.conv2|layer1.1.conv1|layer1.1.conv2|layer1.2.conv1|layer1.2.conv2|layer2.0.conv1|layer2.0.conv2|layer2.1.conv1|layer2.1.conv2|layer2.2.conv1|layer2.2.conv2|layer3.0.conv1|layer3.0.conv2|layer3.1.conv1|layer3.1.conv2|layer3.2.conv1|layer3.2.conv2|fc,26,False,0.0,157276,1.7325,0.0437,0.6063,58.4453,1.6681,0.033,3.9849,13483.75,18.28,42.2833,18.28,12.6439
SVD rank 0026 [fine_tuned],SVD,conv1|layer1.0.conv1|layer1.0.conv2|layer1.1.conv1|layer1.1.conv2|layer1.2.conv1|layer1.2.conv2|layer2.0.conv1|layer2.0.conv2|layer2.1.conv1|layer2.1.conv2|layer2.2.conv1|layer2.2.conv2|layer3.0.conv1|layer3.0.conv2|layer3.1.conv1|layer3.1.conv2|layer3.2.conv1|layer3.2.conv2|fc,26,True,24.5031,157276,1.7325,0.0437,0.6066,59.0659,1.6126,0.033,3.9647,14001.6,82.12,83.4672,82.12,82.0741
SVD rank 0030 [compressed],SVD,conv1|layer1.0.conv1|layer1.0.conv2|layer1.1.conv1|layer1.1.conv2|layer1.2.conv1|layer1.2.conv2|layer2.0.conv1|layer2.0.conv2|layer2.1.conv1|layer2.1.conv2|layer2.2.conv1|layer2.2.conv2|layer3.0.conv1|layer3.0.conv2|layer3.1.conv1|layer3.1.conv2|layer3.2.conv1|layer3.2.conv2|fc,30,False,0.0,174684,1.5598,0.0438,0.6727,58.5093,1.6446,0.0347,3.9908,13464.71,33.87,69.7972,33.87,29.7713
SVD rank 0030 [fine_tuned],SVD,conv1|layer1.0.conv1|layer1.0.conv2|layer1.1.conv1|layer1.1.conv2|layer1.2.conv1|layer1.2.conv2|layer2.0.conv1|layer2.0.conv2|layer2.1.conv1|layer2.1.conv2|layer2.2.conv1|layer2.2.conv2|layer3.0.conv1|layer3.0.conv2|layer3.1.conv1|layer3.1.conv2|layer3.2.conv1|layer3.2.conv2|fc,30,True,24.7974,174684,1.5598,0.0438,0.673,59.1938,1.6282,0.0347,3.9629,13956.42,89.19,89.2738,89.19,89.1414
SVD rank 0033 [compressed],SVD,conv1|layer1.0.conv1|layer1.0.conv2|layer1.1.conv1|layer1.1.conv2|layer1.2.conv1|layer1.2.conv2|layer2.0.conv1|layer2.0.conv2|layer2.1.conv1|layer2.1.conv2|layer2.2.conv1|layer2.2.conv2|layer3.0.conv1|layer3.0.conv2|layer3.1.conv1|layer3.1.conv2|layer3.2.conv1|layer3.2.conv2|fc,33,False,0.0,185340,1.4701,0.0472,0.7133,58.5527,1.5959,0.0354,4.374,13799.87,48.4,71.2479,48.4,43.5338
SVD rank 0033 [fine_tuned],SVD,conv1|layer1.0.conv1|layer1.0.conv2|layer1.1.conv1|layer1.1.conv2|layer1.2.conv1|layer1.2.conv2|layer2.0.conv1|layer2.0.conv2|layer2.1.conv1|layer2.1.conv2|layer2.2.conv1|layer2.2.conv2|layer3.0.conv1|layer3.0.conv2|layer3.1.conv1|layer3.1.conv2|layer3.2.conv1|layer3.2.conv2|fc,33,True,12.0492,185340,1.4701,0.0472,0.7136,59.2808,1.6632,0.0354,3.9863,13960.09,86.79,86.9917,86.79,86.6395
SVD rank 0039 [compressed],SVD,conv1|layer1.0.conv1|layer1.0.conv2|layer1.1.conv1|layer1.1.conv2|layer1.2.conv1|layer1.2.conv2|layer2.0.conv1|layer2.0.conv2|layer2.1.conv1|layer2.1.conv2|layer2.2.conv1|layer2.2.conv2|layer3.0.conv1|layer3.0.conv2|layer3.1.conv1|layer3.1.conv2|layer3.2.conv1|layer3.2.conv2|fc,39,False,0.0,206652,1.3185,0.0435,0.7946,58.6338,1.6212,0.0368,4.0594,13962.19,70.61,78.4717,70.61,71.2412
SVD rank 0039 [fine_tuned],SVD,conv1|layer1.0.conv1|layer1.0.conv2|layer1.1.conv1|layer1.1.conv2|layer1.2.conv1|layer1.2.conv2|layer2.0.conv1|layer2.0.conv2|layer2.1.conv1|layer2.1.conv2|layer2.2.conv1|layer2.2.conv2|layer3.0.conv1|layer3.0.conv2|layer3.1.conv1|layer3.1.conv2|layer3.2.conv1|layer3.2.conv2|fc,39,True,22.3279,206652,1.3185,0.0435,0.7949,59.4429,1.6638,0.0368,3.9512,14724.36,89.42,89.8852,89.42,89.5278
SVD rank 0045 [compressed],SVD,conv1|layer1.0.conv1|layer1.0.conv2|layer1.1.conv1|layer1.1.conv2|layer1.2.conv1|layer1.2.conv2|layer2.0.conv1|layer2.0.conv2|layer2.1.conv1|layer2.1.conv2|layer2.2.conv1|layer2.2.conv2|layer3.0.conv1|layer3.0.conv2|layer3.1.conv1|layer3.1.conv2|layer3.2.conv1|layer3.2.conv2|fc,45,False,0.0,227964,1.1953,0.0456,0.8759,58.7153,1.6572,0.0381,4.0627,13786.96,78.55,82.7336,78.55,78.9746
SVD rank 0045 [fine_tuned],SVD,conv1|layer1.0.conv1|layer1.0.conv2|layer1.1.conv1|layer1.1.conv2|layer1.2.conv1|layer1.2.conv2|layer2.0.conv1|layer2.0.conv2|layer2.1.conv1|layer2.1.conv2|layer2.2.conv1|layer2.2.conv2|layer3.0.conv1|layer3.0.conv2|layer3.1.conv1|layer3.1.conv2|layer3.2.conv1|layer3.2.conv2|fc,45,True,12.2349,227964,1.1953,0.0456,0.8762,59.606,1.6456,0.0381,4.0299,13928.65,89.73,90.3383,89.73,89.877
SVD rank 0050 [compressed],SVD,conv1|layer1.0.conv1|layer1.0.conv2|layer1.1.conv1|layer1.1.conv2|layer1.2.conv1|layer1.2.conv2|layer2.0.conv1|layer2.0.conv2|layer2.1.conv1|layer2.1.conv2|layer2.2.conv1|layer2.2.conv2|layer3.0.conv1|layer3.0.conv2|layer3.1.conv1|layer3.1.conv2|layer3.2.conv1|layer3.2.conv2|fc,50,False,0.0,245724,1.1089,0.0474,0.9437,58.7803,1.6039,0.0393,3.8152,14039.06,82.17,84.9522,82.17,82.4826
SVD rank 0050 [fine_tuned],SVD,conv1|layer1.0.conv1|layer1.0.conv2|layer1.1.conv1|layer1.1.conv2|layer1.2.conv1|layer1.2.conv2|layer2.0.conv1|layer2.0.conv2|layer2.1.conv1|layer2.1.conv2|layer2.2.conv1|layer2.2.conv2|layer3.0.conv1|layer3.0.conv2|layer3.1.conv1|layer3.1.conv2|layer3.2.conv1|layer3.2.conv2|fc,50,True,17.0987,245724,1.1089,0.0474,0.944,59.7358,1.6293,0.0393,3.8191,13784.79,90.24,90.349,90.24,90.2083
SVD rank 0058 [compressed],SVD,conv1|layer1.0.conv1|layer1.0.conv2|layer1.1.conv1|layer1.1.conv2|layer1.2.conv1|layer1.2.conv2|layer2.0.conv1|layer2.0.conv2|layer2.1.conv1|layer2.1.conv2|layer2.2.conv1|layer2.2.conv2|layer3.0.conv1|layer3.0.conv2|layer3.1.conv1|layer3.1.conv2|layer3.2.conv1|layer3.2.conv2|fc,58,False,0.0,268828,1.0136,0.0447,1.0318,58.8706,1.6323,0.0408,3.9017,13614.47,84.55,86.2572,84.55,84.709
SVD rank 0058 [fine_tuned],SVD,conv1|layer1.0.conv1|layer1.0.conv2|layer1.1.conv1|layer1.1.conv2|layer1.2.conv1|layer1.2.conv2|layer2.0.conv1|layer2.0.conv2|layer2.1.conv1|layer2.1.conv2|layer2.2.conv1|layer2.2.conv2|layer3.0.conv1|layer3.0.conv2|layer3.1.conv1|layer3.1.conv2|layer3.2.conv1|layer3.2.conv2|fc,58,True,9.8691,268828,1.0136,0.0447,1.0321,59.9165,1.7258,0.0408,3.9123,13372.62,90.37,90.4584,90.37,90.3513
SVD rank 0064 [compressed],SVD,conv1|layer1.0.conv1|layer1.0.conv2|layer1.1.conv1|layer1.1.conv2|layer1.2.conv1|layer1.2.conv2|layer2.0.conv1|layer2.0.conv2|layer2.1.conv1|layer2.1.conv2|layer2.2.conv1|layer2.2.conv2|layer3.0.conv1|layer3.0.conv2|layer3.1.conv1|layer3.1.conv2|layer3.2.conv1|layer3.2.conv2|fc,64,False,0.0,268828,1.0136,0.0458,1.0318,58.8706,1.7186,0.0408,3.8384,13866.54,84.55,86.2572,84.55,84.709
SVD rank 0064 [fine_tuned],SVD,conv1|layer1.0.conv1|layer1.0.conv2|layer1.1.conv1|layer1.1.conv2|layer1.2.conv1|layer1.2.conv2|layer2.0.conv1|layer2.0.conv2|layer2.1.conv1|layer2.1.conv2|layer2.2.conv1|layer2.2.conv2|layer3.0.conv1|layer3.0.conv2|layer3.1.conv1|layer3.1.conv2|layer3.2.conv1|layer3.2.conv2|fc,64,True,19.8191,268828,1.0136,0.0458,1.0321,59.9165,1.6581,0.0408,3.8867,13974.85,91.39,91.438,91.39,91.4002
SVD rank 0075 [compressed],SVD,conv1|layer1.0.conv1|layer1.0.conv2|layer1.1.conv1|layer1.1.conv2|layer1.2.conv1|layer1.2.conv2|layer2.0.conv1|layer2.0.conv2|layer2.1.conv1|layer2.1.conv2|layer2.2.conv1|layer2.2.conv2|layer3.0.conv1|layer3.0.conv2|layer3.1.conv1|layer3.1.conv2|layer3.2.conv1|layer3.2.conv2|fc,75,False,0.0,268828,1.0136,0.0484,1.0318,58.8706,1.669,0.0408,3.9517,13643.44,84.55,86.2572,84.55,84.709
SVD rank 0075 [fine_tuned],SVD,conv1|layer1.0.conv1|layer1.0.conv2|layer1.1.conv1|layer1.1.conv2|layer1.2.conv1|layer1.2.conv2|layer2.0.conv1|layer2.0.conv2|layer2.1.conv1|layer2.1.conv2|layer2.2.conv1|layer2.2.conv2|layer3.0.conv1|layer3.0.conv2|layer3.1.conv1|layer3.1.conv2|layer3.2.conv1|layer3.2.conv2|fc,75,True,9.6924,268828,1.0136,0.0484,1.0321,59.9165,1.6137,0.0408,3.8666,13887.5,90.18,90.4444,90.18,90.2302
SVD rank 0088 [compressed],SVD,conv1|layer1.0.conv1|layer1.0.conv2|layer1.1.conv1|layer1.1.conv2|layer1.2.conv1|layer1.2.conv2|layer2.0.conv1|layer2.0.conv2|layer2.1.conv1|layer2.1.conv2|layer2.2.conv1|layer2.2.conv2|layer3.0.conv1|layer3.0.conv2|layer3.1.conv1|layer3.1.conv2|layer3.2.conv1|layer3.2.conv2|fc,88,False,0.0,268828,1.0136,0.0507,1.0318,58.8706,1.671,0.0408,3.8791,13760.78,84.55,86.2572,84.55,84.709
SVD rank 0088 [fine_tuned],SVD,conv1|layer1.0.conv1|layer1.0.conv2|layer1.1.conv1|layer1.1.conv2|layer1.2.conv1|layer1.2.conv2|layer2.0.conv1|layer2.0.conv2|layer2.1.conv1|layer2.1.conv2|layer2.2.conv1|layer2.2.conv2|layer3.0.conv1|layer3.0.conv2|layer3.1.conv1|layer3.1.conv2|layer3.2.conv1|layer3.2.conv2|fc,88,True,9.8347,268828,1.0136,0.0507,1.0321,59.9165,1.6251,0.0408,4.0926,14028.68,90.34,90.5245,90.34,90.368
SVD rank 0097 [compressed],SVD,conv1|layer1.0.conv1|layer1.0.conv2|layer1.1.conv1|layer1.1.conv2|layer1.2.conv1|layer1.2.conv2|layer2.0.conv1|layer2.0.conv2|layer2.1.conv1|layer2.1.conv2|layer2.2.conv1|layer2.2.conv2|layer3.0.conv1|layer3.0.conv2|layer3.1.conv1|layer3.1.conv2|layer3.2.conv1|layer3.2.conv2|fc,97,False,0.0,268828,1.0136,0.0484,1.0318,58.8706,1.5961,0.0408,3.9376,13902.52,84.55,86.2572,84.55,84.709
SVD rank 0097 [fine_tuned],SVD,conv1|layer1.0.conv1|layer1.0.conv2|layer1.1.conv1|layer1.1.conv2|layer1.2.conv1|layer1.2.conv2|layer2.0.conv1|layer2.0.conv2|layer2.1.conv1|layer2.1.conv2|layer2.2.conv1|layer2.2.conv2|layer3.0.conv1|layer3.0.conv2|layer3.1.conv1|layer3.1.conv2|layer3.2.conv1|layer3.2.conv2|fc,97,True,9.7768,268828,1.0136,0.0484,1.0321,59.9165,1.6276,0.0408,3.9098,13999.59,90.44,90.6636,90.44,90.4887
SVD rank 0113 [compressed],SVD,conv1|layer1.0.conv1|layer1.0.conv2|layer1.1.conv1|layer1.1.conv2|layer1.2.conv1|layer1.2.conv2|layer2.0.conv1|layer2.0.conv2|layer2.1.conv1|layer2.1.conv2|layer2.2.conv1|layer2.2.conv2|layer3.0.conv1|layer3.0.conv2|layer3.1.conv1|layer3.1.conv2|layer3.2.conv1|layer3.2.conv2|fc,113,False,0.0,268828,1.0136,0.0466,1.0318,58.8706,1.5918,0.0408,3.9549,13670.28,84.55,86.2572,84.55,84.709
SVD rank 0113 [fine_tuned],SVD,conv1|layer1.0.conv1|layer1.0.conv2|layer1.1.conv1|layer1.1.conv2|layer1.2.conv1|layer1.2.conv2|layer2.0.conv1|layer2.0.conv2|layer2.1.conv1|layer2.1.conv2|layer2.2.conv1|layer2.2.conv2|layer3.0.conv1|layer3.0.conv2|layer3.1.conv1|layer3.1.conv2|layer3.2.conv1|layer3.2.conv2|fc,113,True,9.9491,268828,1.0136,0.0466,1.0321,59.9165,1.6764,0.0408,3.9485,13657.01,90.07,90.2543,90.07,90.0911
SVD rank 0126 [compressed],SVD,conv1|layer1.0.conv1|layer1.0.conv2|layer1.1.conv1|layer1.1.conv2|layer1.2.conv1|layer1.2.conv2|layer2.0.conv1|layer2.0.conv2|layer2.1.conv1|layer2.1.conv2|layer2.2.conv1|layer2.2.conv2|layer3.0.conv1|layer3.0.conv2|layer3.1.conv1|layer3.1.conv2|layer3.2.conv1|layer3.2.conv2|fc,126,False,0.0,268828,1.0136,0.0465,1.0318,58.8706,1.6408,0.0408,4.1006,13869.46,84.55,86.2572,84.55,84.709
SVD rank 0126 [fine_tuned],SVD,conv1|layer1.0.conv1|layer1.0.conv2|layer1.1.conv1|layer1.1.conv2|layer1.2.conv1|layer1.2.conv2|layer2.0.conv1|layer2.0.conv2|layer2.1.conv1|layer2.1.conv2|layer2.2.conv1|layer2.2.conv2|layer3.0.conv1|layer3.0.conv2|layer3.1.conv1|layer3.1.conv2|layer3.2.conv1|layer3.2.conv2|fc,126,True,12.2977,268828,1.0136,0.0465,1.0321,59.9165,1.6326,0.0408,3.9409,13627.48,90.39,90.6269,90.39,90.425
SVD rank 0147 [compressed],SVD,conv1|layer1.0.conv1|layer1.0.conv2|layer1.1.conv1|layer1.1.conv2|layer1.2.conv1|layer1.2.conv2|layer2.0.conv1|layer2.0.conv2|layer2.1.conv1|layer2.1.conv2|layer2.2.conv1|layer2.2.conv2|layer3.0.conv1|layer3.0.conv2|layer3.1.conv1|layer3.1.conv2|layer3.2.conv1|layer3.2.conv2|fc,147,False,0.0,268828,1.0136,0.0464,1.0318,58.8706,1.7446,0.0408,3.915,13483.2,84.55,86.2572,84.55,84.709
SVD rank 0147 [fine_tuned],SVD,conv1|layer1.0.conv1|layer1.0.conv2|layer1.1.conv1|layer1.1.conv2|layer1.2.conv1|layer1.2.conv2|layer2.0.conv1|layer2.0.conv2|layer2.1.conv1|layer2.1.conv2|layer2.2.conv1|layer2.2.conv2|layer3.0.conv1|layer3.0.conv2|layer3.1.conv1|layer3.1.conv2|layer3.2.conv1|layer3.2.conv2|fc,147,True,9.629,268828,1.0136,0.0464,1.0321,59.9165,1.6392,0.0408,4.0381,14054.42,90.47,90.4462,90.47,90.408
SVD rank 0163 [compressed],SVD,conv1|layer1.0.conv1|layer1.0.conv2|layer1.1.conv1|layer1.1.conv2|layer1.2.conv1|layer1.2.conv2|layer2.0.conv1|layer2.0.conv2|layer2.1.conv1|layer2.1.conv2|layer2.2.conv1|layer2.2.conv2|layer3.0.conv1|layer3.0.conv2|layer3.1.conv1|layer3.1.conv2|layer3.2.conv1|layer3.2.conv2|fc,163,False,0.0,268828,1.0136,0.048,1.0318,58.8706,1.592,0.0408,3.8951,13941.78,84.55,86.2572,84.55,84.709
SVD rank 0163 [fine_tuned],SVD,conv1|layer1.0.conv1|layer1.0.conv2|layer1.1.conv1|layer1.1.conv2|layer1.2.conv1|layer1.2.conv2|layer2.0.conv1|layer2.0.conv2|layer2.1.conv1|layer2.1.conv2|layer2.2.conv1|layer2.2.conv2|layer3.0.conv1|layer3.0.conv2|layer3.1.conv1|layer3.1.conv2|layer3.2.conv1|layer3.2.conv2|fc,163,True,14.7014,268828,1.0136,0.048,1.0321,59.9165,1.6427,0.0408,3.8903,14413.37,90.08,90.2729,90.08,90.1122
SVD rank 0190 [compressed],SVD,conv1|layer1.0.conv1|layer1.0.conv2|layer1.1.conv1|layer1.1.conv2|layer1.2.conv1|layer1.2.conv2|layer2.0.conv1|layer2.0.conv2|layer2.1.conv1|layer2.1.conv2|layer2.2.conv1|layer2.2.conv2|layer3.0.conv1|layer3.0.conv2|layer3.1.conv1|layer3.1.conv2|layer3.2.conv1|layer3.2.conv2|fc,190,False,0.0,268828,1.0136,0.0439,1.0318,58.8706,1.6216,0.0408,3.8382,14146.25,84.55,86.2572,84.55,84.709
SVD rank 0190 [fine_tuned],SVD,conv1|layer1.0.conv1|layer1.0.conv2|layer1.1.conv1|layer1.1.conv2|layer1.2.conv1|layer1.2.conv2|layer2.0.conv1|layer2.0.conv2|layer2.1.conv1|layer2.1.conv2|layer2.2.conv1|layer2.2.conv2|layer3.0.conv1|layer3.0.conv2|layer3.1.conv1|layer3.1.conv2|layer3.2.conv1|layer3.2.conv2|fc,190,True,10.1306,268828,1.0136,0.0439,1.0321,59.9165,1.6647,0.0408,3.8862,14353.58,90.07,90.3805,90.07,90.1211
SVD rank 0223 [compressed],SVD,conv1|layer1.0.conv1|layer1.0.conv2|layer1.1.conv1|layer1.1.conv2|layer1.2.conv1|layer1.2.conv2|layer2.0.conv1|layer2.0.conv2|layer2.1.conv1|layer2.1.conv2|layer2.2.conv1|layer2.2.conv2|layer3.0.conv1|layer3.0.conv2|layer3.1.conv1|layer3.1.conv2|layer3.2.conv1|layer3.2.conv2|fc,223,False,0.0,268828,1.0136,0.0471,1.0318,58.8706,1.6623,0.0408,3.8846,14130.91,84.55,86.2572,84.55,84.709
SVD rank 0223 [fine_tuned],SVD,conv1|layer1.0.conv1|layer1.0.conv2|layer1.1.conv1|layer1.1.conv2|layer1.2.conv1|layer1.2.conv2|layer2.0.conv1|layer2.0.conv2|layer2.1.conv1|layer2.1.conv2|layer2.2.conv1|layer2.2.conv2|layer3.0.conv1|layer3.0.conv2|layer3.1.conv1|layer3.1.conv2|layer3.2.conv1|layer3.2.conv2|fc,223,True,12.21,268828,1.0136,0.0471,1.0321,59.9165,1.6537,0.0408,3.9571,13744.79,90.41,90.7106,90.41,90.3597
SVD rank 0251 [compressed],SVD,conv1|layer1.0.conv1|layer1.0.conv2|layer1.1.conv1|layer1.1.conv2|layer1.2.conv1|layer1.2.conv2|layer2.0.conv1|layer2.0.conv2|layer2.1.conv1|layer2.1.conv2|layer2.2.conv1|layer2.2.conv2|layer3.0.conv1|layer3.0.conv2|layer3.1.conv1|layer3.1.conv2|layer3.2.conv1|layer3.2.conv2|fc,251,False,0.0,268828,1.0136,0.0472,1.0318,58.8706,1.661,0.0408,3.8073,13522.13,84.55,86.2572,84.55,84.709
SVD rank 0251 [fine_tuned],SVD,conv1|layer1.0.conv1|layer1.0.conv2|layer1.1.conv1|layer1.1.conv2|layer1.2.conv1|layer1.2.conv2|layer2.0.conv1|layer2.0.conv2|layer2.1.conv1|layer2.1.conv2|layer2.2.conv1|layer2.2.conv2|layer3.0.conv1|layer3.0.conv2|layer3.1.conv1|layer3.1.conv2|layer3.2.conv1|layer3.2.conv2|fc,251,True,21.848,268828,1.0136,0.0472,1.0321,59.9165,1.6991,0.0408,3.9015,13772.58,91.55,91.6264,91.55,91.5643
SVD rank 0300 [compressed],SVD,conv1|layer1.0.conv1|layer1.0.conv2|layer1.1.conv1|layer1.1.conv2|layer1.2.conv1|layer1.2.conv2|layer2.0.conv1|layer2.0.conv2|layer2.1.conv1|layer2.1.conv2|layer2.2.conv1|layer2.2.conv2|layer3.0.conv1|layer3.0.conv2|layer3.1.conv1|layer3.1.conv2|layer3.2.conv1|layer3.2.conv2|fc,300,False,0.0,268828,1.0136,0.0482,1.0318,58.8706,1.6014,0.0408,3.8907,13667.3,84.55,86.2572,84.55,84.709
SVD rank 0300 [fine_tuned],SVD,conv1|layer1.0.conv1|layer1.0.conv2|layer1.1.conv1|layer1.1.conv2|layer1.2.conv1|layer1.2.conv2|layer2.0.conv1|layer2.0.conv2|layer2.1.conv1|layer2.1.conv2|layer2.2.conv1|layer2.2.conv2|layer3.0.conv1|layer3.0.conv2|layer3.1.conv1|layer3.1.conv2|layer3.2.conv1|layer3.2.conv2|fc,300,True,9.9333,268828,1.0136,0.0482,1.0321,59.9165,1.6316,0.0408,3.9841,13636.88,90.86,90.9267,90.86,90.8503
SVD rank 0337 [compressed],SVD,conv1|layer1.0.conv1|layer1.0.conv2|layer1.1.conv1|layer1.1.conv2|layer1.2.conv1|layer1.2.conv2|layer2.0.conv1|layer2.0.conv2|layer2.1.conv1|layer2.1.conv2|layer2.2.conv1|layer2.2.conv2|layer3.0.conv1|layer3.0.conv2|layer3.1.conv1|layer3.1.conv2|layer3.2.conv1|layer3.2.conv2|fc,337,False,0.0,268828,1.0136,0.0472,1.0318,58.8706,1.5937,0.0408,3.9736,13973.2,84.55,86.2572,84.55,84.709
SVD rank 0337 [fine_tuned],SVD,conv1|layer1.0.conv1|layer1.0.conv2|layer1.1.conv1|layer1.1.conv2|layer1.2.conv1|layer1.2.conv2|layer2.0.conv1|layer2.0.conv2|layer2.1.conv1|layer2.1.conv2|layer2.2.conv1|layer2.2.conv2|layer3.0.conv1|layer3.0.conv2|layer3.1.conv1|layer3.1.conv2|layer3.2.conv1|layer3.2.conv2|fc,337,True,9.8245,268828,1.0136,0.0472,1.0321,59.9165,1.631,0.0408,3.8981,14005.69,90.9,90.9938,90.9,90.9273
SVD rank 0400 [compressed],SVD,conv1|layer1.0.conv1|layer1.0.conv2|layer1.1.conv1|layer1.1.conv2|layer1.2.conv1|layer1.2.conv2|layer2.0.conv1|layer2.0.conv2|layer2.1.conv1|layer2.1.conv2|layer2.2.conv1|layer2.2.conv2|layer3.0.conv1|layer3.0.conv2|layer3.1.conv1|layer3.1.conv2|layer3.2.conv1|layer3.2.conv2|fc,400,False,0.0,268828,1.0136,0.0474,1.0318,58.8706,1.6685,0.0408,3.9243,13872.3,84.55,86.2572,84.55,84.709
SVD rank 0400 [fine_tuned],SVD,conv1|layer1.0.conv1|layer1.0.conv2|layer1.1.conv1|layer1.1.conv2|layer1.2.conv1|layer1.2.conv2|layer2.0.conv1|layer2.0.conv2|layer2.1.conv1|layer2.1.conv2|layer2.2.conv1|layer2.2.conv2|layer3.0.conv1|layer3.0.conv2|layer3.1.conv1|layer3.1.conv2|layer3.2.conv1|layer3.2.conv2|fc,400,True,9.6854,268828,1.0136,0.0474,1.0321,59.9165,1.6522,0.0408,3.9409,14065.89,90.88,90.979,90.88,90.8934
Tucker rank 0002 [compressed],Tucker,conv1|layer1.0.conv1|layer1.0.conv2|layer1.1.conv1|layer1.1.conv2|layer1.2.conv1|layer1.2.conv2|layer2.0.conv1|layer2.0.conv2|layer2.1.conv1|layer2.1.conv2|layer2.2.conv1|layer2.2.conv2|layer3.0.conv1|layer3.0.conv2|layer3.1.conv1|layer3.1.conv2|layer3.2.conv1|layer3.2.conv2|fc,2,False,0.0,7600,35.8518,0.3704,0.0353,51.8774,1.5977,0.0021,4.4393,12786.85,10.0,1.0,10.0,1.8182
Tucker rank 0002 [fine_tuned],Tucker,conv1|layer1.0.conv1|layer1.0.conv2|layer1.1.conv1|layer1.1.conv2|layer1.2.conv1|layer1.2.conv2|layer2.0.conv1|layer2.0.conv2|layer2.1.conv1|layer2.1.conv2|layer2.2.conv1|layer2.2.conv2|layer3.0.conv1|layer3.0.conv2|layer3.1.conv1|layer3.1.conv2|layer3.2.conv1|layer3.2.conv2|fc,2,True,20.0861,7600,35.8518,0.3704,0.0356,51.937,1.6446,0.0021,4.4983,12939.21,29.21,28.7784,29.21,24.4571
Tucker rank 0005 [compressed],Tucker,conv1|layer1.0.conv1|layer1.0.conv2|layer1.1.conv1|layer1.1.conv2|layer1.2.conv1|layer1.2.conv2|layer2.0.conv1|layer2.0.conv2|layer2.1.conv1|layer2.1.conv2|layer2.2.conv1|layer2.2.conv2|layer3.0.conv1|layer3.0.conv2|layer3.1.conv1|layer3.1.conv2|layer3.2.conv1|layer3.2.conv2|fc,5,False,0.0,15262,17.8531,0.4493,0.0645,53.4043,1.6264,0.0049,4.4249,12536.22,10.0,1.0,10.0,1.8182
Tucker rank 0005 [fine_tuned],Tucker,conv1|layer1.0.conv1|layer1.0.conv2|layer1.1.conv1|layer1.1.conv2|layer1.2.conv1|layer1.2.conv2|layer2.0.conv1|layer2.0.conv2|layer2.1.conv1|layer2.1.conv2|layer2.2.conv1|layer2.2.conv2|layer3.0.conv1|layer3.0.conv2|layer3.1.conv1|layer3.1.conv2|layer3.2.conv1|layer3.2.conv2|fc,5,True,20.5072,15262,17.8531,0.4493,0.0648,53.4907,1.657,0.0049,4.5158,12762.86,52.72,54.7205,52.72,52.0399
Tucker rank 0008 [compressed],Tucker,conv1|layer1.0.conv1|layer1.0.conv2|layer1.1.conv1|layer1.1.conv2|layer1.2.conv1|layer1.2.conv2|layer2.0.conv1|layer2.0.conv2|layer2.1.conv1|layer2.1.conv2|layer2.2.conv1|layer2.2.conv2|layer3.0.conv1|layer3.0.conv2|layer3.1.conv1|layer3.1.conv2|layer3.2.conv1|layer3.2.conv2|fc,8,False,0.0,25819,10.5532,0.4745,0.1048,54.9429,1.6554,0.0089,4.4791,12002.59,9.7,3.9805,9.7,2.8928
Tucker rank 0008 [fine_tuned],Tucker,conv1|layer1.0.conv1|layer1.0.conv2|layer1.1.conv1|layer1.1.conv2|layer1.2.conv1|layer1.2.conv2|layer2.0.conv1|layer2.0.conv2|layer2.1.conv1|layer2.1.conv2|layer2.2.conv1|layer2.2.conv2|layer3.0.conv1|layer3.0.conv2|layer3.1.conv1|layer3.1.conv2|layer3.2.conv1|layer3.2.conv2|fc,8,True,20.9518,25819,10.5532,0.4745,0.1051,55.0615,1.6847,0.0089,4.4933,12985.29,68.35,68.8482,68.35,67.6362
Tucker rank 0011 [compressed],Tucker,conv1|layer1.0.conv1|layer1.0.conv2|layer1.1.conv1|layer1.1.conv2|layer1.2.conv1|layer1.2.conv2|layer2.0.conv1|layer2.0.conv2|layer2.1.conv1|layer2.1.conv2|layer2.2.conv1|layer2.2.conv2|layer3.0.conv1|layer3.0.conv2|layer3.1.conv1|layer3.1.conv2|layer3.2.conv1|layer3.2.conv2|fc,11,False,0.0,39218,6.9477,0.4774,0.1559,57.5029,1.6895,0.0143,4.5202,11736.41,10.01,1.2303,10.01,1.868
Tucker rank 0011 [fine_tuned],Tucker,conv1|layer1.0.conv1|layer1.0.conv2|layer1.1.conv1|layer1.1.conv2|layer1.2.conv1|layer1.2.conv2|layer2.0.conv1|layer2.0.conv2|layer2.1.conv1|layer2.1.conv2|layer2.2.conv1|layer2.2.conv2|layer3.0.conv1|layer3.0.conv2|layer3.1.conv1|layer3.1.conv2|layer3.2.conv1|layer3.2.conv2|fc,11,True,21.1466,39218,6.9477,0.4774,0.1562,57.6812,1.5935,0.0143,4.3358,13018.55,74.33,75.1332,74.33,74.0665
Tucker rank 0013 [compressed],Tucker,conv1|layer1.0.conv1|layer1.0.conv2|layer1.1.conv1|layer1.1.conv2|layer1.2.conv1|layer1.2.conv2|layer2.0.conv1|layer2.0.conv2|layer2.1.conv1|layer2.1.conv2|layer2.2.conv1|layer2.2.conv2|layer3.0.conv1|layer3.0.conv2|layer3.1.conv1|layer3.1.conv2|layer3.2.conv1|layer3.2.conv2|fc,13,False,0.0,49672,5.4855,0.5336,0.1958,57.5405,1.7124,0.0185,4.6358,11979.47,9.92,1.283,9.92,1.9093
Tucker rank 0013 [fine_tuned],Tucker,conv1|layer1.0.conv1|layer1.0.conv2|layer1.1.conv1|layer1.1.conv2|layer1.2.conv1|layer1.2.conv2|layer2.0.conv1|layer2.0.conv2|layer2.1.conv1|layer2.1.conv2|layer2.2.conv1|layer2.2.conv2|layer3.0.conv1|layer3.0.conv2|layer3.1.conv1|layer3.1.conv2|layer3.2.conv1|layer3.2.conv2|fc,13,True,23.3507,49672,5.4855,0.5336,0.1961,57.7563,1.6417,0.0185,4.7444,12052.89,77.04,79.1466,77.04,76.3764
Tucker rank 0016 [compressed],Tucker,conv1|layer1.0.conv1|layer1.0.conv2|layer1.1.conv1|layer1.1.conv2|layer1.2.conv1|layer1.2.conv2|layer2.0.conv1|layer2.0.conv2|layer2.1.conv1|layer2.1.conv2|layer2.2.conv1|layer2.2.conv2|layer3.0.conv1|layer3.0.conv2|layer3.1.conv1|layer3.1.conv2|layer3.2.conv1|layer3.2.conv2|fc,16,False,0.0,67783,4.0198,0.5941,0.2649,59.1069,1.7406,0.0261,4.93,11674.82,10.59,3.9257,10.59,3.548
Tucker rank 0016 [fine_tuned],Tucker,conv1|layer1.0.conv1|layer1.0.conv2|layer1.1.conv1|layer1.1.conv2|layer1.2.conv1|layer1.2.conv2|layer2.0.conv1|layer2.0.conv2|layer2.1.conv1|layer2.1.conv2|layer2.2.conv1|layer2.2.conv2|layer3.0.conv1|layer3.0.conv2|layer3.1.conv1|layer3.1.conv2|layer3.2.conv1|layer3.2.conv2|fc,16,True,25.1012,67783,4.0198,0.5941,0.2652,59.3813,1.6499,0.0261,4.7124,11804.6,80.58,81.3952,80.58,80.6816
Tucker rank 0019 [compressed],Tucker,conv1|layer1.0.conv1|layer1.0.conv2|layer1.1.conv1|layer1.1.conv2|layer1.2.conv1|layer1.2.conv2|layer2.0.conv1|layer2.0.conv2|layer2.1.conv1|layer2.1.conv2|layer2.2.conv1|layer2.2.conv2|layer3.0.conv1|layer3.0.conv2|layer3.1.conv1|layer3.1.conv2|layer3.2.conv1|layer3.2.conv2|fc,19,False,0.0,81874,3.328,0.618,0.3186,59.1685,1.6869,0.0282,4.6903,11540.22,13.32,22.7084,13.32,6.4515
Tucker rank 0019 [fine_tuned],Tucker,conv1|layer1.0.conv1|layer1.0.conv2|layer1.1.conv1|layer1.1.conv2|layer1.2.conv1|layer1.2.conv2|layer2.0.conv1|layer2.0.conv2|layer2.1.conv1|layer2.1.conv2|layer2.2.conv1|layer2.2.conv2|layer3.0.conv1|layer3.0.conv2|layer3.1.conv1|layer3.1.conv2|layer3.2.conv1|layer3.2.conv2|fc,19,True,25.1546,81874,3.328,0.618,0.3189,59.5044,1.7097,0.0282,4.7627,11600.12,80.84,81.7816,80.84,80.1175
Tucker rank 0023 [compressed],Tucker,conv1|layer1.0.conv1|layer1.0.conv2|layer1.1.conv1|layer1.1.conv2|layer1.2.conv1|layer1.2.conv2|layer2.0.conv1|layer2.0.conv2|layer2.1.conv1|layer2.1.conv2|layer2.2.conv1|layer2.2.conv2|layer3.0.conv1|layer3.0.conv2|layer3.1.conv1|layer3.1.conv2|layer3.2.conv1|layer3.2.conv2|fc,23,False,0.0,103434,2.6343,0.5818,0.4009,59.2515,1.6668,0.0314,4.7284,11660.53,21.81,43.741,21.81,15.412
Tucker rank 0023 [fine_tuned],Tucker,conv1|layer1.0.conv1|layer1.0.conv2|layer1.1.conv1|layer1.1.conv2|layer1.2.conv1|layer1.2.conv2|layer2.0.conv1|layer2.0.conv2|layer2.1.conv1|layer2.1.conv2|layer2.2.conv1|layer2.2.conv2|layer3.0.conv1|layer3.0.conv2|layer3.1.conv1|layer3.1.conv2|layer3.2.conv1|layer3.2.conv2|fc,23,True,26.6204,103434,2.6343,0.5818,0.4012,59.6704,1.6961,0.0314,4.5735,11940.07,82.98,83.7914,82.98,82.9494
Tucker rank 0027 [compressed],Tucker,conv1|layer1.0.conv1|layer1.0.conv2|layer1.1.conv1|layer1.1.conv2|layer1.2.conv1|layer1.2.conv2|layer2.0.conv1|layer2.0.conv2|layer2.1.conv1|layer2.1.conv2|layer2.2.conv1|layer2.2.conv2|layer3.0.conv1|layer3.0.conv2|layer3.1.conv1|layer3.1.conv2|layer3.2.conv1|layer3.2.conv2|fc,27,False,0.0,128162,2.126,0.5894,0.4952,59.3457,1.6869,0.0351,4.48,11690.14,31.08,63.9487,31.08,27.9495
Tucker rank 0027 [fine_tuned],Tucker,conv1|layer1.0.conv1|layer1.0.conv2|layer1.1.conv1|layer1.1.conv2|layer1.2.conv1|layer1.2.conv2|layer2.0.conv1|layer2.0.conv2|layer2.1.conv1|layer2.1.conv2|layer2.2.conv1|layer2.2.conv2|layer3.0.conv1|layer3.0.conv2|layer3.1.conv1|layer3.1.conv2|layer3.2.conv1|layer3.2.conv2|fc,27,True,27.132,128162,2.126,0.5894,0.4955,59.8589,1.6738,0.0351,4.6033,12248.08,85.63,86.059,85.63,85.5548
Tucker rank 0031 [compressed],Tucker,conv1|layer1.0.conv1|layer1.0.conv2|layer1.1.conv1|layer1.1.conv2|layer1.2.conv1|layer1.2.conv2|layer2.0.conv1|layer2.0.conv2|layer2.1.conv1|layer2.1.conv2|layer2.2.conv1|layer2.2.conv2|layer3.0.conv1|layer3.0.conv2|layer3.1.conv1|layer3.1.conv2|layer3.2.conv1|layer3.2.conv2|fc,31,False,0.0,156058,1.746,0.612,0.6016,60.7881,1.6778,0.0393,4.7451,11696.29,52.42,75.1609,52.42,50.7506
Tucker rank 0031 [fine_tuned],Tucker,conv1|layer1.0.conv1|layer1.0.conv2|layer1.1.conv1|layer1.1.conv2|layer1.2.conv1|layer1.2.conv2|layer2.0.conv1|layer2.0.conv2|layer2.1.conv1|layer2.1.conv2|layer2.2.conv1|layer2.2.conv2|layer3.0.conv1|layer3.0.conv2|layer3.1.conv1|layer3.1.conv2|layer3.2.conv1|layer3.2.conv2|fc,31,True,27.4908,156058,1.746,0.612,0.6019,61.4058,1.6351,0.0393,4.6245,11839.69,89.13,89.3092,89.13,89.1367
Tucker rank 0037 [compressed],Tucker,conv1|layer1.0.conv1|layer1.0.conv2|layer1.1.conv1|layer1.1.conv2|layer1.2.conv1|layer1.2.conv2|layer2.0.conv1|layer2.0.conv2|layer2.1.conv1|layer2.1.conv2|layer2.2.conv1|layer2.2.conv2|layer3.0.conv1|layer3.0.conv2|layer3.1.conv1|layer3.1.conv2|layer3.2.conv1|layer3.2.conv2|fc,37,False,0.0,184012,1.4807,0.6358,0.7082,61.7158,1.6836,0.0418,4.6939,11568.66,72.71,79.3946,72.71,71.9325
Tucker rank 0037 [fine_tuned],Tucker,conv1|layer1.0.conv1|layer1.0.conv2|layer1.1.conv1|layer1.1.conv2|layer1.2.conv1|layer1.2.conv2|layer2.0.conv1|layer2.0.conv2|layer2.1.conv1|layer2.1.conv2|layer2.2.conv1|layer2.2.conv2|layer3.0.conv1|layer3.0.conv2|layer3.1.conv1|layer3.1.conv2|layer3.2.conv1|layer3.2.conv2|fc,37,True,22.0302,184012,1.4807,0.6358,0.7085,62.4385,1.7123,0.0418,4.5357,11416.61,89.31,89.3429,89.31,89.3047
Tucker rank 0040 [compressed],Tucker,conv1|layer1.0.conv1|layer1.0.conv2|layer1.1.conv1|layer1.1.conv2|layer1.2.conv1|layer1.2.conv2|layer2.0.conv1|layer2.0.conv2|layer2.1.conv1|layer2.1.conv2|layer2.2.conv1|layer2.2.conv2|layer3.0.conv1|layer3.0.conv2|layer3.1.conv1|layer3.1.conv2|layer3.2.conv1|layer3.2.conv2|fc,40,False,0.0,197383,1.3804,0.6222,0.7593,61.7632,1.656,0.0426,4.5977,11375.2,74.05,80.988,74.05,73.7393
Tucker rank 0040 [fine_tuned],Tucker,conv1|layer1.0.conv1|layer1.0.conv2|layer1.1.conv1|layer1.1.conv2|layer1.2.conv1|layer1.2.conv2|layer2.0.conv1|layer2.0.conv2|layer2.1.conv1|layer2.1.conv2|layer2.2.conv1|layer2.2.conv2|layer3.0.conv1|layer3.0.conv2|layer3.1.conv1|layer3.1.conv2|layer3.2.conv1|layer3.2.conv2|fc,40,True,24.9845,197383,1.3804,0.6222,0.7596,62.5332,1.6948,0.0426,4.4834,11706.49,89.26,89.4775,89.26,89.2833
Tucker rank 0047 [compressed],Tucker,conv1|layer1.0.conv1|layer1.0.conv2|layer1.1.conv1|layer1.1.conv2|layer1.2.conv1|layer1.2.conv2|layer2.0.conv1|layer2.0.conv2|layer2.1.conv1|layer2.1.conv2|layer2.2.conv1|layer2.2.conv2|layer3.0.conv1|layer3.0.conv2|layer3.1.conv1|layer3.1.conv2|layer3.2.conv1|layer3.2.conv2|fc,47,False,0.0,231732,1.1758,0.6554,0.8903,61.8975,1.6816,0.0448,4.6311,11927.75,86.74,88.0058,86.74,86.8377
Tucker rank 0047 [fine_tuned],Tucker,conv1|layer1.0.conv1|layer1.0.conv2|layer1.1.conv1|layer1.1.conv2|layer1.2.conv1|layer1.2.conv2|layer2.0.conv1|layer2.0.conv2|layer2.1.conv1|layer2.1.conv2|layer2.2.conv1|layer2.2.conv2|layer3.0.conv1|layer3.0.conv2|layer3.1.conv1|layer3.1.conv2|layer3.2.conv1|layer3.2.conv2|fc,47,True,21.9094,231732,1.1758,0.6554,0.8906,62.8018,1.6095,0.0448,4.424,12471.17,91.05,91.068,91.05,91.0301
Tucker rank 0054 [compressed],Tucker,conv1|layer1.0.conv1|layer1.0.conv2|layer1.1.conv1|layer1.1.conv2|layer1.2.conv1|layer1.2.conv2|layer2.0.conv1|layer2.0.conv2|layer2.1.conv1|layer2.1.conv2|layer2.2.conv1|layer2.2.conv2|layer3.0.conv1|layer3.0.conv2|layer3.1.conv1|layer3.1.conv2|layer3.2.conv1|layer3.2.conv2|fc,54,False,0.0,270491,1.0073,0.6125,1.0381,62.0435,1.6708,0.0473,4.4225,11778.49,90.32,90.7994,90.32,90.4235
Tucker rank 0054 [fine_tuned],Tucker,conv1|layer1.0.conv1|layer1.0.conv2|layer1.1.conv1|layer1.1.conv2|layer1.2.conv1|layer1.2.conv2|layer2.0.conv1|layer2.0.conv2|layer2.1.conv1|layer2.1.conv2|layer2.2.conv1|layer2.2.conv2|layer3.0.conv1|layer3.0.conv2|layer3.1.conv1|layer3.1.conv2|layer3.2.conv1|layer3.2.conv2|fc,54,True,10.9728,270491,1.0073,0.6125,1.0384,63.0938,1.6438,0.0473,4.5604,11950.6,91.75,91.7673,91.75,91.7499
Tucker rank 0061 [compressed],Tucker,conv1|layer1.0.conv1|layer1.0.conv2|layer1.1.conv1|layer1.1.conv2|layer1.2.conv1|layer1.2.conv2|layer2.0.conv1|layer2.0.conv2|layer2.1.conv1|layer2.1.conv2|layer2.2.conv1|layer2.2.conv2|layer3.0.conv1|layer3.0.conv2|layer3.1.conv1|layer3.1.conv2|layer3.2.conv1|layer3.2.conv2|fc,61,False,0.0,313660,0.8687,0.6491,1.2028,62.2095,1.7593,0.0501,4.5269,11173.38,91.73,91.8864,91.73,91.7624
Tucker rank 0061 [fine_tuned],Tucker,conv1|layer1.0.conv1|layer1.0.conv2|layer1.1.conv1|layer1.1.conv2|layer1.2.conv1|layer1.2.conv2|layer2.0.conv1|layer2.0.conv2|layer2.1.conv1|layer2.1.conv2|layer2.2.conv1|layer2.2.conv2|layer3.0.conv1|layer3.0.conv2|layer3.1.conv1|layer3.1.conv2|layer3.2.conv1|layer3.2.conv2|fc,61,True,11.1267,313660,0.8687,0.6491,1.2031,63.4258,1.6129,0.0501,4.5877,12349.58,92.31,92.3278,92.31,92.3138
Tucker rank 0070 [compressed],Tucker,conv1|layer1.0.conv1|layer1.0.conv2|layer1.1.conv1|layer1.1.conv2|layer1.2.conv1|layer1.2.conv2|layer2.0.conv1|layer2.0.conv2|layer2.1.conv1|layer2.1.conv2|layer2.2.conv1|layer2.2.conv2|layer3.0.conv1|layer3.0.conv2|layer3.1.conv1|layer3.1.conv2|layer3.2.conv1|layer3.2.conv2|fc,70,False,0.0,333511,0.817,0.9791,1.2785,62.2812,1.6861,0.0513,4.4188,11666.6,92.12,92.1765,92.12,92.1321
Tucker rank 0070 [fine_tuned],Tucker,conv1|layer1.0.conv1|layer1.0.conv2|layer1.1.conv1|layer1.1.conv2|layer1.2.conv1|layer1.2.conv2|layer2.0.conv1|layer2.0.conv2|layer2.1.conv1|layer2.1.conv2|layer2.2.conv1|layer2.2.conv2|layer3.0.conv1|layer3.0.conv2|layer3.1.conv1|layer3.1.conv2|layer3.2.conv1|layer3.2.conv2|fc,70,True,11.099,333511,0.817,0.9791,1.2788,63.5693,1.6289,0.0513,4.4903,12020.79,92.41,92.4167,92.41,92.4103
Tucker rank 0081 [compressed],Tucker,conv1|layer1.0.conv1|layer1.0.conv2|layer1.1.conv1|layer1.1.conv2|layer1.2.conv1|layer1.2.conv2|layer2.0.conv1|layer2.0.conv2|layer2.1.conv1|layer2.1.conv2|layer2.2.conv1|layer2.2.conv2|layer3.0.conv1|layer3.0.conv2|layer3.1.conv1|layer3.1.conv2|layer3.2.conv1|layer3.2.conv2|fc,81,False,0.0,333511,0.817,0.9873,1.2785,62.2812,1.604,0.0513,4.5197,12201.73,92.12,92.1765,92.12,92.1321
Tucker rank 0081 [fine_tuned],Tucker,conv1|layer1.0.conv1|layer1.0.conv2|layer1.1.conv1|layer1.1.conv2|layer1.2.conv1|layer1.2.conv2|layer2.0.conv1|layer2.0.conv2|layer2.1.conv1|layer2.1.conv2|layer2.2.conv1|layer2.2.conv2|layer3.0.conv1|layer3.0.conv2|layer3.1.conv1|layer3.1.conv2|layer3.2.conv1|layer3.2.conv2|fc,81,True,11.1885,333511,0.817,0.9873,1.2788,63.5693,1.5995,0.0513,4.8683,12281.86,92.37,92.3887,92.37,92.3739
Tucker rank 0092 [compressed],Tucker,conv1|layer1.0.conv1|layer1.0.conv2|layer1.1.conv1|layer1.1.conv2|layer1.2.conv1|layer1.2.conv2|layer2.0.conv1|layer2.0.conv2|layer2.1.conv1|layer2.1.conv2|layer2.2.conv1|layer2.2.conv2|layer3.0.conv1|layer3.0.conv2|layer3.1.conv1|layer3.1.conv2|layer3.2.conv1|layer3.2.conv2|fc,92,False,0.0,333511,0.817,1.0025,1.2785,62.2812,1.7078,0.0513,4.4522,12330.29,92.12,92.1765,92.12,92.1321
Tucker rank 0092 [fine_tuned],Tucker,conv1|layer1.0.conv1|layer1.0.conv2|layer1.1.conv1|layer1.1.conv2|layer1.2.conv1|layer1.2.conv2|layer2.0.conv1|layer2.0.conv2|layer2.1.conv1|layer2.1.conv2|layer2.2.conv1|layer2.2.conv2|layer3.0.conv1|layer3.0.conv2|layer3.1.conv1|layer3.1.conv2|layer3.2.conv1|layer3.2.conv2|fc,92,True,11.2453,333511,0.817,1.0025,1.2788,63.5693,1.6427,0.0513,4.5517,12805.06,92.42,92.4321,92.42,92.421
Tucker rank 0104 [compressed],Tucker,conv1|layer1.0.conv1|layer1.0.conv2|layer1.1.conv1|layer1.1.conv2|layer1.2.conv1|layer1.2.conv2|layer2.0.conv1|layer2.0.conv2|layer2.1.conv1|layer2.1.conv2|layer2.2.conv1|layer2.2.conv2|layer3.0.conv1|layer3.0.conv2|layer3.1.conv1|layer3.1.conv2|layer3.2.conv1|layer3.2.conv2|fc,104,False,0.0,333511,0.817,1.0237,1.2785,62.2812,1.619,0.0513,4.7508,12109.7,92.12,92.1765,92.12,92.1321
Tucker rank 0104 [fine_tuned],Tucker,conv1|layer1.0.conv1|layer1.0.conv2|layer1.1.conv1|layer1.1.conv2|layer1.2.conv1|layer1.2.conv2|layer2.0.conv1|layer2.0.conv2|layer2.1.conv1|layer2.1.conv2|layer2.2.conv1|layer2.2.conv2|layer3.0.conv1|layer3.0.conv2|layer3.1.conv1|layer3.1.conv2|layer3.2.conv1|layer3.2.conv2|fc,104,True,11.2026,333511,0.817,1.0237,1.2788,63.5693,1.6344,0.0513,4.4945,11844.96,92.41,92.4199,92.41,92.4118
Tucker rank 0114 [compressed],Tucker,conv1|layer1.0.conv1|layer1.0.conv2|layer1.1.conv1|layer1.1.conv2|layer1.2.conv1|layer1.2.conv2|layer2.0.conv1|layer2.0.conv2|layer2.1.conv1|layer2.1.conv2|layer2.2.conv1|layer2.2.conv2|layer3.0.conv1|layer3.0.conv2|layer3.1.conv1|layer3.1.conv2|layer3.2.conv1|layer3.2.conv2|fc,114,False,0.0,333511,0.817,0.9786,1.2785,62.2812,1.6651,0.0513,4.4845,11826.81,92.12,92.1765,92.12,92.1321
Tucker rank 0114 [fine_tuned],Tucker,conv1|layer1.0.conv1|layer1.0.conv2|layer1.1.conv1|layer1.1.conv2|layer1.2.conv1|layer1.2.conv2|layer2.0.conv1|layer2.0.conv2|layer2.1.conv1|layer2.1.conv2|layer2.2.conv1|layer2.2.conv2|layer3.0.conv1|layer3.0.conv2|layer3.1.conv1|layer3.1.conv2|layer3.2.conv1|layer3.2.conv2|fc,114,True,11.0848,333511,0.817,0.9786,1.2788,63.5693,1.5728,0.0513,4.4974,12115.93,92.45,92.4694,92.45,92.4567
Tucker rank 0128 [compressed],Tucker,conv1|layer1.0.conv1|layer1.0.conv2|layer1.1.conv1|layer1.1.conv2|layer1.2.conv1|layer1.2.conv2|layer2.0.conv1|layer2.0.conv2|layer2.1.conv1|layer2.1.conv2|layer2.2.conv1|layer2.2.conv2|layer3.0.conv1|layer3.0.conv2|layer3.1.conv1|layer3.1.conv2|layer3.2.conv1|layer3.2.conv2|fc,128,False,0.0,333511,0.817,0.9915,1.2785,62.2812,1.6499,0.0513,4.4948,11746.28,92.12,92.1765,92.12,92.1321
Tucker rank 0128 [fine_tuned],Tucker,conv1|layer1.0.conv1|layer1.0.conv2|layer1.1.conv1|layer1.1.conv2|layer1.2.conv1|layer1.2.conv2|layer2.0.conv1|layer2.0.conv2|layer2.1.conv1|layer2.1.conv2|layer2.2.conv1|layer2.2.conv2|layer3.0.conv1|layer3.0.conv2|layer3.1.conv1|layer3.1.conv2|layer3.2.conv1|layer3.2.conv2|fc,128,True,11.1299,333511,0.817,0.9915,1.2788,63.5693,1.6706,0.0513,4.4818,11920.22,92.35,92.4117,92.35,92.3699
Tucker rank 0147 [compressed],Tucker,conv1|layer1.0.conv1|layer1.0.conv2|layer1.1.conv1|layer1.1.conv2|layer1.2.conv1|layer1.2.conv2|layer2.0.conv1|layer2.0.conv2|layer2.1.conv1|layer2.1.conv2|layer2.2.conv1|layer2.2.conv2|layer3.0.conv1|layer3.0.conv2|layer3.1.conv1|layer3.1.conv2|layer3.2.conv1|layer3.2.conv2|fc,147,False,0.0,333511,0.817,0.9886,1.2785,62.2812,1.6271,0.0513,4.3718,11956.91,92.12,92.1765,92.12,92.1321
Tucker rank 0147 [fine_tuned],Tucker,conv1|layer1.0.conv1|layer1.0.conv2|layer1.1.conv1|layer1.1.conv2|layer1.2.conv1|layer1.2.conv2|layer2.0.conv1|layer2.0.conv2|layer2.1.conv1|layer2.1.conv2|layer2.2.conv1|layer2.2.conv2|layer3.0.conv1|layer3.0.conv2|layer3.1.conv1|layer3.1.conv2|layer3.2.conv1|layer3.2.conv2|fc,147,True,11.1486,333511,0.817,0.9886,1.2788,63.5693,1.6271,0.0513,4.52,11962.23,92.33,92.3716,92.33,92.3439
Tucker rank 0167 [compressed],Tucker,conv1|layer1.0.conv1|layer1.0.conv2|layer1.1.conv1|layer1.1.conv2|layer1.2.conv1|layer1.2.conv2|layer2.0.conv1|layer2.0.conv2|layer2.1.conv1|layer2.1.conv2|layer2.2.conv1|layer2.2.conv2|layer3.0.conv1|layer3.0.conv2|layer3.1.conv1|layer3.1.conv2|layer3.2.conv1|layer3.2.conv2|fc,167,False,0.0,333511,0.817,0.9961,1.2785,62.2812,1.7021,0.0513,4.507,11466.44,92.12,92.1765,92.12,92.1321
Tucker rank 0167 [fine_tuned],Tucker,conv1|layer1.0.conv1|layer1.0.conv2|layer1.1.conv1|layer1.1.conv2|layer1.2.conv1|layer1.2.conv2|layer2.0.conv1|layer2.0.conv2|layer2.1.conv1|layer2.1.conv2|layer2.2.conv1|layer2.2.conv2|layer3.0.conv1|layer3.0.conv2|layer3.1.conv1|layer3.1.conv2|layer3.2.conv1|layer3.2.conv2|fc,167,True,11.2423,333511,0.817,0.9961,1.2788,63.5693,1.638,0.0513,4.5091,12680.5,92.39,92.4117,92.39,92.3946
Tucker rank 0188 [compressed],Tucker,conv1|layer1.0.conv1|layer1.0.conv2|layer1.1.conv1|layer1.1.conv2|layer1.2.conv1|layer1.2.conv2|layer2.0.conv1|layer2.0.conv2|layer2.1.conv1|layer2.1.conv2|layer2.2.conv1|layer2.2.conv2|layer3.0.conv1|layer3.0.conv2|layer3.1.conv1|layer3.1.conv2|layer3.2.conv1|layer3.2.conv2|fc,188,False,0.0,333511,0.817,0.9758,1.2785,62.2812,1.7016,0.0513,4.5332,11970.19,92.12,92.1765,92.12,92.1321
Tucker rank 0188 [fine_tuned],Tucker,conv1|layer1.0.conv1|layer1.0.conv2|layer1.1.conv1|layer1.1.conv2|layer1.2.conv1|layer1.2.conv2|layer2.0.conv1|layer2.0.conv2|layer2.1.conv1|layer2.1.conv2|layer2.2.conv1|layer2.2.conv2|layer3.0.conv1|layer3.0.conv2|layer3.1.conv1|layer3.1.conv2|layer3.2.conv1|layer3.2.conv2|fc,188,True,11.0992,333511,0.817,0.9758,1.2788,63.5693,1.6206,0.0513,4.8895,12356.22,92.44,92.4595,92.44,92.4408
Tucker rank 0213 [compressed],Tucker,conv1|layer1.0.conv1|layer1.0.conv2|layer1.1.conv1|layer1.1.conv2|layer1.2.conv1|layer1.2.conv2|layer2.0.conv1|layer2.0.conv2|layer2.1.conv1|layer2.1.conv2|layer2.2.conv1|layer2.2.conv2|layer3.0.conv1|layer3.0.conv2|layer3.1.conv1|layer3.1.conv2|layer3.2.conv1|layer3.2.conv2|fc,213,False,0.0,333511,0.817,0.9962,1.2785,62.2812,1.6099,0.0513,4.5216,12070.98,92.12,92.1765,92.12,92.1321
Tucker rank 0213 [fine_tuned],Tucker,conv1|layer1.0.conv1|layer1.0.conv2|layer1.1.conv1|layer1.1.conv2|layer1.2.conv1|layer1.2.conv2|layer2.0.conv1|layer2.0.conv2|layer2.1.conv1|layer2.1.conv2|layer2.2.conv1|layer2.2.conv2|layer3.0.conv1|layer3.0.conv2|layer3.1.conv1|layer3.1.conv2|layer3.2.conv1|layer3.2.conv2|fc,213,True,11.1483,333511,0.817,0.9962,1.2788,63.5693,1.624,0.0513,4.4336,12072.42,92.47,92.4786,92.47,92.4705
Tucker rank 0239 [compressed],Tucker,conv1|layer1.0.conv1|layer1.0.conv2|layer1.1.conv1|layer1.1.conv2|layer1.2.conv1|layer1.2.conv2|layer2.0.conv1|layer2.0.conv2|layer2.1.conv1|layer2.1.conv2|layer2.2.conv1|layer2.2.conv2|layer3.0.conv1|layer3.0.conv2|layer3.1.conv1|layer3.1.conv2|layer3.2.conv1|layer3.2.conv2|fc,239,False,0.0,333511,0.817,1.0424,1.2785,62.2812,1.6067,0.0513,4.4811,11658.26,92.12,92.1765,92.12,92.1321
Tucker rank 0239 [fine_tuned],Tucker,conv1|layer1.0.conv1|layer1.0.conv2|layer1.1.conv1|layer1.1.conv2|layer1.2.conv1|layer1.2.conv2|layer2.0.conv1|layer2.0.conv2|layer2.1.conv1|layer2.1.conv2|layer2.2.conv1|layer2.2.conv2|layer3.0.conv1|layer3.0.conv2|layer3.1.conv1|layer3.1.conv2|layer3.2.conv1|layer3.2.conv2|fc,239,True,11.2004,333511,0.817,1.0424,1.2788,63.5693,1.6346,0.0513,4.4558,11829.47,92.4,92.4131,92.4,92.4037
Tucker rank 0259 [compressed],Tucker,conv1|layer1.0.conv1|layer1.0.conv2|layer1.1.conv1|layer1.1.conv2|layer1.2.conv1|layer1.2.conv2|layer2.0.conv1|layer2.0.conv2|layer2.1.conv1|layer2.1.conv2|layer2.2.conv1|layer2.2.conv2|layer3.0.conv1|layer3.0.conv2|layer3.1.conv1|layer3.1.conv2|layer3.2.conv1|layer3.2.conv2|fc,259,False,0.0,333511,0.817,0.9809,1.2785,62.2812,1.6914,0.0513,4.4288,12286.91,92.12,92.1765,92.12,92.1321
Tucker rank 0259 [fine_tuned],Tucker,conv1|layer1.0.conv1|layer1.0.conv2|layer1.1.conv1|layer1.1.conv2|layer1.2.conv1|layer1.2.conv2|layer2.0.conv1|layer2.0.conv2|layer2.1.conv1|layer2.1.conv2|layer2.2.conv1|layer2.2.conv2|layer3.0.conv1|layer3.0.conv2|layer3.1.conv1|layer3.1.conv2|layer3.2.conv1|layer3.2.conv2|fc,259,True,11.2831,333511,0.817,0.9809,1.2788,63.5693,1.644,0.0513,4.4757,12071.35,92.46,92.5099,92.46,92.4754
Tucker rank 0302 [compressed],Tucker,conv1|layer1.0.conv1|layer1.0.conv2|layer1.1.conv1|layer1.1.conv2|layer1.2.conv1|layer1.2.conv2|layer2.0.conv1|layer2.0.conv2|layer2.1.conv1|layer2.1.conv2|layer2.2.conv1|layer2.2.conv2|layer3.0.conv1|layer3.0.conv2|layer3.1.conv1|layer3.1.conv2|layer3.2.conv1|layer3.2.conv2|fc,302,False,0.0,333511,0.817,0.9873,1.2785,62.2812,1.6074,0.0513,4.4649,11841.01,92.12,92.1765,92.12,92.1321
Tucker rank 0302 [fine_tuned],Tucker,conv1|layer1.0.conv1|layer1.0.conv2|layer1.1.conv1|layer1.1.conv2|layer1.2.conv1|layer1.2.conv2|layer2.0.conv1|layer2.0.conv2|layer2.1.conv1|layer2.1.conv2|layer2.2.conv1|layer2.2.conv2|layer3.0.conv1|layer3.0.conv2|layer3.1.conv1|layer3.1.conv2|layer3.2.conv1|layer3.2.conv2|fc,302,True,11.0841,333511,0.817,0.9873,1.2788,63.5693,1.6347,0.0513,4.5645,11891.22,92.44,92.4368,92.44,92.4366
Tucker rank 0349 [compressed],Tucker,conv1|layer1.0.conv1|layer1.0.conv2|layer1.1.conv1|layer1.1.conv2|layer1.2.conv1|layer1.2.conv2|layer2.0.conv1|layer2.0.conv2|layer2.1.conv1|layer2.1.conv2|layer2.2.conv1|layer2.2.conv2|layer3.0.conv1|layer3.0.conv2|layer3.1.conv1|layer3.1.conv2|layer3.2.conv1|layer3.2.conv2|fc,349,False,0.0,333511,0.817,0.9949,1.2785,62.2812,1.6802,0.0513,4.5345,12109.88,92.12,92.1765,92.12,92.1321
Tucker rank 0349 [fine_tuned],Tucker,conv1|layer1.0.conv1|layer1.0.conv2|layer1.1.conv1|layer1.1.conv2|layer1.2.conv1|layer1.2.conv2|layer2.0.conv1|layer2.0.conv2|layer2.1.conv1|layer2.1.conv2|layer2.2.conv1|layer2.2.conv2|layer3.0.conv1|layer3.0.conv2|layer3.1.conv1|layer3.1.conv2|layer3.2.conv1|layer3.2.conv2|fc,349,True,11.0618,333511,0.817,0.9949,1.2788,63.5693,1.6804,0.0513,4.593,12108.59,92.29,92.3088,92.29,92.2971
Tucker rank 0400 [compressed],Tucker,conv1|layer1.0.conv1|layer1.0.conv2|layer1.1.conv1|layer1.1.conv2|layer1.2.conv1|layer1.2.conv2|layer2.0.conv1|layer2.0.conv2|layer2.1.conv1|layer2.1.conv2|layer2.2.conv1|layer2.2.conv2|layer3.0.conv1|layer3.0.conv2|layer3.1.conv1|layer3.1.conv2|layer3.2.conv1|layer3.2.conv2|fc,400,False,0.0,333511,0.817,0.9938,1.2785,62.2812,1.6665,0.0513,4.5353,11441.19,92.12,92.1765,92.12,92.1321
Tucker rank 0400 [fine_tuned],Tucker,conv1|layer1.0.conv1|layer1.0.conv2|layer1.1.conv1|layer1.1.conv2|layer1.2.conv1|layer1.2.conv2|layer2.0.conv1|layer2.0.conv2|layer2.1.conv1|layer2.1.conv2|layer2.2.conv1|layer2.2.conv2|layer3.0.conv1|layer3.0.conv2|layer3.1.conv1|layer3.1.conv2|layer3.2.conv1|layer3.2.conv2|fc,400,True,11.1981,333511,0.817,0.9938,1.2788,63.5693,1.6703,0.0513,4.5961,11757.21,92.4,92.4146,92.4,92.4014
TT rank 0002 [compressed],TT,conv1|layer1.0.conv1|layer1.0.conv2|layer1.1.conv1|layer1.1.conv2|layer1.2.conv1|layer1.2.conv2|layer2.0.conv1|layer2.0.conv2|layer2.1.conv1|layer2.1.conv2|layer2.2.conv1|layer2.2.conv2|layer3.0.conv1|layer3.0.conv2|layer3.1.conv1|layer3.1.conv2|layer3.2.conv1|layer3.2.conv2|fc,2,False,0.0,8512,32.0106,0.0539,0.0388,57.1035,1.9334,0.0011,9.4999,7072.37,10.0,1.0,10.0,1.8182
TT rank 0002 [fine_tuned],TT,conv1|layer1.0.conv1|layer1.0.conv2|layer1.1.conv1|layer1.1.conv2|layer1.2.conv1|layer1.2.conv2|layer2.0.conv1|layer2.0.conv2|layer2.1.conv1|layer2.1.conv2|layer2.2.conv1|layer2.2.conv2|layer3.0.conv1|layer3.0.conv2|layer3.1.conv1|layer3.1.conv2|layer3.2.conv1|layer3.2.conv2|fc,2,True,29.116,8512,32.0106,0.0539,0.0397,57.1748,1.954,0.0011,9.6372,6405.57,29.04,25.8728,29.04,26.0795
TT rank 0004 [compressed],TT,conv1|layer1.0.conv1|layer1.0.conv2|layer1.1.conv1|layer1.1.conv2|layer1.2.conv1|layer1.2.conv2|layer2.0.conv1|layer2.0.conv2|layer2.1.conv1|layer2.1.conv2|layer2.2.conv1|layer2.2.conv2|layer3.0.conv1|layer3.0.conv2|layer3.1.conv1|layer3.1.conv2|layer3.2.conv1|layer3.2.conv2|fc,4,False,0.0,18073,15.0763,0.056,0.0752,57.1338,1.8859,0.0011,9.8117,6841.26,10.0,1.0,10.0,1.8182
TT rank 0004 [fine_tuned],TT,conv1|layer1.0.conv1|layer1.0.conv2|layer1.1.conv1|layer1.1.conv2|layer1.2.conv1|layer1.2.conv2|layer2.0.conv1|layer2.0.conv2|layer2.1.conv1|layer2.1.conv2|layer2.2.conv1|layer2.2.conv2|layer3.0.conv1|layer3.0.conv2|layer3.1.conv1|layer3.1.conv2|layer3.2.conv1|layer3.2.conv2|fc,4,True,28.4473,18073,15.0763,0.056,0.0762,57.2354,1.9116,0.0011,9.7283,7089.1,54.4,54.5581,54.4,53.6115
TT rank 0007 [compressed],TT,conv1|layer1.0.conv1|layer1.0.conv2|layer1.1.conv1|layer1.1.conv2|layer1.2.conv1|layer1.2.conv2|layer2.0.conv1|layer2.0.conv2|layer2.1.conv1|layer2.1.conv2|layer2.2.conv1|layer2.2.conv2|layer3.0.conv1|layer3.0.conv2|layer3.1.conv1|layer3.1.conv2|layer3.2.conv1|layer3.2.conv2|fc,7,False,0.0,41563,6.5557,0.057,0.1648,57.229,1.9387,0.0011,10.0639,6641.29,10.11,1.9528,10.11,3.2673
TT rank 0007 [fine_tuned],TT,conv1|layer1.0.conv1|layer1.0.conv2|layer1.1.conv1|layer1.1.conv2|layer1.2.conv1|layer1.2.conv2|layer2.0.conv1|layer2.0.conv2|layer2.1.conv1|layer2.1.conv2|layer2.2.conv1|layer2.2.conv2|layer3.0.conv1|layer3.0.conv2|layer3.1.conv1|layer3.1.conv2|layer3.2.conv1|layer3.2.conv2|fc,7,True,28.7527,41563,6.5557,0.057,0.1658,57.4258,1.9109,0.0011,9.4213,7424.82,71.27,71.257,71.27,70.9525
TT rank 0009 [compressed],TT,conv1|layer1.0.conv1|layer1.0.conv2|layer1.1.conv1|layer1.1.conv2|layer1.2.conv1|layer1.2.conv2|layer2.0.conv1|layer2.0.conv2|layer2.1.conv1|layer2.1.conv2|layer2.2.conv1|layer2.2.conv2|layer3.0.conv1|layer3.0.conv2|layer3.1.conv1|layer3.1.conv2|layer3.2.conv1|layer3.2.conv2|fc,9,False,0.0,63493,4.2914,0.0586,0.2485,57.3149,1.8376,0.0011,9.7119,6946.41,10.74,7.0091,10.74,3.2131
TT rank 0009 [fine_tuned],TT,conv1|layer1.0.conv1|layer1.0.conv2|layer1.1.conv1|layer1.1.conv2|layer1.2.conv1|layer1.2.conv2|layer2.0.conv1|layer2.0.conv2|layer2.1.conv1|layer2.1.conv2|layer2.2.conv1|layer2.2.conv2|layer3.0.conv1|layer3.0.conv2|layer3.1.conv1|layer3.1.conv2|layer3.2.conv1|layer3.2.conv2|fc,9,True,29.7022,63493,4.2914,0.0586,0.2494,57.5977,1.9369,0.0011,9.445,6458.43,74.98,77.1397,74.98,75.1306
TT rank 0011 [compressed],TT,conv1|layer1.0.conv1|layer1.0.conv2|layer1.1.conv1|layer1.1.conv2|layer1.2.conv1|layer1.2.conv2|layer2.0.conv1|layer2.0.conv2|layer2.1.conv1|layer2.1.conv2|layer2.2.conv1|layer2.2.conv2|layer3.0.conv1|layer3.0.conv2|layer3.1.conv1|layer3.1.conv2|layer3.2.conv1|layer3.2.conv2|fc,11,False,0.0,76229,3.5744,0.0587,0.2971,57.3589,1.8899,0.0011,9.6866,6855.72,10.72,3.2615,10.72,3.52
TT rank 0011 [fine_tuned],TT,conv1|layer1.0.conv1|layer1.0.conv2|layer1.1.conv1|layer1.1.conv2|layer1.2.conv1|layer1.2.conv2|layer2.0.conv1|layer2.0.conv2|layer2.1.conv1|layer2.1.conv2|layer2.2.conv1|layer2.2.conv2|layer3.0.conv1|layer3.0.conv2|layer3.1.conv1|layer3.1.conv2|layer3.2.conv1|layer3.2.conv2|fc,11,True,28.7022,76229,3.5744,0.0587,0.298,57.6855,1.879,0.0011,9.8322,6324.61,77.78,78.6954,77.78,77.3266
TT rank 0014 [compressed],TT,conv1|layer1.0.conv1|layer1.0.conv2|layer1.1.conv1|layer1.1.conv2|layer1.2.conv1|layer1.2.conv2|layer2.0.conv1|layer2.0.conv2|layer2.1.conv1|layer2.1.conv2|layer2.2.conv1|layer2.2.conv2|layer3.0.conv1|layer3.0.conv2|layer3.1.conv1|layer3.1.conv2|layer3.2.conv1|layer3.2.conv2|fc,14,False,0.0,95222,2.8615,0.0568,0.3695,57.4272,1.8715,0.0011,9.582,6948.95,12.99,2.8696,12.99,4.6572
TT rank 0014 [fine_tuned],TT,conv1|layer1.0.conv1|layer1.0.conv2|layer1.1.conv1|layer1.1.conv2|layer1.2.conv1|layer1.2.conv2|layer2.0.conv1|layer2.0.conv2|layer2.1.conv1|layer2.1.conv2|layer2.2.conv1|layer2.2.conv2|layer3.0.conv1|layer3.0.conv2|layer3.1.conv1|layer3.1.conv2|layer3.2.conv1|layer3.2.conv2|fc,14,True,29.0464,95222,2.8615,0.0568,0.3705,57.8223,1.8912,0.0011,9.5132,6342.5,80.97,81.237,80.97,80.5171
TT rank 0016 [compressed],TT,conv1|layer1.0.conv1|layer1.0.conv2|layer1.1.conv1|layer1.1.conv2|layer1.2.conv1|layer1.2.conv2|layer2.0.conv1|layer2.0.conv2|layer2.1.conv1|layer2.1.conv2|layer2.2.conv1|layer2.2.conv2|layer3.0.conv1|layer3.0.conv2|layer3.1.conv1|layer3.1.conv2|layer3.2.conv1|layer3.2.conv2|fc,16,False,0.0,107884,2.5256,0.0667,0.4178,57.4712,1.9341,0.0011,9.7024,6978.84,10.41,13.0952,10.41,4.6206
TT rank 0016 [fine_tuned],TT,conv1|layer1.0.conv1|layer1.0.conv2|layer1.1.conv1|layer1.1.conv2|layer1.2.conv1|layer1.2.conv2|layer2.0.conv1|layer2.0.conv2|layer2.1.conv1|layer2.1.conv2|layer2.2.conv1|layer2.2.conv2|layer3.0.conv1|layer3.0.conv2|layer3.1.conv1|layer3.1.conv2|layer3.2.conv1|layer3.2.conv2|fc,16,True,28.7895,107884,2.5256,0.0667,0.4188,57.9102,1.8145,0.0011,9.3677,6751.48,79.76,81.8708,79.76,79.3357
TT rank 0018 [compressed],TT,conv1|layer1.0.conv1|layer1.0.conv2|layer1.1.conv1|layer1.1.conv2|layer1.2.conv1|layer1.2.conv2|layer2.0.conv1|layer2.0.conv2|layer2.1.conv1|layer2.1.conv2|layer2.2.conv1|layer2.2.conv2|layer3.0.conv1|layer3.0.conv2|layer3.1.conv1|layer3.1.conv2|layer3.2.conv1|layer3.2.conv2|fc,18,False,0.0,118540,2.2986,0.0559,0.4585,57.5151,1.8692,0.0011,9.3502,6979.21,8.88,16.2114,8.88,3.4199
TT rank 0018 [fine_tuned],TT,conv1|layer1.0.conv1|layer1.0.conv2|layer1.1.conv1|layer1.1.conv2|layer1.2.conv1|layer1.2.conv2|layer2.0.conv1|layer2.0.conv2|layer2.1.conv1|layer2.1.conv2|layer2.2.conv1|layer2.2.conv2|layer3.0.conv1|layer3.0.conv2|layer3.1.conv1|layer3.1.conv2|layer3.2.conv1|layer3.2.conv2|fc,18,True,28.4972,118540,2.2986,0.0559,0.4594,57.998,1.9119,0.0011,9.588,6780.41,83.63,84.4896,83.63,83.5907
TT rank 0021 [compressed],TT,conv1|layer1.0.conv1|layer1.0.conv2|layer1.1.conv1|layer1.1.conv2|layer1.2.conv1|layer1.2.conv2|layer2.0.conv1|layer2.0.conv2|layer2.1.conv1|layer2.1.conv2|layer2.2.conv1|layer2.2.conv2|layer3.0.conv1|layer3.0.conv2|layer3.1.conv1|layer3.1.conv2|layer3.2.conv1|layer3.2.conv2|fc,21,False,0.0,134524,2.0255,0.0591,0.5195,57.5801,1.8533,0.0011,10.2012,6600.63,12.44,16.9721,12.44,6.3699
TT rank 0021 [fine_tuned],TT,conv1|layer1.0.conv1|layer1.0.conv2|layer1.1.conv1|layer1.1.conv2|layer1.2.conv1|layer1.2.conv2|layer2.0.conv1|layer2.0.conv2|layer2.1.conv1|layer2.1.conv2|layer2.2.conv1|layer2.2.conv2|layer3.0.conv1|layer3.0.conv2|layer3.1.conv1|layer3.1.conv2|layer3.2.conv1|layer3.2.conv2|fc,21,True,29.3363,134524,2.0255,0.0591,0.5204,58.1279,1.896,0.0011,9.5516,7053.49,83.98,84.3683,83.98,83.9325
TT rank 0025 [compressed],TT,conv1|layer1.0.conv1|layer1.0.conv2|layer1.1.conv1|layer1.1.conv2|layer1.2.conv1|layer1.2.conv2|layer2.0.conv1|layer2.0.conv2|layer2.1.conv1|layer2.1.conv2|layer2.2.conv1|layer2.2.conv2|layer3.0.conv1|layer3.0.conv2|layer3.1.conv1|layer3.1.conv2|layer3.2.conv1|layer3.2.conv2|fc,25,False,0.0,155836,1.7485,0.0592,0.6008,57.6616,1.8769,0.0011,9.6337,6715.84,27.34,59.2303,27.34,23.6682
TT rank 0025 [fine_tuned],TT,conv1|layer1.0.conv1|layer1.0.conv2|layer1.1.conv1|layer1.1.conv2|layer1.2.conv1|layer1.2.conv2|layer2.0.conv1|layer2.0.conv2|layer2.1.conv1|layer2.1.conv2|layer2.2.conv1|layer2.2.conv2|layer3.0.conv1|layer3.0.conv2|layer3.1.conv1|layer3.1.conv2|layer3.2.conv1|layer3.2.conv2|fc,25,True,29.4233,155836,1.7485,0.0592,0.6017,58.291,1.9146,0.0011,9.8396,6201.66,86.95,87.1031,86.95,86.938
TT rank 0028 [compressed],TT,conv1|layer1.0.conv1|layer1.0.conv2|layer1.1.conv1|layer1.1.conv2|layer1.2.conv1|layer1.2.conv2|layer2.0.conv1|layer2.0.conv2|layer2.1.conv1|layer2.1.conv2|layer2.2.conv1|layer2.2.conv2|layer3.0.conv1|layer3.0.conv2|layer3.1.conv1|layer3.1.conv2|layer3.2.conv1|layer3.2.conv2|fc,28,False,0.0,171820,1.5858,0.0599,0.6617,57.7153,1.9156,0.0011,9.6856,6609.51,51.52,71.8691,51.52,50.6215
TT rank 0028 [fine_tuned],TT,conv1|layer1.0.conv1|layer1.0.conv2|layer1.1.conv1|layer1.1.conv2|layer1.2.conv1|layer1.2.conv2|layer2.0.conv1|layer2.0.conv2|layer2.1.conv1|layer2.1.conv2|layer2.2.conv1|layer2.2.conv2|layer3.0.conv1|layer3.0.conv2|layer3.1.conv1|layer3.1.conv2|layer3.2.conv1|layer3.2.conv2|fc,28,True,29.5987,171820,1.5858,0.0599,0.6627,58.3984,1.9612,0.0011,9.6357,6780.48,88.73,89.5925,88.73,88.9081
TT rank 0031 [compressed],TT,conv1|layer1.0.conv1|layer1.0.conv2|layer1.1.conv1|layer1.1.conv2|layer1.2.conv1|layer1.2.conv2|layer2.0.conv1|layer2.0.conv2|layer2.1.conv1|layer2.1.conv2|layer2.2.conv1|layer2.2.conv2|layer3.0.conv1|layer3.0.conv2|layer3.1.conv1|layer3.1.conv2|layer3.2.conv1|layer3.2.conv2|fc,31,False,0.0,187804,1.4508,0.0605,0.7227,57.7803,1.9524,0.0011,10.754,6731.04,56.67,74.6781,56.67,53.1318
TT rank 0031 [fine_tuned],TT,conv1|layer1.0.conv1|layer1.0.conv2|layer1.1.conv1|layer1.1.conv2|layer1.2.conv1|layer1.2.conv2|layer2.0.conv1|layer2.0.conv2|layer2.1.conv1|layer2.1.conv2|layer2.2.conv1|layer2.2.conv2|layer3.0.conv1|layer3.0.conv2|layer3.1.conv1|layer3.1.conv2|layer3.2.conv1|layer3.2.conv2|fc,31,True,29.5374,187804,1.4508,0.0605,0.7236,58.5283,1.8715,0.0011,9.6984,6436.13,89.82,89.8797,89.82,89.7637
TT rank 0038 [compressed],TT,conv1|layer1.0.conv1|layer1.0.conv2|layer1.1.conv1|layer1.1.conv2|layer1.2.conv1|layer1.2.conv2|layer2.0.conv1|layer2.0.conv2|layer2.1.conv1|layer2.1.conv2|layer2.2.conv1|layer2.2.conv2|layer3.0.conv1|layer3.0.conv2|layer3.1.conv1|layer3.1.conv2|layer3.2.conv1|layer3.2.conv2|fc,38,False,0.0,214444,1.2706,0.0628,0.8243,57.8779,1.9394,0.0011,9.9049,6434.09,81.22,85.516,81.22,81.8178
TT rank 0038 [fine_tuned],TT,conv1|layer1.0.conv1|layer1.0.conv2|layer1.1.conv1|layer1.1.conv2|layer1.2.conv1|layer1.2.conv2|layer2.0.conv1|layer2.0.conv2|layer2.1.conv1|layer2.1.conv2|layer2.2.conv1|layer2.2.conv2|layer3.0.conv1|layer3.0.conv2|layer3.1.conv1|layer3.1.conv2|layer3.2.conv1|layer3.2.conv2|fc,38,True,23.6197,214444,1.2706,0.0628,0.8252,58.7236,1.835,0.0011,9.8522,6833.97,90.32,90.3574,90.32,90.3179
TT rank 0042 [compressed],TT,conv1|layer1.0.conv1|layer1.0.conv2|layer1.1.conv1|layer1.1.conv2|layer1.2.conv1|layer1.2.conv2|layer2.0.conv1|layer2.0.conv2|layer2.1.conv1|layer2.1.conv2|layer2.2.conv1|layer2.2.conv2|layer3.0.conv1|layer3.0.conv2|layer3.1.conv1|layer3.1.conv2|layer3.2.conv1|layer3.2.conv2|fc,42,False,0.0,228652,1.1917,0.063,0.8785,57.9321,1.9068,0.0011,9.4093,6589.24,85.38,87.0773,85.38,85.6486
TT rank 0042 [fine_tuned],TT,conv1|layer1.0.conv1|layer1.0.conv2|layer1.1.conv1|layer1.1.conv2|layer1.2.conv1|layer1.2.conv2|layer2.0.conv1|layer2.0.conv2|layer2.1.conv1|layer2.1.conv2|layer2.2.conv1|layer2.2.conv2|layer3.0.conv1|layer3.0.conv2|layer3.1.conv1|layer3.1.conv2|layer3.2.conv1|layer3.2.conv2|fc,42,True,14.0822,228652,1.1917,0.063,0.8794,58.832,1.8556,0.0011,9.494,6601.37,90.22,90.4604,90.22,90.2885
TT rank 0048 [compressed],TT,conv1|layer1.0.conv1|layer1.0.conv2|layer1.1.conv1|layer1.1.conv2|layer1.2.conv1|layer1.2.conv2|layer2.0.conv1|layer2.0.conv2|layer2.1.conv1|layer2.1.conv2|layer2.2.conv1|layer2.2.conv2|layer3.0.conv1|layer3.0.conv2|layer3.1.conv1|layer3.1.conv2|layer3.2.conv1|layer3.2.conv2|fc,48,False,0.0,249964,1.0901,0.0625,0.9598,58.0132,1.8794,0.0011,9.5729,6464.29,88.73,89.5427,88.73,88.878
TT rank 0048 [fine_tuned],TT,conv1|layer1.0.conv1|layer1.0.conv2|layer1.1.conv1|layer1.1.conv2|layer1.2.conv1|layer1.2.conv2|layer2.0.conv1|layer2.0.conv2|layer2.1.conv1|layer2.1.conv2|layer2.2.conv1|layer2.2.conv2|layer3.0.conv1|layer3.0.conv2|layer3.1.conv1|layer3.1.conv2|layer3.2.conv1|layer3.2.conv2|fc,48,True,11.9122,249964,1.0901,0.0625,0.9607,58.9941,1.8401,0.0011,9.5949,6506.27,91.42,91.4527,91.42,91.4123
TT rank 0057 [compressed],TT,conv1|layer1.0.conv1|layer1.0.conv2|layer1.1.conv1|layer1.1.conv2|layer1.2.conv1|layer1.2.conv2|layer2.0.conv1|layer2.0.conv2|layer2.1.conv1|layer2.1.conv2|layer2.2.conv1|layer2.2.conv2|layer3.0.conv1|layer3.0.conv2|layer3.1.conv1|layer3.1.conv2|layer3.2.conv1|layer3.2.conv2|fc,57,False,0.0,281932,0.9665,0.0642,1.0818,58.1382,1.8993,0.0011,10.3612,6314.43,91.4,91.6043,91.4,91.4467
TT rank 0057 [fine_tuned],TT,conv1|layer1.0.conv1|layer1.0.conv2|layer1.1.conv1|layer1.1.conv2|layer1.2.conv1|layer1.2.conv2|layer2.0.conv1|layer2.0.conv2|layer2.1.conv1|layer2.1.conv2|layer2.2.conv1|layer2.2.conv2|layer3.0.conv1|layer3.0.conv2|layer3.1.conv1|layer3.1.conv2|layer3.2.conv1|layer3.2.conv2|fc,57,True,11.5947,281932,0.9665,0.0642,1.0827,59.2441,1.8939,0.0011,9.558,7635.98,92.27,92.2921,92.27,92.2777
TT rank 0064 [compressed],TT,conv1|layer1.0.conv1|layer1.0.conv2|layer1.1.conv1|layer1.1.conv2|layer1.2.conv1|layer1.2.conv2|layer2.0.conv1|layer2.0.conv2|layer2.1.conv1|layer2.1.conv2|layer2.2.conv1|layer2.2.conv2|layer3.0.conv1|layer3.0.conv2|layer3.1.conv1|layer3.1.conv2|layer3.2.conv1|layer3.2.conv2|fc,64,False,0.0,306796,0.8881,0.0616,1.1766,58.23,1.8617,0.0011,9.5485,6889.65,92.12,92.1765,92.12,92.1321
TT rank 0064 [fine_tuned],TT,conv1|layer1.0.conv1|layer1.0.conv2|layer1.1.conv1|layer1.1.conv2|layer1.2.conv1|layer1.2.conv2|layer2.0.conv1|layer2.0.conv2|layer2.1.conv1|layer2.1.conv2|layer2.2.conv1|layer2.2.conv2|layer3.0.conv1|layer3.0.conv2|layer3.1.conv1|layer3.1.conv2|layer3.2.conv1|layer3.2.conv2|fc,64,True,11.5069,306796,0.8881,0.0616,1.1775,59.4277,1.8252,0.0011,9.4495,6866.29,92.52,92.5381,92.52,92.524
TT rank 0072 [compressed],TT,conv1|layer1.0.conv1|layer1.0.conv2|layer1.1.conv1|layer1.1.conv2|layer1.2.conv1|layer1.2.conv2|layer2.0.conv1|layer2.0.conv2|layer2.1.conv1|layer2.1.conv2|layer2.2.conv1|layer2.2.conv2|layer3.0.conv1|layer3.0.conv2|layer3.1.conv1|layer3.1.conv2|layer3.2.conv1|layer3.2.conv2|fc,72,False,0.0,306796,0.8881,0.0696,1.1766,58.23,1.8331,0.0011,10.0492,6532.08,92.12,92.1765,92.12,92.1321
TT rank 0072 [fine_tuned],TT,conv1|layer1.0.conv1|layer1.0.conv2|layer1.1.conv1|layer1.1.conv2|layer1.2.conv1|layer1.2.conv2|layer2.0.conv1|layer2.0.conv2|layer2.1.conv1|layer2.1.conv2|layer2.2.conv1|layer2.2.conv2|layer3.0.conv1|layer3.0.conv2|layer3.1.conv1|layer3.1.conv2|layer3.2.conv1|layer3.2.conv2|fc,72,True,11.8256,306796,0.8881,0.0696,1.1775,59.4277,1.8218,0.0011,9.5054,7343.43,92.18,92.2289,92.18,92.1969
TT rank 0086 [compressed],TT,conv1|layer1.0.conv1|layer1.0.conv2|layer1.1.conv1|layer1.1.conv2|layer1.2.conv1|layer1.2.conv2|layer2.0.conv1|layer2.0.conv2|layer2.1.conv1|layer2.1.conv2|layer2.2.conv1|layer2.2.conv2|layer3.0.conv1|layer3.0.conv2|layer3.1.conv1|layer3.1.conv2|layer3.2.conv1|layer3.2.conv2|fc,86,False,0.0,306796,0.8881,0.0617,1.1766,58.23,1.8397,0.0011,9.4795,7394.01,92.12,92.1765,92.12,92.1321
TT rank 0086 [fine_tuned],TT,conv1|layer1.0.conv1|layer1.0.conv2|layer1.1.conv1|layer1.1.conv2|layer1.2.conv1|layer1.2.conv2|layer2.0.conv1|layer2.0.conv2|layer2.1.conv1|layer2.1.conv2|layer2.2.conv1|layer2.2.conv2|layer3.0.conv1|layer3.0.conv2|layer3.1.conv1|layer3.1.conv2|layer3.2.conv1|layer3.2.conv2|fc,86,True,11.4834,306796,0.8881,0.0617,1.1775,59.4277,1.8353,0.0011,9.5241,6503.07,92.34,92.3425,92.34,92.3392
TT rank 0096 [compressed],TT,conv1|layer1.0.conv1|layer1.0.conv2|layer1.1.conv1|layer1.1.conv2|layer1.2.conv1|layer1.2.conv2|layer2.0.conv1|layer2.0.conv2|layer2.1.conv1|layer2.1.conv2|layer2.2.conv1|layer2.2.conv2|layer3.0.conv1|layer3.0.conv2|layer3.1.conv1|layer3.1.conv2|layer3.2.conv1|layer3.2.conv2|fc,96,False,0.0,306796,0.8881,0.0624,1.1766,58.23,1.7915,0.0011,9.4169,6717.59,92.12,92.1765,92.12,92.1321
TT rank 0096 [fine_tuned],TT,conv1|layer1.0.conv1|layer1.0.conv2|layer1.1.conv1|layer1.1.conv2|layer1.2.conv1|layer1.2.conv2|layer2.0.conv1|layer2.0.conv2|layer2.1.conv1|layer2.1.conv2|layer2.2.conv1|layer2.2.conv2|layer3.0.conv1|layer3.0.conv2|layer3.1.conv1|layer3.1.conv2|layer3.2.conv1|layer3.2.conv2|fc,96,True,11.3782,306796,0.8881,0.0624,1.1775,59.4277,1.8009,0.0011,9.4187,6722.27,92.24,92.2586,92.24,92.2452
TT rank 0108 [compressed],TT,conv1|layer1.0.conv1|layer1.0.conv2|layer1.1.conv1|layer1.1.conv2|layer1.2.conv1|layer1.2.conv2|layer2.0.conv1|layer2.0.conv2|layer2.1.conv1|layer2.1.conv2|layer2.2.conv1|layer2.2.conv2|layer3.0.conv1|layer3.0.conv2|layer3.1.conv1|layer3.1.conv2|layer3.2.conv1|layer3.2.conv2|fc,108,False,0.0,306796,0.8881,0.0607,1.1766,58.23,1.8305,0.0011,9.4097,7017.85,92.12,92.1765,92.12,92.1321
TT rank 0108 [fine_tuned],TT,conv1|layer1.0.conv1|layer1.0.conv2|layer1.1.conv1|layer1.1.conv2|layer1.2.conv1|layer1.2.conv2|layer2.0.conv1|layer2.0.conv2|layer2.1.conv1|layer2.1.conv2|layer2.2.conv1|layer2.2.conv2|layer3.0.conv1|layer3.0.conv2|layer3.1.conv1|layer3.1.conv2|layer3.2.conv1|layer3.2.conv2|fc,108,True,11.2854,306796,0.8881,0.0607,1.1775,59.4277,1.8831,0.0011,9.5456,6607.53,92.28,92.3235,92.28,92.2937
TT rank 0129 [compressed],TT,conv1|layer1.0.conv1|layer1.0.conv2|layer1.1.conv1|layer1.1.conv2|layer1.2.conv1|layer1.2.conv2|layer2.0.conv1|layer2.0.conv2|layer2.1.conv1|layer2.1.conv2|layer2.2.conv1|layer2.2.conv2|layer3.0.conv1|layer3.0.conv2|layer3.1.conv1|layer3.1.conv2|layer3.2.conv1|layer3.2.conv2|fc,129,False,0.0,306796,0.8881,0.0626,1.1766,58.23,1.8559,0.0011,9.295,6851.42,92.12,92.1765,92.12,92.1321
TT rank 0129 [fine_tuned],TT,conv1|layer1.0.conv1|layer1.0.conv2|layer1.1.conv1|layer1.1.conv2|layer1.2.conv1|layer1.2.conv2|layer2.0.conv1|layer2.0.conv2|layer2.1.conv1|layer2.1.conv2|layer2.2.conv1|layer2.2.conv2|layer3.0.conv1|layer3.0.conv2|layer3.1.conv1|layer3.1.conv2|layer3.2.conv1|layer3.2.conv2|fc,129,True,11.4813,306796,0.8881,0.0626,1.1775,59.4277,1.8332,0.0011,9.4016,6551.45,92.43,92.4587,92.43,92.4371
TT rank 0146 [compressed],TT,conv1|layer1.0.conv1|layer1.0.conv2|layer1.1.conv1|layer1.1.conv2|layer1.2.conv1|layer1.2.conv2|layer2.0.conv1|layer2.0.conv2|layer2.1.conv1|layer2.1.conv2|layer2.2.conv1|layer2.2.conv2|layer3.0.conv1|layer3.0.conv2|layer3.1.conv1|layer3.1.conv2|layer3.2.conv1|layer3.2.conv2|fc,146,False,0.0,306796,0.8881,0.0608,1.1766,58.23,1.8382,0.0011,9.8109,6444.7,92.12,92.1765,92.12,92.1321
TT rank 0146 [fine_tuned],TT,conv1|layer1.0.conv1|layer1.0.conv2|layer1.1.conv1|layer1.1.conv2|layer1.2.conv1|layer1.2.conv2|layer2.0.conv1|layer2.0.conv2|layer2.1.conv1|layer2.1.conv2|layer2.2.conv1|layer2.2.conv2|layer3.0.conv1|layer3.0.conv2|layer3.1.conv1|layer3.1.conv2|layer3.2.conv1|layer3.2.conv2|fc,146,True,11.5548,306796,0.8881,0.0608,1.1775,59.4277,1.9148,0.0011,9.371,6659.59,92.29,92.3455,92.29,92.3057
TT rank 0164 [compressed],TT,conv1|layer1.0.conv1|layer1.0.conv2|layer1.1.conv1|layer1.1.conv2|layer1.2.conv1|layer1.2.conv2|layer2.0.conv1|layer2.0.conv2|layer2.1.conv1|layer2.1.conv2|layer2.2.conv1|layer2.2.conv2|layer3.0.conv1|layer3.0.conv2|layer3.1.conv1|layer3.1.conv2|layer3.2.conv1|layer3.2.conv2|fc,164,False,0.0,306796,0.8881,0.0634,1.1766,58.23,1.8408,0.0011,9.6197,6591.54,92.12,92.1765,92.12,92.1321
TT rank 0164 [fine_tuned],TT,conv1|layer1.0.conv1|layer1.0.conv2|layer1.1.conv1|layer1.1.conv2|layer1.2.conv1|layer1.2.conv2|layer2.0.conv1|layer2.0.conv2|layer2.1.conv1|layer2.1.conv2|layer2.2.conv1|layer2.2.conv2|layer3.0.conv1|layer3.0.conv2|layer3.1.conv1|layer3.1.conv2|layer3.2.conv1|layer3.2.conv2|fc,164,True,11.5041,306796,0.8881,0.0634,1.1775,59.4277,1.8305,0.0011,9.8244,7454.39,92.3,92.3259,92.3,92.3074
TT rank 0185 [compressed],TT,conv1|layer1.0.conv1|layer1.0.conv2|layer1.1.conv1|layer1.1.conv2|layer1.2.conv1|layer1.2.conv2|layer2.0.conv1|layer2.0.conv2|layer2.1.conv1|layer2.1.conv2|layer2.2.conv1|layer2.2.conv2|layer3.0.conv1|layer3.0.conv2|layer3.1.conv1|layer3.1.conv2|layer3.2.conv1|layer3.2.conv2|fc,185,False,0.0,306796,0.8881,0.0654,1.1766,58.23,1.7991,0.0011,9.4354,6708.36,92.12,92.1765,92.12,92.1321
TT rank 0185 [fine_tuned],TT,conv1|layer1.0.conv1|layer1.0.conv2|layer1.1.conv1|layer1.1.conv2|layer1.2.conv1|layer1.2.conv2|layer2.0.conv1|layer2.0.conv2|layer2.1.conv1|layer2.1.conv2|layer2.2.conv1|layer2.2.conv2|layer3.0.conv1|layer3.0.conv2|layer3.1.conv1|layer3.1.conv2|layer3.2.conv1|layer3.2.conv2|fc,185,True,11.5604,306796,0.8881,0.0654,1.1775,59.4277,1.8401,0.0011,9.5977,6962.66,92.44,92.4667,92.44,92.4447
TT rank 0221 [compressed],TT,conv1|layer1.0.conv1|layer1.0.conv2|layer1.1.conv1|layer1.1.conv2|layer1.2.conv1|layer1.2.conv2|layer2.0.conv1|layer2.0.conv2|layer2.1.conv1|layer2.1.conv2|layer2.2.conv1|layer2.2.conv2|layer3.0.conv1|layer3.0.conv2|layer3.1.conv1|layer3.1.conv2|layer3.2.conv1|layer3.2.conv2|fc,221,False,0.0,306796,0.8881,0.0623,1.1766,58.23,1.8161,0.0011,9.4934,6725.42,92.12,92.1765,92.12,92.1321
TT rank 0221 [fine_tuned],TT,conv1|layer1.0.conv1|layer1.0.conv2|layer1.1.conv1|layer1.1.conv2|layer1.2.conv1|layer1.2.conv2|layer2.0.conv1|layer2.0.conv2|layer2.1.conv1|layer2.1.conv2|layer2.2.conv1|layer2.2.conv2|layer3.0.conv1|layer3.0.conv2|layer3.1.conv1|layer3.1.conv2|layer3.2.conv1|layer3.2.conv2|fc,221,True,11.1619,306796,0.8881,0.0623,1.1775,59.4277,1.9073,0.0011,9.235,7240.83,92.42,92.4366,92.42,92.422
TT rank 0249 [compressed],TT,conv1|layer1.0.conv1|layer1.0.conv2|layer1.1.conv1|layer1.1.conv2|layer1.2.conv1|layer1.2.conv2|layer2.0.conv1|layer2.0.conv2|layer2.1.conv1|layer2.1.conv2|layer2.2.conv1|layer2.2.conv2|layer3.0.conv1|layer3.0.conv2|layer3.1.conv1|layer3.1.conv2|layer3.2.conv1|layer3.2.conv2|fc,249,False,0.0,306796,0.8881,0.0612,1.1766,58.23,1.864,0.0011,9.4069,7208.83,92.12,92.1765,92.12,92.1321
TT rank 0249 [fine_tuned],TT,conv1|layer1.0.conv1|layer1.0.conv2|layer1.1.conv1|layer1.1.conv2|layer1.2.conv1|layer1.2.conv2|layer2.0.conv1|layer2.0.conv2|layer2.1.conv1|layer2.1.conv2|layer2.2.conv1|layer2.2.conv2|layer3.0.conv1|layer3.0.conv2|layer3.1.conv1|layer3.1.conv2|layer3.2.conv1|layer3.2.conv2|fc,249,True,11.7276,306796,0.8881,0.0612,1.1775,59.4277,1.8818,0.0011,9.3798,7529.4,92.46,92.4637,92.46,92.4548
TT rank 0285 [compressed],TT,conv1|layer1.0.conv1|layer1.0.conv2|layer1.1.conv1|layer1.1.conv2|layer1.2.conv1|layer1.2.conv2|layer2.0.conv1|layer2.0.conv2|layer2.1.conv1|layer2.1.conv2|layer2.2.conv1|layer2.2.conv2|layer3.0.conv1|layer3.0.conv2|layer3.1.conv1|layer3.1.conv2|layer3.2.conv1|layer3.2.conv2|fc,285,False,0.0,306796,0.8881,0.0618,1.1766,58.23,1.8398,0.0011,9.7551,7863.96,92.12,92.1765,92.12,92.1321
TT rank 0285 [fine_tuned],TT,conv1|layer1.0.conv1|layer1.0.conv2|layer1.1.conv1|layer1.1.conv2|layer1.2.conv1|layer1.2.conv2|layer2.0.conv1|layer2.0.conv2|layer2.1.conv1|layer2.1.conv2|layer2.2.conv1|layer2.2.conv2|layer3.0.conv1|layer3.0.conv2|layer3.1.conv1|layer3.1.conv2|layer3.2.conv1|layer3.2.conv2|fc,285,True,11.6931,306796,0.8881,0.0618,1.1775,59.4277,1.8455,0.0011,9.577,6357.31,92.33,92.3823,92.33,92.3467
TT rank 0350 [compressed],TT,conv1|layer1.0.conv1|layer1.0.conv2|layer1.1.conv1|layer1.1.conv2|layer1.2.conv1|layer1.2.conv2|layer2.0.conv1|layer2.0.conv2|layer2.1.conv1|layer2.1.conv2|layer2.2.conv1|layer2.2.conv2|layer3.0.conv1|layer3.0.conv2|layer3.1.conv1|layer3.1.conv2|layer3.2.conv1|layer3.2.conv2|fc,350,False,0.0,306796,0.8881,0.0626,1.1766,58.23,1.8891,0.0011,9.7583,6700.67,92.12,92.1765,92.12,92.1321
TT rank 0350 [fine_tuned],TT,conv1|layer1.0.conv1|layer1.0.conv2|layer1.1.conv1|layer1.1.conv2|layer1.2.conv1|layer1.2.conv2|layer2.0.conv1|layer2.0.conv2|layer2.1.conv1|layer2.1.conv2|layer2.2.conv1|layer2.2.conv2|layer3.0.conv1|layer3.0.conv2|layer3.1.conv1|layer3.1.conv2|layer3.2.conv1|layer3.2.conv2|fc,350,True,11.5986,306796,0.8881,0.0626,1.1775,59.4277,1.9003,0.0011,9.4468,6681.25,92.52,92.5371,92.52,92.5222
TT rank 0400 [compressed],TT,conv1|layer1.0.conv1|layer1.0.conv2|layer1.1.conv1|layer1.1.conv2|layer1.2.conv1|layer1.2.conv2|layer2.0.conv1|layer2.0.conv2|layer2.1.conv1|layer2.1.conv2|layer2.2.conv1|layer2.2.conv2|layer3.0.conv1|layer3.0.conv2|layer3.1.conv1|layer3.1.conv2|layer3.2.conv1|layer3.2.conv2|fc,400,False,0.0,306796,0.8881,0.0625,1.1766,58.23,1.8262,0.0011,9.5751,7068.48,92.12,92.1765,92.12,92.1321
TT rank 0400 [fine_tuned],TT,conv1|layer1.0.conv1|layer1.0.conv2|layer1.1.conv1|layer1.1.conv2|layer1.2.conv1|layer1.2.conv2|layer2.0.conv1|layer2.0.conv2|layer2.1.conv1|layer2.1.conv2|layer2.2.conv1|layer2.2.conv2|layer3.0.conv1|layer3.0.conv2|layer3.1.conv1|layer3.1.conv2|layer3.2.conv1|layer3.2.conv2|fc,400,True,11.6056,306796,0.8881,0.0625,1.1775,59.4277,1.8679,0.0011,9.3365,6694.67,92.32,92.3043,92.32,92.3073
CP rank 0002 [compressed],CP,conv1|layer1.0.conv1|layer1.0.conv2|layer1.1.conv1|layer1.1.conv2|layer1.2.conv1|layer1.2.conv2|layer2.0.conv1|layer2.0.conv2|layer2.1.conv1|layer2.1.conv2|layer2.2.conv1|layer2.2.conv2|layer3.0.conv1|layer3.0.conv2|layer3.1.conv1|layer3.1.conv2|layer3.2.conv1|layer3.2.conv2|fc,2,False,0.0,7144,38.1403,4.1432,0.0335,51.8862,1.727,0.0019,5.0797,12652.46,10.0,1.0,10.0,1.8182
CP rank 0002 [fine_tuned],CP,conv1|layer1.0.conv1|layer1.0.conv2|layer1.1.conv1|layer1.1.conv2|layer1.2.conv1|layer1.2.conv2|layer2.0.conv1|layer2.0.conv2|layer2.1.conv1|layer2.1.conv2|layer2.2.conv1|layer2.2.conv2|layer3.0.conv1|layer3.0.conv2|layer3.1.conv1|layer3.1.conv2|layer3.2.conv1|layer3.2.conv2|fc,2,True,20.6282,7144,38.1403,4.1432,0.0339,51.9551,1.6213,0.0019,5.0109,11957.35,29.82,25.0685,29.82,23.9269
CP rank 0005 [compressed],CP,conv1|layer1.0.conv1|layer1.0.conv2|layer1.1.conv1|layer1.1.conv2|layer1.2.conv1|layer1.2.conv2|layer2.0.conv1|layer2.0.conv2|layer2.1.conv1|layer2.1.conv2|layer2.2.conv1|layer2.2.conv2|layer3.0.conv1|layer3.0.conv2|layer3.1.conv1|layer3.1.conv2|layer3.2.conv1|layer3.2.conv2|fc,5,False,0.0,11653,23.3823,6.5161,0.0507,53.4038,1.6955,0.0032,5.0942,11635.77,10.0,1.0,10.0,1.8182
CP rank 0005 [fine_tuned],CP,conv1|layer1.0.conv1|layer1.0.conv2|layer1.1.conv1|layer1.1.conv2|layer1.2.conv1|layer1.2.conv2|layer2.0.conv1|layer2.0.conv2|layer2.1.conv1|layer2.1.conv2|layer2.2.conv1|layer2.2.conv2|layer3.0.conv1|layer3.0.conv2|layer3.1.conv1|layer3.1.conv2|layer3.2.conv1|layer3.2.conv2|fc,5,True,20.6247,11653,23.3823,6.5161,0.0511,53.4902,1.6601,0.0032,5.0342,11759.1,43.77,46.5458,43.77,41.9743
CP rank 0008 [compressed],CP,conv1|layer1.0.conv1|layer1.0.conv2|layer1.1.conv1|layer1.1.conv2|layer1.2.conv1|layer1.2.conv2|layer2.0.conv1|layer2.0.conv2|layer2.1.conv1|layer2.1.conv2|layer2.2.conv1|layer2.2.conv2|layer3.0.conv1|layer3.0.conv2|layer3.1.conv1|layer3.1.conv2|layer3.2.conv1|layer3.2.conv2|fc,8,False,0.0,16162,16.8589,7.153,0.0679,54.916,1.6399,0.0045,4.9801,11551.12,10.0,1.0006,10.0,1.8192
CP rank 0008 [fine_tuned],CP,conv1|layer1.0.conv1|layer1.0.conv2|layer1.1.conv1|layer1.1.conv2|layer1.2.conv1|layer1.2.conv2|layer2.0.conv1|layer2.0.conv2|layer2.1.conv1|layer2.1.conv2|layer2.2.conv1|layer2.2.conv2|layer3.0.conv1|layer3.0.conv2|layer3.1.conv1|layer3.1.conv2|layer3.2.conv1|layer3.2.conv2|fc,8,True,20.7781,16162,16.8589,7.153,0.0683,55.0083,1.6866,0.0045,5.0831,11377.63,45.49,57.8137,45.49,45.2762
CP rank 0011 [compressed],CP,conv1|layer1.0.conv1|layer1.0.conv2|layer1.1.conv1|layer1.1.conv2|layer1.2.conv1|layer1.2.conv2|layer2.0.conv1|layer2.0.conv2|layer2.1.conv1|layer2.1.conv2|layer2.2.conv1|layer2.2.conv2|layer3.0.conv1|layer3.0.conv2|layer3.1.conv1|layer3.1.conv2|layer3.2.conv1|layer3.2.conv2|fc,11,False,0.0,20597,13.2288,7.4404,0.0849,56.4399,1.6384,0.0058,5.0819,11515.84,10.14,2.1358,10.14,2.5978
CP rank 0011 [fine_tuned],CP,conv1|layer1.0.conv1|layer1.0.conv2|layer1.1.conv1|layer1.1.conv2|layer1.2.conv1|layer1.2.conv2|layer2.0.conv1|layer2.0.conv2|layer2.1.conv1|layer2.1.conv2|layer2.2.conv1|layer2.2.conv2|layer3.0.conv1|layer3.0.conv2|layer3.1.conv1|layer3.1.conv2|layer3.2.conv1|layer3.2.conv2|fc,11,True,20.7375,20597,13.2288,7.4404,0.0852,56.5562,1.6356,0.0058,5.0254,11808.32,53.67,52.8082,53.67,51.9136
CP rank 0014 [compressed],CP,conv1|layer1.0.conv1|layer1.0.conv2|layer1.1.conv1|layer1.1.conv2|layer1.2.conv1|layer1.2.conv2|layer2.0.conv1|layer2.0.conv2|layer2.1.conv1|layer2.1.conv2|layer2.2.conv1|layer2.2.conv2|layer3.0.conv1|layer3.0.conv2|layer3.1.conv1|layer3.1.conv2|layer3.2.conv1|layer3.2.conv2|fc,14,False,0.0,24884,10.9498,7.4602,0.1012,57.9512,1.6718,0.0071,4.9441,11456.4,9.8,3.9687,9.8,2.762
CP rank 0014 [fine_tuned],CP,conv1|layer1.0.conv1|layer1.0.conv2|layer1.1.conv1|layer1.1.conv2|layer1.2.conv1|layer1.2.conv2|layer2.0.conv1|layer2.0.conv2|layer2.1.conv1|layer2.1.conv2|layer2.2.conv1|layer2.2.conv2|layer3.0.conv1|layer3.0.conv2|layer3.1.conv1|layer3.1.conv2|layer3.2.conv1|layer3.2.conv2|fc,14,True,20.7668,24884,10.9498,7.4602,0.1015,58.0786,1.606,0.0071,5.0206,12085.19,50.02,57.1936,50.02,47.2889
CP rank 0017 [compressed],CP,conv1|layer1.0.conv1|layer1.0.conv2|layer1.1.conv1|layer1.1.conv2|layer1.2.conv1|layer1.2.conv2|layer2.0.conv1|layer2.0.conv2|layer2.1.conv1|layer2.1.conv2|layer2.2.conv1|layer2.2.conv2|layer3.0.conv1|layer3.0.conv2|layer3.1.conv1|layer3.1.conv2|layer3.2.conv1|layer3.2.conv2|fc,17,False,0.0,29171,9.3406,7.5578,0.1176,60.4746,1.6109,0.0084,4.9736,11289.45,10.59,2.1449,10.59,3.5353
CP rank 0017 [fine_tuned],CP,conv1|layer1.0.conv1|layer1.0.conv2|layer1.1.conv1|layer1.1.conv2|layer1.2.conv1|layer1.2.conv2|layer2.0.conv1|layer2.0.conv2|layer2.1.conv1|layer2.1.conv2|layer2.2.conv1|layer2.2.conv2|layer3.0.conv1|layer3.0.conv2|layer3.1.conv1|layer3.1.conv2|layer3.2.conv1|layer3.2.conv2|fc,17,True,21.3837,29171,9.3406,7.5578,0.1179,60.6255,1.6281,0.0084,4.9372,11858.71,46.36,69.7172,46.36,46.3538
CP rank 0020 [compressed],CP,conv1|layer1.0.conv1|layer1.0.conv2|layer1.1.conv1|layer1.1.conv2|layer1.2.conv1|layer1.2.conv2|layer2.0.conv1|layer2.0.conv2|layer2.1.conv1|layer2.1.conv2|layer2.2.conv1|layer2.2.conv2|layer3.0.conv1|layer3.0.conv2|layer3.1.conv1|layer3.1.conv2|layer3.2.conv1|layer3.2.conv2|fc,20,False,0.0,33383,8.1621,7.4468,0.1336,63.4741,1.7035,0.0096,5.4257,11152.22,9.23,1.828,9.23,3.0443
CP rank 0020 [fine_tuned],CP,conv1|layer1.0.conv1|layer1.0.conv2|layer1.1.conv1|layer1.1.conv2|layer1.2.conv1|layer1.2.conv2|layer2.0.conv1|layer2.0.conv2|layer2.1.conv1|layer2.1.conv2|layer2.2.conv1|layer2.2.conv2|layer3.0.conv1|layer3.0.conv2|layer3.1.conv1|layer3.1.conv2|layer3.2.conv1|layer3.2.conv2|fc,20,True,21.5775,33383,8.1621,7.4468,0.1339,63.6304,1.6803,0.0096,5.0405,11372.66,56.58,65.0764,56.58,55.5681
CP rank 0025 [compressed],CP,conv1|layer1.0.conv1|layer1.0.conv2|layer1.1.conv1|layer1.1.conv2|layer1.2.conv1|layer1.2.conv2|layer2.0.conv1|layer2.0.conv2|layer2.1.conv1|layer2.1.conv2|layer2.2.conv1|layer2.2.conv2|layer3.0.conv1|layer3.0.conv2|layer3.1.conv1|layer3.1.conv2|layer3.2.conv1|layer3.2.conv2|fc,25,False,0.0,40403,6.7439,7.7777,0.1604,68.0083,1.6901,0.0116,5.0029,11084.91,20.07,22.6716,20.07,14.3202
CP rank 0025 [fine_tuned],CP,conv1|layer1.0.conv1|layer1.0.conv2|layer1.1.conv1|layer1.1.conv2|layer1.2.conv1|layer1.2.conv2|layer2.0.conv1|layer2.0.conv2|layer2.1.conv1|layer2.1.conv2|layer2.2.conv1|layer2.2.conv2|layer3.0.conv1|layer3.0.conv2|layer3.1.conv1|layer3.1.conv2|layer3.2.conv1|layer3.2.conv2|fc,25,True,22.0523,40403,6.7439,7.7777,0.1607,68.1987,1.7196,0.0116,5.213,11073.39,70.55,72.3099,70.55,70.64
CP rank 0028 [compressed],CP,conv1|layer1.0.conv1|layer1.0.conv2|layer1.1.conv1|layer1.1.conv2|layer1.2.conv1|layer1.2.conv2|layer2.0.conv1|layer2.0.conv2|layer2.1.conv1|layer2.1.conv2|layer2.2.conv1|layer2.2.conv2|layer3.0.conv1|layer3.0.conv2|layer3.1.conv1|layer3.1.conv2|layer3.2.conv1|layer3.2.conv2|fc,28,False,0.0,44615,6.1072,7.6676,0.1765,71.0137,1.6923,0.0129,4.8511,10332.89,22.34,26.5341,22.34,16.1723
CP rank 0028 [fine_tuned],CP,conv1|layer1.0.conv1|layer1.0.conv2|layer1.1.conv1|layer1.1.conv2|layer1.2.conv1|layer1.2.conv2|layer2.0.conv1|layer2.0.conv2|layer2.1.conv1|layer2.1.conv2|layer2.2.conv1|layer2.2.conv2|layer3.0.conv1|layer3.0.conv2|layer3.1.conv1|layer3.1.conv2|layer3.2.conv1|layer3.2.conv2|fc,28,True,22.5098,44615,6.1072,7.6676,0.1768,71.2095,1.6275,0.0129,4.9712,11385.66,69.66,71.7888,69.66,69.396
CP rank 0034 [compressed],CP,conv1|layer1.0.conv1|layer1.0.conv2|layer1.1.conv1|layer1.1.conv2|layer1.2.conv1|layer1.2.conv2|layer2.0.conv1|layer2.0.conv2|layer2.1.conv1|layer2.1.conv2|layer2.2.conv1|layer2.2.conv2|layer3.0.conv1|layer3.0.conv2|layer3.1.conv1|layer3.1.conv2|layer3.2.conv1|layer3.2.conv2|fc,34,False,0.0,53039,5.1372,7.9813,0.2086,79.0479,1.683,0.0153,4.8986,10003.33,39.88,53.4266,39.88,34.6122
CP rank 0034 [fine_tuned],CP,conv1|layer1.0.conv1|layer1.0.conv2|layer1.1.conv1|layer1.1.conv2|layer1.2.conv1|layer1.2.conv2|layer2.0.conv1|layer2.0.conv2|layer2.1.conv1|layer2.1.conv2|layer2.2.conv1|layer2.2.conv2|layer3.0.conv1|layer3.0.conv2|layer3.1.conv1|layer3.1.conv2|layer3.2.conv1|layer3.2.conv2|fc,34,True,24.0388,53039,5.1372,7.9813,0.2089,79.2778,1.7063,0.0153,5.0316,11075.46,82.04,82.8427,82.04,82.1965
CP rank 0040 [compressed],CP,conv1|layer1.0.conv1|layer1.0.conv2|layer1.1.conv1|layer1.1.conv2|layer1.2.conv1|layer1.2.conv2|layer2.0.conv1|layer2.0.conv2|layer2.1.conv1|layer2.1.conv2|layer2.2.conv1|layer2.2.conv2|layer3.0.conv1|layer3.0.conv2|layer3.1.conv1|layer3.1.conv2|layer3.2.conv1|layer3.2.conv2|fc,40,False,0.0,61463,4.4331,8.0557,0.2408,83.0698,1.7735,0.0177,5.2959,9180.67,44.86,70.1611,44.86,40.2344
CP rank 0040 [fine_tuned],CP,conv1|layer1.0.conv1|layer1.0.conv2|layer1.1.conv1|layer1.1.conv2|layer1.2.conv1|layer1.2.conv2|layer2.0.conv1|layer2.0.conv2|layer2.1.conv1|layer2.1.conv2|layer2.2.conv1|layer2.2.conv2|layer3.0.conv1|layer3.0.conv2|layer3.1.conv1|layer3.1.conv2|layer3.2.conv1|layer3.2.conv2|fc,40,True,26.1534,61463,4.4331,8.0557,0.2411,83.3218,1.7013,0.0177,5.1233,9719.4,67.37,74.5477,67.37,68.0937
CP rank 0049 [compressed],CP,conv1|layer1.0.conv1|layer1.0.conv2|layer1.1.conv1|layer1.1.conv2|layer1.2.conv1|layer1.2.conv2|layer2.0.conv1|layer2.0.conv2|layer2.1.conv1|layer2.1.conv2|layer2.2.conv1|layer2.2.conv2|layer3.0.conv1|layer3.0.conv2|layer3.1.conv1|layer3.1.conv2|layer3.2.conv1|layer3.2.conv2|fc,49,False,0.0,74099,3.6772,8.0806,0.289,92.145,1.771,0.0214,5.2895,7921.32,65.36,78.0423,65.36,65.9448
CP rank 0049 [fine_tuned],CP,conv1|layer1.0.conv1|layer1.0.conv2|layer1.1.conv1|layer1.1.conv2|layer1.2.conv1|layer1.2.conv2|layer2.0.conv1|layer2.0.conv2|layer2.1.conv1|layer2.1.conv2|layer2.2.conv1|layer2.2.conv2|layer3.0.conv1|layer3.0.conv2|layer3.1.conv1|layer3.1.conv2|layer3.2.conv1|layer3.2.conv2|fc,49,True,28.6105,74099,3.6772,8.0806,0.2893,92.4717,1.8358,0.0214,4.9991,8649.96,76.03,79.5201,76.03,75.5806
CP rank 0058 [compressed],CP,conv1|layer1.0.conv1|layer1.0.conv2|layer1.1.conv1|layer1.1.conv2|layer1.2.conv1|layer1.2.conv2|layer2.0.conv1|layer2.0.conv2|layer2.1.conv1|layer2.1.conv2|layer2.2.conv1|layer2.2.conv2|layer3.0.conv1|layer3.0.conv2|layer3.1.conv1|layer3.1.conv2|layer3.2.conv1|layer3.2.conv2|fc,58,False,0.0,86735,3.1415,8.5419,0.3372,103.1846,1.8546,0.025,5.1035,7042.94,78.23,83.1231,78.23,78.8448
CP rank 0058 [fine_tuned],CP,conv1|layer1.0.conv1|layer1.0.conv2|layer1.1.conv1|layer1.1.conv2|layer1.2.conv1|layer1.2.conv2|layer2.0.conv1|layer2.0.conv2|layer2.1.conv1|layer2.1.conv2|layer2.2.conv1|layer2.2.conv2|layer3.0.conv1|layer3.0.conv2|layer3.1.conv1|layer3.1.conv2|layer3.2.conv1|layer3.2.conv2|fc,58,True,25.4394,86735,3.1415,8.5419,0.3375,103.5508,1.8274,0.025,5.1001,7131.66,82.37,83.1752,82.37,82.281
CP rank 0070 [compressed],CP,conv1|layer1.0.conv1|layer1.0.conv2|layer1.1.conv1|layer1.1.conv2|layer1.2.conv1|layer1.2.conv2|layer2.0.conv1|layer2.0.conv2|layer2.1.conv1|layer2.1.conv2|layer2.2.conv1|layer2.2.conv2|layer3.0.conv1|layer3.0.conv2|layer3.1.conv1|layer3.1.conv2|layer3.2.conv1|layer3.2.conv2|fc,70,False,0.0,101303,2.6897,8.7934,0.3927,103.2349,1.8734,0.0276,5.1522,6440.57,85.01,86.599,85.01,85.1966
CP rank 0070 [fine_tuned],CP,conv1|layer1.0.conv1|layer1.0.conv2|layer1.1.conv1|layer1.1.conv2|layer1.2.conv1|layer1.2.conv2|layer2.0.conv1|layer2.0.conv2|layer2.1.conv1|layer2.1.conv2|layer2.2.conv1|layer2.2.conv2|layer3.0.conv1|layer3.0.conv2|layer3.1.conv1|layer3.1.conv2|layer3.2.conv1|layer3.2.conv2|fc,70,True,34.4828,101303,2.6897,8.7934,0.393,103.6514,1.8153,0.0276,5.5784,6692.35,84.04,84.6611,84.04,83.9442
CP rank 0084 [compressed],CP,conv1|layer1.0.conv1|layer1.0.conv2|layer1.1.conv1|layer1.1.conv2|layer1.2.conv1|layer1.2.conv2|layer2.0.conv1|layer2.0.conv2|layer2.1.conv1|layer2.1.conv2|layer2.2.conv1|layer2.2.conv2|layer3.0.conv1|layer3.0.conv2|layer3.1.conv1|layer3.1.conv2|layer3.2.conv1|layer3.2.conv2|fc,84,False,0.0,117767,2.3137,8.9967,0.4555,103.291,1.9392,0.03,5.0915,6208.17,86.6,87.9604,86.6,86.7803
CP rank 0084 [fine_tuned],CP,conv1|layer1.0.conv1|layer1.0.conv2|layer1.1.conv1|layer1.1.conv2|layer1.2.conv1|layer1.2.conv2|layer2.0.conv1|layer2.0.conv2|layer2.1.conv1|layer2.1.conv2|layer2.2.conv1|layer2.2.conv2|layer3.0.conv1|layer3.0.conv2|layer3.1.conv1|layer3.1.conv2|layer3.2.conv1|layer3.2.conv2|fc,84,True,13.8523,117767,2.3137,8.9967,0.4558,103.7637,1.9427,0.03,5.1108,6433.91,86.96,87.2652,86.96,86.9246
CP rank 0100 [compressed],CP,conv1|layer1.0.conv1|layer1.0.conv2|layer1.1.conv1|layer1.1.conv2|layer1.2.conv1|layer1.2.conv2|layer2.0.conv1|layer2.0.conv2|layer2.1.conv1|layer2.1.conv2|layer2.2.conv1|layer2.2.conv2|layer3.0.conv1|layer3.0.conv2|layer3.1.conv1|layer3.1.conv2|layer3.2.conv1|layer3.2.conv2|fc,100,False,0.0,135773,2.0068,9.0617,0.5242,103.3667,1.9698,0.0323,5.4009,5648.96,89.33,90.0246,89.33,89.4588
CP rank 0100 [fine_tuned],CP,conv1|layer1.0.conv1|layer1.0.conv2|layer1.1.conv1|layer1.1.conv2|layer1.2.conv1|layer1.2.conv2|layer2.0.conv1|layer2.0.conv2|layer2.1.conv1|layer2.1.conv2|layer2.2.conv1|layer2.2.conv2|layer3.0.conv1|layer3.0.conv2|layer3.1.conv1|layer3.1.conv2|layer3.2.conv1|layer3.2.conv2|fc,100,True,15.3114,135773,2.0068,9.0617,0.5245,103.915,1.9736,0.0323,5.2325,5641.8,90.3,90.2835,90.3,90.2764
CP rank 0120 [compressed],CP,conv1|layer1.0.conv1|layer1.0.conv2|layer1.1.conv1|layer1.1.conv2|layer1.2.conv1|layer1.2.conv2|layer2.0.conv1|layer2.0.conv2|layer2.1.conv1|layer2.1.conv2|layer2.2.conv1|layer2.2.conv2|layer3.0.conv1|layer3.0.conv2|layer3.1.conv1|layer3.1.conv2|layer3.2.conv1|layer3.2.conv2|fc,120,False,0.0,158213,1.7222,9.3588,0.6098,103.4473,1.9871,0.0352,5.1618,5551.99,91.11,91.3166,91.11,91.1535
CP rank 0120 [fine_tuned],CP,conv1|layer1.0.conv1|layer1.0.conv2|layer1.1.conv1|layer1.1.conv2|layer1.2.conv1|layer1.2.conv2|layer2.0.conv1|layer2.0.conv2|layer2.1.conv1|layer2.1.conv2|layer2.2.conv1|layer2.2.conv2|layer3.0.conv1|layer3.0.conv2|layer3.1.conv1|layer3.1.conv2|layer3.2.conv1|layer3.2.conv2|fc,120,True,15.0253,158213,1.7222,9.3588,0.6101,104.0762,2.0477,0.0352,5.0866,5742.86,91.4,91.4121,91.4,91.395
CP rank 0143 [compressed],CP,conv1|layer1.0.conv1|layer1.0.conv2|layer1.1.conv1|layer1.1.conv2|layer1.2.conv1|layer1.2.conv2|layer2.0.conv1|layer2.0.conv2|layer2.1.conv1|layer2.1.conv2|layer2.2.conv1|layer2.2.conv2|layer3.0.conv1|layer3.0.conv2|layer3.1.conv1|layer3.1.conv2|layer3.2.conv1|layer3.2.conv2|fc,143,False,0.0,179819,1.5153,9.9524,0.6922,103.54,2.0828,0.0375,5.2638,5254.18,91.11,91.3159,91.11,91.1579
CP rank 0143 [fine_tuned],CP,conv1|layer1.0.conv1|layer1.0.conv2|layer1.1.conv1|layer1.1.conv2|layer1.2.conv1|layer1.2.conv2|layer2.0.conv1|layer2.0.conv2|layer2.1.conv1|layer2.1.conv2|layer2.2.conv1|layer2.2.conv2|layer3.0.conv1|layer3.0.conv2|layer3.1.conv1|layer3.1.conv2|layer3.2.conv1|layer3.2.conv2|fc,143,True,16.1475,179819,1.5153,9.9524,0.6926,104.2617,2.11,0.0375,5.113,5227.09,91.66,91.7906,91.66,91.6771
CP rank 0171 [compressed],CP,conv1|layer1.0.conv1|layer1.0.conv2|layer1.1.conv1|layer1.1.conv2|layer1.2.conv1|layer1.2.conv2|layer2.0.conv1|layer2.0.conv2|layer2.1.conv1|layer2.1.conv2|layer2.2.conv1|layer2.2.conv2|layer3.0.conv1|layer3.0.conv2|layer3.1.conv1|layer3.1.conv2|layer3.2.conv1|layer3.2.conv2|fc,171,False,0.0,201435,1.3527,10.0961,0.7747,103.6245,2.1487,0.0391,5.1378,5080.88,91.86,91.9139,91.86,91.8631
CP rank 0171 [fine_tuned],CP,conv1|layer1.0.conv1|layer1.0.conv2|layer1.1.conv1|layer1.1.conv2|layer1.2.conv1|layer1.2.conv2|layer2.0.conv1|layer2.0.conv2|layer2.1.conv1|layer2.1.conv2|layer2.2.conv1|layer2.2.conv2|layer3.0.conv1|layer3.0.conv2|layer3.1.conv1|layer3.1.conv2|layer3.2.conv1|layer3.2.conv2|fc,171,True,16.4696,201435,1.3527,10.0961,0.775,104.4307,2.0994,0.0391,4.9648,5210.28,92.13,92.1351,92.13,92.1261
CP rank 0204 [compressed],CP,conv1|layer1.0.conv1|layer1.0.conv2|layer1.1.conv1|layer1.1.conv2|layer1.2.conv1|layer1.2.conv2|layer2.0.conv1|layer2.0.conv2|layer2.1.conv1|layer2.1.conv2|layer2.2.conv1|layer2.2.conv2|layer3.0.conv1|layer3.0.conv2|layer3.1.conv1|layer3.1.conv2|layer3.2.conv1|layer3.2.conv2|fc,204,False,0.0,224463,1.2139,10.7403,0.8626,103.7056,2.1322,0.0406,5.0926,5122.72,91.86,91.9388,91.86,91.8759
CP rank 0204 [fine_tuned],CP,conv1|layer1.0.conv1|layer1.0.conv2|layer1.1.conv1|layer1.1.conv2|layer1.2.conv1|layer1.2.conv2|layer2.0.conv1|layer2.0.conv2|layer2.1.conv1|layer2.1.conv2|layer2.2.conv1|layer2.2.conv2|layer3.0.conv1|layer3.0.conv2|layer3.1.conv1|layer3.1.conv2|layer3.2.conv1|layer3.2.conv2|fc,204,True,16.4711,224463,1.2139,10.7403,0.8629,104.5928,2.1446,0.0406,5.0999,5113.63,92.2,92.2047,92.2,92.1986
CP rank 0243 [compressed],CP,conv1|layer1.0.conv1|layer1.0.conv2|layer1.1.conv1|layer1.1.conv2|layer1.2.conv1|layer1.2.conv2|layer2.0.conv1|layer2.0.conv2|layer2.1.conv1|layer2.1.conv2|layer2.2.conv1|layer2.2.conv2|layer3.0.conv1|layer3.0.conv2|layer3.1.conv1|layer3.1.conv2|layer3.2.conv1|layer3.2.conv2|fc,243,False,0.0,250593,1.0873,11.6041,0.9622,103.8081,2.251,0.0423,5.1414,4837.11,91.86,91.948,91.86,91.8854
CP rank 0243 [fine_tuned],CP,conv1|layer1.0.conv1|layer1.0.conv2|layer1.1.conv1|layer1.1.conv2|layer1.2.conv1|layer1.2.conv2|layer2.0.conv1|layer2.0.conv2|layer2.1.conv1|layer2.1.conv2|layer2.2.conv1|layer2.2.conv2|layer3.0.conv1|layer3.0.conv2|layer3.1.conv1|layer3.1.conv2|layer3.2.conv1|layer3.2.conv2|fc,243,True,17.4129,250593,1.0873,11.6041,0.9625,104.7979,2.1891,0.0423,5.096,4975.39,92.3,92.3209,92.3,92.3045
CP rank 0290 [compressed],CP,conv1|layer1.0.conv1|layer1.0.conv2|layer1.1.conv1|layer1.1.conv2|layer1.2.conv1|layer1.2.conv2|layer2.0.conv1|layer2.0.conv2|layer2.1.conv1|layer2.1.conv2|layer2.2.conv1|layer2.2.conv2|layer3.0.conv1|layer3.0.conv2|layer3.1.conv1|layer3.1.conv2|layer3.2.conv1|layer3.2.conv2|fc,290,False,0.0,272033,1.0016,12.0495,1.044,103.8911,2.1932,0.0436,5.0558,4997.14,92.01,92.0669,92.01,92.0174
CP rank 0290 [fine_tuned],CP,conv1|layer1.0.conv1|layer1.0.conv2|layer1.1.conv1|layer1.1.conv2|layer1.2.conv1|layer1.2.conv2|layer2.0.conv1|layer2.0.conv2|layer2.1.conv1|layer2.1.conv2|layer2.2.conv1|layer2.2.conv2|layer3.0.conv1|layer3.0.conv2|layer3.1.conv1|layer3.1.conv2|layer3.2.conv1|layer3.2.conv2|fc,290,True,16.8764,272033,1.0016,12.0495,1.0443,104.9639,2.196,0.0436,5.0885,4958.58,92.36,92.3622,92.36,92.3549
CP rank 0326 [compressed],CP,conv1|layer1.0.conv1|layer1.0.conv2|layer1.1.conv1|layer1.1.conv2|layer1.2.conv1|layer1.2.conv2|layer2.0.conv1|layer2.0.conv2|layer2.1.conv1|layer2.1.conv2|layer2.2.conv1|layer2.2.conv2|layer3.0.conv1|layer3.0.conv2|layer3.1.conv1|layer3.1.conv2|layer3.2.conv1|layer3.2.conv2|fc,326,False,0.0,272033,1.0016,12.2197,1.044,103.8911,2.2998,0.0436,5.6112,4757.83,91.89,91.9894,91.89,91.915
CP rank 0326 [fine_tuned],CP,conv1|layer1.0.conv1|layer1.0.conv2|layer1.1.conv1|layer1.1.conv2|layer1.2.conv1|layer1.2.conv2|layer2.0.conv1|layer2.0.conv2|layer2.1.conv1|layer2.1.conv2|layer2.2.conv1|layer2.2.conv2|layer3.0.conv1|layer3.0.conv2|layer3.1.conv1|layer3.1.conv2|layer3.2.conv1|layer3.2.conv2|fc,326,True,18.124,272033,1.0016,12.2197,1.0443,104.9639,2.2447,0.0436,5.0787,4855.78,92.44,92.4866,92.44,92.457
CP rank 0389 [compressed],CP,conv1|layer1.0.conv1|layer1.0.conv2|layer1.1.conv1|layer1.1.conv2|layer1.2.conv1|layer1.2.conv2|layer2.0.conv1|layer2.0.conv2|layer2.1.conv1|layer2.1.conv2|layer2.2.conv1|layer2.2.conv2|layer3.0.conv1|layer3.0.conv2|layer3.1.conv1|layer3.1.conv2|layer3.2.conv1|layer3.2.conv2|fc,389,False,0.0,272033,1.0016,12.2252,1.044,103.8911,2.2067,0.0436,5.1217,4958.83,91.98,92.0398,91.98,91.9887
CP rank 0389 [fine_tuned],CP,conv1|layer1.0.conv1|layer1.0.conv2|layer1.1.conv1|layer1.1.conv2|layer1.2.conv1|layer1.2.conv2|layer2.0.conv1|layer2.0.conv2|layer2.1.conv1|layer2.1.conv2|layer2.2.conv1|layer2.2.conv2|layer3.0.conv1|layer3.0.conv2|layer3.1.conv1|layer3.1.conv2|layer3.2.conv1|layer3.2.conv2|fc,389,True,16.7952,272033,1.0016,12.2252,1.0443,104.9639,2.1895,0.0436,5.1106,5008.55,92.32,92.3412,92.32,92.3261
CP rank 0465 [compressed],CP,conv1|layer1.0.conv1|layer1.0.conv2|layer1.1.conv1|layer1.1.conv2|layer1.2.conv1|layer1.2.conv2|layer2.0.conv1|layer2.0.conv2|layer2.1.conv1|layer2.1.conv2|layer2.2.conv1|layer2.2.conv2|layer3.0.conv1|layer3.0.conv2|layer3.1.conv1|layer3.1.conv2|layer3.2.conv1|layer3.2.conv2|fc,465,False,0.0,272033,1.0016,11.8938,1.044,103.8911,2.2729,0.0436,5.0506,4769.65,92.18,92.2661,92.18,92.1969
CP rank 0465 [fine_tuned],CP,conv1|layer1.0.conv1|layer1.0.conv2|layer1.1.conv1|layer1.1.conv2|layer1.2.conv1|layer1.2.conv2|layer2.0.conv1|layer2.0.conv2|layer2.1.conv1|layer2.1.conv2|layer2.2.conv1|layer2.2.conv2|layer3.0.conv1|layer3.0.conv2|layer3.1.conv1|layer3.1.conv2|layer3.2.conv1|layer3.2.conv2|fc,465,True,18.0584,272033,1.0016,11.8938,1.0443,104.9639,2.2341,0.0436,5.0252,4855.73,92.36,92.3805,92.36,92.3599
CP rank 0576 [compressed],CP,conv1|layer1.0.conv1|layer1.0.conv2|layer1.1.conv1|layer1.1.conv2|layer1.2.conv1|layer1.2.conv2|layer2.0.conv1|layer2.0.conv2|layer2.1.conv1|layer2.1.conv2|layer2.2.conv1|layer2.2.conv2|layer3.0.conv1|layer3.0.conv2|layer3.1.conv1|layer3.1.conv2|layer3.2.conv1|layer3.2.conv2|fc,576,False,0.0,272033,1.0016,11.83,1.044,103.8911,2.2029,0.0436,5.2812,4939.93,92.13,92.2148,92.13,92.1535
CP rank 0576 [fine_tuned],CP,conv1|layer1.0.conv1|layer1.0.conv2|layer1.1.conv1|layer1.1.conv2|layer1.2.conv1|layer1.2.conv2|layer2.0.conv1|layer2.0.conv2|layer2.1.conv1|layer2.1.conv2|layer2.2.conv1|layer2.2.conv2|layer3.0.conv1|layer3.0.conv2|layer3.1.conv1|layer3.1.conv2|layer3.2.conv1|layer3.2.conv2|fc,576,True,16.7976,272033,1.0016,11.83,1.0443,104.9639,2.1883,0.0436,5.4516,5006.19,92.2,92.2627,92.2,92.218
CP rank 0732 [compressed],CP,conv1|layer1.0.conv1|layer1.0.conv2|layer1.1.conv1|layer1.1.conv2|layer1.2.conv1|layer1.2.conv2|layer2.0.conv1|layer2.0.conv2|layer2.1.conv1|layer2.1.conv2|layer2.2.conv1|layer2.2.conv2|layer3.0.conv1|layer3.0.conv2|layer3.1.conv1|layer3.1.conv2|layer3.2.conv1|layer3.2.conv2|fc,732,False,0.0,272033,1.0016,12.1142,1.044,103.8911,2.2538,0.0436,5.1542,4824.33,92.24,92.288,92.24,92.2416
CP rank 0732 [fine_tuned],CP,conv1|layer1.0.conv1|layer1.0.conv2|layer1.1.conv1|layer1.1.conv2|layer1.2.conv1|layer1.2.conv2|layer2.0.conv1|layer2.0.conv2|layer2.1.conv1|layer2.1.conv2|layer2.2.conv1|layer2.2.conv2|layer3.0.conv1|layer3.0.conv2|layer3.1.conv1|layer3.1.conv2|layer3.2.conv1|layer3.2.conv2|fc,732,True,18.0175,272033,1.0016,12.1142,1.0443,104.9639,2.2507,0.0436,5.0828,4827.89,92.35,92.3569,92.35,92.3451
CP rank 0931 [compressed],CP,conv1|layer1.0.conv1|layer1.0.conv2|layer1.1.conv1|layer1.1.conv2|layer1.2.conv1|layer1.2.conv2|layer2.0.conv1|layer2.0.conv2|layer2.1.conv1|layer2.1.conv2|layer2.2.conv1|layer2.2.conv2|layer3.0.conv1|layer3.0.conv2|layer3.1.conv1|layer3.1.conv2|layer3.2.conv1|layer3.2.conv2|fc,931,False,0.0,272033,1.0016,11.9625,1.044,103.8911,2.1768,0.0436,5.0544,5021.27,91.92,92.0424,91.92,91.9486
CP rank 0931 [fine_tuned],CP,conv1|layer1.0.conv1|layer1.0.conv2|layer1.1.conv1|layer1.1.conv2|layer1.2.conv1|layer1.2.conv2|layer2.0.conv1|layer2.0.conv2|layer2.1.conv1|layer2.1.conv2|layer2.2.conv1|layer2.2.conv2|layer3.0.conv1|layer3.0.conv2|layer3.1.conv1|layer3.1.conv2|layer3.2.conv1|layer3.2.conv2|fc,931,True,16.839,272033,1.0016,11.9625,1.0443,104.9639,2.1853,0.0436,4.9825,4990.84,92.29,92.3124,92.29,92.2939
CP rank 1176 [compressed],CP,conv1|layer1.0.conv1|layer1.0.conv2|layer1.1.conv1|layer1.1.conv2|layer1.2.conv1|layer1.2.conv2|layer2.0.conv1|layer2.0.conv2|layer2.1.conv1|layer2.1.conv2|layer2.2.conv1|layer2.2.conv2|layer3.0.conv1|layer3.0.conv2|layer3.1.conv1|layer3.1.conv2|layer3.2.conv1|layer3.2.conv2|fc,1176,False,0.0,272033,1.0016,11.8077,1.044,103.8911,2.2802,0.0436,5.0738,4762.14,92.17,92.254,92.17,92.1913
CP rank 1176 [fine_tuned],CP,conv1|layer1.0.conv1|layer1.0.conv2|layer1.1.conv1|layer1.1.conv2|layer1.2.conv1|layer1.2.conv2|layer2.0.conv1|layer2.0.conv2|layer2.1.conv1|layer2.1.conv2|layer2.2.conv1|layer2.2.conv2|layer3.0.conv1|layer3.0.conv2|layer3.1.conv1|layer3.1.conv2|layer3.2.conv1|layer3.2.conv2|fc,1176,True,18.0235,272033,1.0016,11.8077,1.0443,104.9639,2.2474,0.0436,4.9555,4831.25,92.27,92.3072,92.27,92.2798
CP rank 1500 [compressed],CP,conv1|layer1.0.conv1|layer1.0.conv2|layer1.1.conv1|layer1.1.conv2|layer1.2.conv1|layer1.2.conv2|layer2.0.conv1|layer2.0.conv2|layer2.1.conv1|layer2.1.conv2|layer2.2.conv1|layer2.2.conv2|layer3.0.conv1|layer3.0.conv2|layer3.1.conv1|layer3.1.conv2|layer3.2.conv1|layer3.2.conv2|fc,1500,False,0.0,272033,1.0016,11.887,1.044,103.8911,2.1679,0.0436,4.932,5020.52,92.03,92.1277,92.03,92.0589
CP rank 1500 [fine_tuned],CP,conv1|layer1.0.conv1|layer1.0.conv2|layer1.1.conv1|layer1.1.conv2|layer1.2.conv1|layer1.2.conv2|layer2.0.conv1|layer2.0.conv2|layer2.1.conv1|layer2.1.conv2|layer2.2.conv1|layer2.2.conv2|layer3.0.conv1|layer3.0.conv2|layer3.1.conv1|layer3.1.conv2|layer3.2.conv1|layer3.2.conv2|fc,1500,True,16.7725,272033,1.0016,11.887,1.0443,104.9639,2.2001,0.0436,5.0981,4985.8,92.34,92.3742,92.34,92.3514
