experiment_name,method,target_layers,rank,fine_tuning_enabled,fine_tuning_time_s,total_parameters,compression_ratio,compression_time_s,model_memory_mb,peak_inference_memory_mb,test_eval_time_s,macs_g,latency_ms,throughput_fps,accuracy,precision,recall,f1_score
Baseline,None,None,None,False,0.0,855770,1.0,0.0,3.2812,52.1885,1.7685,0.1279,5.4883,7468.1,94.25,94.2591,94.25,94.2457
SVD rank 0002 [compressed],SVD,conv1|layer1.0.conv1|layer1.0.conv2|layer1.1.conv1|layer1.1.conv2|layer1.2.conv1|layer1.2.conv2|layer1.3.conv1|layer1.3.conv2|layer1.4.conv1|layer1.4.conv2|layer1.5.conv1|layer1.5.conv2|layer1.6.conv1|layer1.6.conv2|layer1.7.conv1|layer1.7.conv2|layer1.8.conv1|layer1.8.conv2|layer2.0.conv1|layer2.0.conv2|layer2.1.conv1|layer2.1.conv2|layer2.2.conv1|layer2.2.conv2|layer2.3.conv1|layer2.3.conv2|layer2.4.conv1|layer2.4.conv2|layer2.5.conv1|layer2.5.conv2|layer2.6.conv1|layer2.6.conv2|layer2.7.conv1|layer2.7.conv2|layer2.8.conv1|layer2.8.conv2|layer3.0.conv1|layer3.0.conv2|layer3.1.conv1|layer3.1.conv2|layer3.2.conv1|layer3.2.conv2|layer3.3.conv1|layer3.3.conv2|layer3.4.conv1|layer3.4.conv2|layer3.5.conv1|layer3.5.conv2|layer3.6.conv1|layer3.6.conv2|layer3.7.conv1|layer3.7.conv2|layer3.8.conv1|layer3.8.conv2|fc,2,False,0.0,46516,18.3973,0.1259,0.1945,44.0391,1.9796,0.0127,9.7454,5934.03,10.0,1.0021,10.0,1.8217
SVD rank 0002 [fine_tuned],SVD,conv1|layer1.0.conv1|layer1.0.conv2|layer1.1.conv1|layer1.1.conv2|layer1.2.conv1|layer1.2.conv2|layer1.3.conv1|layer1.3.conv2|layer1.4.conv1|layer1.4.conv2|layer1.5.conv1|layer1.5.conv2|layer1.6.conv1|layer1.6.conv2|layer1.7.conv1|layer1.7.conv2|layer1.8.conv1|layer1.8.conv2|layer2.0.conv1|layer2.0.conv2|layer2.1.conv1|layer2.1.conv2|layer2.2.conv1|layer2.2.conv2|layer2.3.conv1|layer2.3.conv2|layer2.4.conv1|layer2.4.conv2|layer2.5.conv1|layer2.5.conv2|layer2.6.conv1|layer2.6.conv2|layer2.7.conv1|layer2.7.conv2|layer2.8.conv1|layer2.8.conv2|layer3.0.conv1|layer3.0.conv2|layer3.1.conv1|layer3.1.conv2|layer3.2.conv1|layer3.2.conv2|layer3.3.conv1|layer3.3.conv2|layer3.4.conv1|layer3.4.conv2|layer3.5.conv1|layer3.5.conv2|layer3.6.conv1|layer3.6.conv2|layer3.7.conv1|layer3.7.conv2|layer3.8.conv1|layer3.8.conv2|fc,2,True,35.6639,46516,18.3973,0.1259,0.1954,52.4048,1.9687,0.0127,9.7618,6852.73,36.83,34.615,36.83,32.5326
SVD rank 0003 [compressed],SVD,conv1|layer1.0.conv1|layer1.0.conv2|layer1.1.conv1|layer1.1.conv2|layer1.2.conv1|layer1.2.conv2|layer1.3.conv1|layer1.3.conv2|layer1.4.conv1|layer1.4.conv2|layer1.5.conv1|layer1.5.conv2|layer1.6.conv1|layer1.6.conv2|layer1.7.conv1|layer1.7.conv2|layer1.8.conv1|layer1.8.conv2|layer2.0.conv1|layer2.0.conv2|layer2.1.conv1|layer2.1.conv2|layer2.2.conv1|layer2.2.conv2|layer2.3.conv1|layer2.3.conv2|layer2.4.conv1|layer2.4.conv2|layer2.5.conv1|layer2.5.conv2|layer2.6.conv1|layer2.6.conv2|layer2.7.conv1|layer2.7.conv2|layer2.8.conv1|layer2.8.conv2|layer3.0.conv1|layer3.0.conv2|layer3.1.conv1|layer3.1.conv2|layer3.2.conv1|layer3.2.conv2|layer3.3.conv1|layer3.3.conv2|layer3.4.conv1|layer3.4.conv2|layer3.5.conv1|layer3.5.conv2|layer3.6.conv1|layer3.6.conv2|layer3.7.conv1|layer3.7.conv2|layer3.8.conv1|layer3.8.conv2|fc,3,False,0.0,66361,12.8957,0.128,0.2702,53.6167,1.9343,0.0179,10.0846,6219.44,10.0,1.0,10.0,1.8182
SVD rank 0003 [fine_tuned],SVD,conv1|layer1.0.conv1|layer1.0.conv2|layer1.1.conv1|layer1.1.conv2|layer1.2.conv1|layer1.2.conv2|layer1.3.conv1|layer1.3.conv2|layer1.4.conv1|layer1.4.conv2|layer1.5.conv1|layer1.5.conv2|layer1.6.conv1|layer1.6.conv2|layer1.7.conv1|layer1.7.conv2|layer1.8.conv1|layer1.8.conv2|layer2.0.conv1|layer2.0.conv2|layer2.1.conv1|layer2.1.conv2|layer2.2.conv1|layer2.2.conv2|layer2.3.conv1|layer2.3.conv2|layer2.4.conv1|layer2.4.conv2|layer2.5.conv1|layer2.5.conv2|layer2.6.conv1|layer2.6.conv2|layer2.7.conv1|layer2.7.conv2|layer2.8.conv1|layer2.8.conv2|layer3.0.conv1|layer3.0.conv2|layer3.1.conv1|layer3.1.conv2|layer3.2.conv1|layer3.2.conv2|layer3.3.conv1|layer3.3.conv2|layer3.4.conv1|layer3.4.conv2|layer3.5.conv1|layer3.5.conv2|layer3.6.conv1|layer3.6.conv2|layer3.7.conv1|layer3.7.conv2|layer3.8.conv1|layer3.8.conv2|fc,3,True,38.4112,66361,12.8957,0.128,0.2711,53.9351,2.1271,0.0179,9.8324,6716.56,53.29,55.4009,53.29,52.6183
SVD rank 0005 [compressed],SVD,conv1|layer1.0.conv1|layer1.0.conv2|layer1.1.conv1|layer1.1.conv2|layer1.2.conv1|layer1.2.conv2|layer1.3.conv1|layer1.3.conv2|layer1.4.conv1|layer1.4.conv2|layer1.5.conv1|layer1.5.conv2|layer1.6.conv1|layer1.6.conv2|layer1.7.conv1|layer1.7.conv2|layer1.8.conv1|layer1.8.conv2|layer2.0.conv1|layer2.0.conv2|layer2.1.conv1|layer2.1.conv2|layer2.2.conv1|layer2.2.conv2|layer2.3.conv1|layer2.3.conv2|layer2.4.conv1|layer2.4.conv2|layer2.5.conv1|layer2.5.conv2|layer2.6.conv1|layer2.6.conv2|layer2.7.conv1|layer2.7.conv2|layer2.8.conv1|layer2.8.conv2|layer3.0.conv1|layer3.0.conv2|layer3.1.conv1|layer3.1.conv2|layer3.2.conv1|layer3.2.conv2|layer3.3.conv1|layer3.3.conv2|layer3.4.conv1|layer3.4.conv2|layer3.5.conv1|layer3.5.conv2|layer3.6.conv1|layer3.6.conv2|layer3.7.conv1|layer3.7.conv2|layer3.8.conv1|layer3.8.conv2|fc,5,False,0.0,106051,8.0694,0.1326,0.4216,53.8975,2.164,0.0282,10.6305,5665.4,10.0,1.0,10.0,1.8182
SVD rank 0005 [fine_tuned],SVD,conv1|layer1.0.conv1|layer1.0.conv2|layer1.1.conv1|layer1.1.conv2|layer1.2.conv1|layer1.2.conv2|layer1.3.conv1|layer1.3.conv2|layer1.4.conv1|layer1.4.conv2|layer1.5.conv1|layer1.5.conv2|layer1.6.conv1|layer1.6.conv2|layer1.7.conv1|layer1.7.conv2|layer1.8.conv1|layer1.8.conv2|layer2.0.conv1|layer2.0.conv2|layer2.1.conv1|layer2.1.conv2|layer2.2.conv1|layer2.2.conv2|layer2.3.conv1|layer2.3.conv2|layer2.4.conv1|layer2.4.conv2|layer2.5.conv1|layer2.5.conv2|layer2.6.conv1|layer2.6.conv2|layer2.7.conv1|layer2.7.conv2|layer2.8.conv1|layer2.8.conv2|layer3.0.conv1|layer3.0.conv2|layer3.1.conv1|layer3.1.conv2|layer3.2.conv1|layer3.2.conv2|layer3.3.conv1|layer3.3.conv2|layer3.4.conv1|layer3.4.conv2|layer3.5.conv1|layer3.5.conv2|layer3.6.conv1|layer3.6.conv2|layer3.7.conv1|layer3.7.conv2|layer3.8.conv1|layer3.8.conv2|fc,5,True,45.9551,106051,8.0694,0.1326,0.4225,54.3716,1.9466,0.0282,9.9463,5950.22,69.19,71.4063,69.19,69.26
SVD rank 0006 [compressed],SVD,conv1|layer1.0.conv1|layer1.0.conv2|layer1.1.conv1|layer1.1.conv2|layer1.2.conv1|layer1.2.conv2|layer1.3.conv1|layer1.3.conv2|layer1.4.conv1|layer1.4.conv2|layer1.5.conv1|layer1.5.conv2|layer1.6.conv1|layer1.6.conv2|layer1.7.conv1|layer1.7.conv2|layer1.8.conv1|layer1.8.conv2|layer2.0.conv1|layer2.0.conv2|layer2.1.conv1|layer2.1.conv2|layer2.2.conv1|layer2.2.conv2|layer2.3.conv1|layer2.3.conv2|layer2.4.conv1|layer2.4.conv2|layer2.5.conv1|layer2.5.conv2|layer2.6.conv1|layer2.6.conv2|layer2.7.conv1|layer2.7.conv2|layer2.8.conv1|layer2.8.conv2|layer3.0.conv1|layer3.0.conv2|layer3.1.conv1|layer3.1.conv2|layer3.2.conv1|layer3.2.conv2|layer3.3.conv1|layer3.3.conv2|layer3.4.conv1|layer3.4.conv2|layer3.5.conv1|layer3.5.conv2|layer3.6.conv1|layer3.6.conv2|layer3.7.conv1|layer3.7.conv2|layer3.8.conv1|layer3.8.conv2|fc,6,False,0.0,125896,6.7974,0.1227,0.4974,55.4639,1.9418,0.0333,10.3051,6777.53,10.0,1.0,10.0,1.8182
SVD rank 0006 [fine_tuned],SVD,conv1|layer1.0.conv1|layer1.0.conv2|layer1.1.conv1|layer1.1.conv2|layer1.2.conv1|layer1.2.conv2|layer1.3.conv1|layer1.3.conv2|layer1.4.conv1|layer1.4.conv2|layer1.5.conv1|layer1.5.conv2|layer1.6.conv1|layer1.6.conv2|layer1.7.conv1|layer1.7.conv2|layer1.8.conv1|layer1.8.conv2|layer2.0.conv1|layer2.0.conv2|layer2.1.conv1|layer2.1.conv2|layer2.2.conv1|layer2.2.conv2|layer2.3.conv1|layer2.3.conv2|layer2.4.conv1|layer2.4.conv2|layer2.5.conv1|layer2.5.conv2|layer2.6.conv1|layer2.6.conv2|layer2.7.conv1|layer2.7.conv2|layer2.8.conv1|layer2.8.conv2|layer3.0.conv1|layer3.0.conv2|layer3.1.conv1|layer3.1.conv2|layer3.2.conv1|layer3.2.conv2|layer3.3.conv1|layer3.3.conv2|layer3.4.conv1|layer3.4.conv2|layer3.5.conv1|layer3.5.conv2|layer3.6.conv1|layer3.6.conv2|layer3.7.conv1|layer3.7.conv2|layer3.8.conv1|layer3.8.conv2|fc,6,True,47.3132,125896,6.7974,0.1227,0.4982,55.998,1.985,0.0333,10.2492,6711.59,71.79,74.2798,71.79,70.635
SVD rank 0008 [compressed],SVD,conv1|layer1.0.conv1|layer1.0.conv2|layer1.1.conv1|layer1.1.conv2|layer1.2.conv1|layer1.2.conv2|layer1.3.conv1|layer1.3.conv2|layer1.4.conv1|layer1.4.conv2|layer1.5.conv1|layer1.5.conv2|layer1.6.conv1|layer1.6.conv2|layer1.7.conv1|layer1.7.conv2|layer1.8.conv1|layer1.8.conv2|layer2.0.conv1|layer2.0.conv2|layer2.1.conv1|layer2.1.conv2|layer2.2.conv1|layer2.2.conv2|layer2.3.conv1|layer2.3.conv2|layer2.4.conv1|layer2.4.conv2|layer2.5.conv1|layer2.5.conv2|layer2.6.conv1|layer2.6.conv2|layer2.7.conv1|layer2.7.conv2|layer2.8.conv1|layer2.8.conv2|layer3.0.conv1|layer3.0.conv2|layer3.1.conv1|layer3.1.conv2|layer3.2.conv1|layer3.2.conv2|layer3.3.conv1|layer3.3.conv2|layer3.4.conv1|layer3.4.conv2|layer3.5.conv1|layer3.5.conv2|layer3.6.conv1|layer3.6.conv2|layer3.7.conv1|layer3.7.conv2|layer3.8.conv1|layer3.8.conv2|fc,8,False,0.0,165586,5.1681,0.1225,0.6488,55.6016,1.9764,0.0436,10.0549,7050.51,16.69,8.7055,16.69,9.668
SVD rank 0008 [fine_tuned],SVD,conv1|layer1.0.conv1|layer1.0.conv2|layer1.1.conv1|layer1.1.conv2|layer1.2.conv1|layer1.2.conv2|layer1.3.conv1|layer1.3.conv2|layer1.4.conv1|layer1.4.conv2|layer1.5.conv1|layer1.5.conv2|layer1.6.conv1|layer1.6.conv2|layer1.7.conv1|layer1.7.conv2|layer1.8.conv1|layer1.8.conv2|layer2.0.conv1|layer2.0.conv2|layer2.1.conv1|layer2.1.conv2|layer2.2.conv1|layer2.2.conv2|layer2.3.conv1|layer2.3.conv2|layer2.4.conv1|layer2.4.conv2|layer2.5.conv1|layer2.5.conv2|layer2.6.conv1|layer2.6.conv2|layer2.7.conv1|layer2.7.conv2|layer2.8.conv1|layer2.8.conv2|layer3.0.conv1|layer3.0.conv2|layer3.1.conv1|layer3.1.conv2|layer3.2.conv1|layer3.2.conv2|layer3.3.conv1|layer3.3.conv2|layer3.4.conv1|layer3.4.conv2|layer3.5.conv1|layer3.5.conv2|layer3.6.conv1|layer3.6.conv2|layer3.7.conv1|layer3.7.conv2|layer3.8.conv1|layer3.8.conv2|fc,8,True,49.9766,165586,5.1681,0.1225,0.6496,56.2734,2.0772,0.0436,10.0678,6281.36,80.89,81.2615,80.89,80.6974
SVD rank 0009 [compressed],SVD,conv1|layer1.0.conv1|layer1.0.conv2|layer1.1.conv1|layer1.1.conv2|layer1.2.conv1|layer1.2.conv2|layer1.3.conv1|layer1.3.conv2|layer1.4.conv1|layer1.4.conv2|layer1.5.conv1|layer1.5.conv2|layer1.6.conv1|layer1.6.conv2|layer1.7.conv1|layer1.7.conv2|layer1.8.conv1|layer1.8.conv2|layer2.0.conv1|layer2.0.conv2|layer2.1.conv1|layer2.1.conv2|layer2.2.conv1|layer2.2.conv2|layer2.3.conv1|layer2.3.conv2|layer2.4.conv1|layer2.4.conv2|layer2.5.conv1|layer2.5.conv2|layer2.6.conv1|layer2.6.conv2|layer2.7.conv1|layer2.7.conv2|layer2.8.conv1|layer2.8.conv2|layer3.0.conv1|layer3.0.conv2|layer3.1.conv1|layer3.1.conv2|layer3.2.conv1|layer3.2.conv2|layer3.3.conv1|layer3.3.conv2|layer3.4.conv1|layer3.4.conv2|layer3.5.conv1|layer3.5.conv2|layer3.6.conv1|layer3.6.conv2|layer3.7.conv1|layer3.7.conv2|layer3.8.conv1|layer3.8.conv2|fc,9,False,0.0,185431,4.615,0.1285,0.7245,56.2158,2.0223,0.0488,10.3086,6465.56,10.14,9.2371,10.14,2.0965
SVD rank 0009 [fine_tuned],SVD,conv1|layer1.0.conv1|layer1.0.conv2|layer1.1.conv1|layer1.1.conv2|layer1.2.conv1|layer1.2.conv2|layer1.3.conv1|layer1.3.conv2|layer1.4.conv1|layer1.4.conv2|layer1.5.conv1|layer1.5.conv2|layer1.6.conv1|layer1.6.conv2|layer1.7.conv1|layer1.7.conv2|layer1.8.conv1|layer1.8.conv2|layer2.0.conv1|layer2.0.conv2|layer2.1.conv1|layer2.1.conv2|layer2.2.conv1|layer2.2.conv2|layer2.3.conv1|layer2.3.conv2|layer2.4.conv1|layer2.4.conv2|layer2.5.conv1|layer2.5.conv2|layer2.6.conv1|layer2.6.conv2|layer2.7.conv1|layer2.7.conv2|layer2.8.conv1|layer2.8.conv2|layer3.0.conv1|layer3.0.conv2|layer3.1.conv1|layer3.1.conv2|layer3.2.conv1|layer3.2.conv2|layer3.3.conv1|layer3.3.conv2|layer3.4.conv1|layer3.4.conv2|layer3.5.conv1|layer3.5.conv2|layer3.6.conv1|layer3.6.conv2|layer3.7.conv1|layer3.7.conv2|layer3.8.conv1|layer3.8.conv2|fc,9,True,51.5553,185431,4.615,0.1285,0.7253,57.0015,2.0078,0.0488,10.2268,6478.2,81.04,82.2558,81.04,81.2118
SVD rank 0011 [compressed],SVD,conv1|layer1.0.conv1|layer1.0.conv2|layer1.1.conv1|layer1.1.conv2|layer1.2.conv1|layer1.2.conv2|layer1.3.conv1|layer1.3.conv2|layer1.4.conv1|layer1.4.conv2|layer1.5.conv1|layer1.5.conv2|layer1.6.conv1|layer1.6.conv2|layer1.7.conv1|layer1.7.conv2|layer1.8.conv1|layer1.8.conv2|layer2.0.conv1|layer2.0.conv2|layer2.1.conv1|layer2.1.conv2|layer2.2.conv1|layer2.2.conv2|layer2.3.conv1|layer2.3.conv2|layer2.4.conv1|layer2.4.conv2|layer2.5.conv1|layer2.5.conv2|layer2.6.conv1|layer2.6.conv2|layer2.7.conv1|layer2.7.conv2|layer2.8.conv1|layer2.8.conv2|layer3.0.conv1|layer3.0.conv2|layer3.1.conv1|layer3.1.conv2|layer3.2.conv1|layer3.2.conv2|layer3.3.conv1|layer3.3.conv2|layer3.4.conv1|layer3.4.conv2|layer3.5.conv1|layer3.5.conv2|layer3.6.conv1|layer3.6.conv2|layer3.7.conv1|layer3.7.conv2|layer3.8.conv1|layer3.8.conv2|fc,11,False,0.0,225004,3.8034,0.1324,0.8754,57.3535,2.0178,0.059,10.2411,5945.22,15.24,5.4466,15.24,7.4963
SVD rank 0011 [fine_tuned],SVD,conv1|layer1.0.conv1|layer1.0.conv2|layer1.1.conv1|layer1.1.conv2|layer1.2.conv1|layer1.2.conv2|layer1.3.conv1|layer1.3.conv2|layer1.4.conv1|layer1.4.conv2|layer1.5.conv1|layer1.5.conv2|layer1.6.conv1|layer1.6.conv2|layer1.7.conv1|layer1.7.conv2|layer1.8.conv1|layer1.8.conv2|layer2.0.conv1|layer2.0.conv2|layer2.1.conv1|layer2.1.conv2|layer2.2.conv1|layer2.2.conv2|layer2.3.conv1|layer2.3.conv2|layer2.4.conv1|layer2.4.conv2|layer2.5.conv1|layer2.5.conv2|layer2.6.conv1|layer2.6.conv2|layer2.7.conv1|layer2.7.conv2|layer2.8.conv1|layer2.8.conv2|layer3.0.conv1|layer3.0.conv2|layer3.1.conv1|layer3.1.conv2|layer3.2.conv1|layer3.2.conv2|layer3.3.conv1|layer3.3.conv2|layer3.4.conv1|layer3.4.conv2|layer3.5.conv1|layer3.5.conv2|layer3.6.conv1|layer3.6.conv2|layer3.7.conv1|layer3.7.conv2|layer3.8.conv1|layer3.8.conv2|fc,11,True,53.5937,225004,3.8034,0.1324,0.8763,58.2769,2.0748,0.059,10.3216,5592.14,82.2,83.2767,82.2,82.2329
SVD rank 0012 [compressed],SVD,conv1|layer1.0.conv1|layer1.0.conv2|layer1.1.conv1|layer1.1.conv2|layer1.2.conv1|layer1.2.conv2|layer1.3.conv1|layer1.3.conv2|layer1.4.conv1|layer1.4.conv2|layer1.5.conv1|layer1.5.conv2|layer1.6.conv1|layer1.6.conv2|layer1.7.conv1|layer1.7.conv2|layer1.8.conv1|layer1.8.conv2|layer2.0.conv1|layer2.0.conv2|layer2.1.conv1|layer2.1.conv2|layer2.2.conv1|layer2.2.conv2|layer2.3.conv1|layer2.3.conv2|layer2.4.conv1|layer2.4.conv2|layer2.5.conv1|layer2.5.conv2|layer2.6.conv1|layer2.6.conv2|layer2.7.conv1|layer2.7.conv2|layer2.8.conv1|layer2.8.conv2|layer3.0.conv1|layer3.0.conv2|layer3.1.conv1|layer3.1.conv2|layer3.2.conv1|layer3.2.conv2|layer3.3.conv1|layer3.3.conv2|layer3.4.conv1|layer3.4.conv2|layer3.5.conv1|layer3.5.conv2|layer3.6.conv1|layer3.6.conv2|layer3.7.conv1|layer3.7.conv2|layer3.8.conv1|layer3.8.conv2|fc,12,False,0.0,244732,3.4968,0.1329,0.9507,57.9136,2.0636,0.0642,10.3895,5625.23,13.03,14.466,13.03,7.6361
SVD rank 0012 [fine_tuned],SVD,conv1|layer1.0.conv1|layer1.0.conv2|layer1.1.conv1|layer1.1.conv2|layer1.2.conv1|layer1.2.conv2|layer1.3.conv1|layer1.3.conv2|layer1.4.conv1|layer1.4.conv2|layer1.5.conv1|layer1.5.conv2|layer1.6.conv1|layer1.6.conv2|layer1.7.conv1|layer1.7.conv2|layer1.8.conv1|layer1.8.conv2|layer2.0.conv1|layer2.0.conv2|layer2.1.conv1|layer2.1.conv2|layer2.2.conv1|layer2.2.conv2|layer2.3.conv1|layer2.3.conv2|layer2.4.conv1|layer2.4.conv2|layer2.5.conv1|layer2.5.conv2|layer2.6.conv1|layer2.6.conv2|layer2.7.conv1|layer2.7.conv2|layer2.8.conv1|layer2.8.conv2|layer3.0.conv1|layer3.0.conv2|layer3.1.conv1|layer3.1.conv2|layer3.2.conv1|layer3.2.conv2|layer3.3.conv1|layer3.3.conv2|layer3.4.conv1|layer3.4.conv2|layer3.5.conv1|layer3.5.conv2|layer3.6.conv1|layer3.6.conv2|layer3.7.conv1|layer3.7.conv2|layer3.8.conv1|layer3.8.conv2|fc,12,True,54.7996,244732,3.4968,0.1329,0.9515,58.897,2.0312,0.0642,10.4735,6792.77,80.13,81.7452,80.13,80.0918
SVD rank 0014 [compressed],SVD,conv1|layer1.0.conv1|layer1.0.conv2|layer1.1.conv1|layer1.1.conv2|layer1.2.conv1|layer1.2.conv2|layer1.3.conv1|layer1.3.conv2|layer1.4.conv1|layer1.4.conv2|layer1.5.conv1|layer1.5.conv2|layer1.6.conv1|layer1.6.conv2|layer1.7.conv1|layer1.7.conv2|layer1.8.conv1|layer1.8.conv2|layer2.0.conv1|layer2.0.conv2|layer2.1.conv1|layer2.1.conv2|layer2.2.conv1|layer2.2.conv2|layer2.3.conv1|layer2.3.conv2|layer2.4.conv1|layer2.4.conv2|layer2.5.conv1|layer2.5.conv2|layer2.6.conv1|layer2.6.conv2|layer2.7.conv1|layer2.7.conv2|layer2.8.conv1|layer2.8.conv2|layer3.0.conv1|layer3.0.conv2|layer3.1.conv1|layer3.1.conv2|layer3.2.conv1|layer3.2.conv2|layer3.3.conv1|layer3.3.conv2|layer3.4.conv1|layer3.4.conv2|layer3.5.conv1|layer3.5.conv2|layer3.6.conv1|layer3.6.conv2|layer3.7.conv1|layer3.7.conv2|layer3.8.conv1|layer3.8.conv2|fc,14,False,0.0,284188,3.0113,0.1301,1.1012,59.0684,1.9828,0.0744,10.2114,5749.25,24.4,23.3829,24.4,14.4105
SVD rank 0014 [fine_tuned],SVD,conv1|layer1.0.conv1|layer1.0.conv2|layer1.1.conv1|layer1.1.conv2|layer1.2.conv1|layer1.2.conv2|layer1.3.conv1|layer1.3.conv2|layer1.4.conv1|layer1.4.conv2|layer1.5.conv1|layer1.5.conv2|layer1.6.conv1|layer1.6.conv2|layer1.7.conv1|layer1.7.conv2|layer1.8.conv1|layer1.8.conv2|layer2.0.conv1|layer2.0.conv2|layer2.1.conv1|layer2.1.conv2|layer2.2.conv1|layer2.2.conv2|layer2.3.conv1|layer2.3.conv2|layer2.4.conv1|layer2.4.conv2|layer2.5.conv1|layer2.5.conv2|layer2.6.conv1|layer2.6.conv2|layer2.7.conv1|layer2.7.conv2|layer2.8.conv1|layer2.8.conv2|layer3.0.conv1|layer3.0.conv2|layer3.1.conv1|layer3.1.conv2|layer3.2.conv1|layer3.2.conv2|layer3.3.conv1|layer3.3.conv2|layer3.4.conv1|layer3.4.conv2|layer3.5.conv1|layer3.5.conv2|layer3.6.conv1|layer3.6.conv2|layer3.7.conv1|layer3.7.conv2|layer3.8.conv1|layer3.8.conv2|fc,14,True,56.8439,284188,3.0113,0.1301,1.102,60.2065,1.9718,0.0744,10.1875,5762.4,85.16,85.4963,85.16,85.0162
SVD rank 0015 [compressed],SVD,conv1|layer1.0.conv1|layer1.0.conv2|layer1.1.conv1|layer1.1.conv2|layer1.2.conv1|layer1.2.conv2|layer1.3.conv1|layer1.3.conv2|layer1.4.conv1|layer1.4.conv2|layer1.5.conv1|layer1.5.conv2|layer1.6.conv1|layer1.6.conv2|layer1.7.conv1|layer1.7.conv2|layer1.8.conv1|layer1.8.conv2|layer2.0.conv1|layer2.0.conv2|layer2.1.conv1|layer2.1.conv2|layer2.2.conv1|layer2.2.conv2|layer2.3.conv1|layer2.3.conv2|layer2.4.conv1|layer2.4.conv2|layer2.5.conv1|layer2.5.conv2|layer2.6.conv1|layer2.6.conv2|layer2.7.conv1|layer2.7.conv2|layer2.8.conv1|layer2.8.conv2|layer3.0.conv1|layer3.0.conv2|layer3.1.conv1|layer3.1.conv2|layer3.2.conv1|layer3.2.conv2|layer3.3.conv1|layer3.3.conv2|layer3.4.conv1|layer3.4.conv2|layer3.5.conv1|layer3.5.conv2|layer3.6.conv1|layer3.6.conv2|layer3.7.conv1|layer3.7.conv2|layer3.8.conv1|layer3.8.conv2|fc,15,False,0.0,301036,2.8427,0.1268,1.1655,59.1367,1.9593,0.0765,10.2229,5903.86,17.57,15.5616,17.57,11.8614
SVD rank 0015 [fine_tuned],SVD,conv1|layer1.0.conv1|layer1.0.conv2|layer1.1.conv1|layer1.1.conv2|layer1.2.conv1|layer1.2.conv2|layer1.3.conv1|layer1.3.conv2|layer1.4.conv1|layer1.4.conv2|layer1.5.conv1|layer1.5.conv2|layer1.6.conv1|layer1.6.conv2|layer1.7.conv1|layer1.7.conv2|layer1.8.conv1|layer1.8.conv2|layer2.0.conv1|layer2.0.conv2|layer2.1.conv1|layer2.1.conv2|layer2.2.conv1|layer2.2.conv2|layer2.3.conv1|layer2.3.conv2|layer2.4.conv1|layer2.4.conv2|layer2.5.conv1|layer2.5.conv2|layer2.6.conv1|layer2.6.conv2|layer2.7.conv1|layer2.7.conv2|layer2.8.conv1|layer2.8.conv2|layer3.0.conv1|layer3.0.conv2|layer3.1.conv1|layer3.1.conv2|layer3.2.conv1|layer3.2.conv2|layer3.3.conv1|layer3.3.conv2|layer3.4.conv1|layer3.4.conv2|layer3.5.conv1|layer3.5.conv2|layer3.6.conv1|layer3.6.conv2|layer3.7.conv1|layer3.7.conv2|layer3.8.conv1|layer3.8.conv2|fc,15,True,57.2433,301036,2.8427,0.1268,1.1663,60.3433,2.0094,0.0765,10.2334,5989.98,83.87,85.2726,83.87,83.8574
SVD rank 0017 [compressed],SVD,conv1|layer1.0.conv1|layer1.0.conv2|layer1.1.conv1|layer1.1.conv2|layer1.2.conv1|layer1.2.conv2|layer1.3.conv1|layer1.3.conv2|layer1.4.conv1|layer1.4.conv2|layer1.5.conv1|layer1.5.conv2|layer1.6.conv1|layer1.6.conv2|layer1.7.conv1|layer1.7.conv2|layer1.8.conv1|layer1.8.conv2|layer2.0.conv1|layer2.0.conv2|layer2.1.conv1|layer2.1.conv2|layer2.2.conv1|layer2.2.conv2|layer2.3.conv1|layer2.3.conv2|layer2.4.conv1|layer2.4.conv2|layer2.5.conv1|layer2.5.conv2|layer2.6.conv1|layer2.6.conv2|layer2.7.conv1|layer2.7.conv2|layer2.8.conv1|layer2.8.conv2|layer3.0.conv1|layer3.0.conv2|layer3.1.conv1|layer3.1.conv2|layer3.2.conv1|layer3.2.conv2|layer3.3.conv1|layer3.3.conv2|layer3.4.conv1|layer3.4.conv2|layer3.5.conv1|layer3.5.conv2|layer3.6.conv1|layer3.6.conv2|layer3.7.conv1|layer3.7.conv2|layer3.8.conv1|layer3.8.conv2|fc,17,False,0.0,334732,2.5566,0.1306,1.294,59.2744,1.9326,0.0808,10.2577,5969.99,21.61,24.6293,21.61,13.8783
SVD rank 0017 [fine_tuned],SVD,conv1|layer1.0.conv1|layer1.0.conv2|layer1.1.conv1|layer1.1.conv2|layer1.2.conv1|layer1.2.conv2|layer1.3.conv1|layer1.3.conv2|layer1.4.conv1|layer1.4.conv2|layer1.5.conv1|layer1.5.conv2|layer1.6.conv1|layer1.6.conv2|layer1.7.conv1|layer1.7.conv2|layer1.8.conv1|layer1.8.conv2|layer2.0.conv1|layer2.0.conv2|layer2.1.conv1|layer2.1.conv2|layer2.2.conv1|layer2.2.conv2|layer2.3.conv1|layer2.3.conv2|layer2.4.conv1|layer2.4.conv2|layer2.5.conv1|layer2.5.conv2|layer2.6.conv1|layer2.6.conv2|layer2.7.conv1|layer2.7.conv2|layer2.8.conv1|layer2.8.conv2|layer3.0.conv1|layer3.0.conv2|layer3.1.conv1|layer3.1.conv2|layer3.2.conv1|layer3.2.conv2|layer3.3.conv1|layer3.3.conv2|layer3.4.conv1|layer3.4.conv2|layer3.5.conv1|layer3.5.conv2|layer3.6.conv1|layer3.6.conv2|layer3.7.conv1|layer3.7.conv2|layer3.8.conv1|layer3.8.conv2|fc,17,True,57.1488,334732,2.5566,0.1306,1.2949,60.6187,1.9761,0.0808,10.124,6060.67,89.09,89.2415,89.09,89.0832
SVD rank 0018 [compressed],SVD,conv1|layer1.0.conv1|layer1.0.conv2|layer1.1.conv1|layer1.1.conv2|layer1.2.conv1|layer1.2.conv2|layer1.3.conv1|layer1.3.conv2|layer1.4.conv1|layer1.4.conv2|layer1.5.conv1|layer1.5.conv2|layer1.6.conv1|layer1.6.conv2|layer1.7.conv1|layer1.7.conv2|layer1.8.conv1|layer1.8.conv2|layer2.0.conv1|layer2.0.conv2|layer2.1.conv1|layer2.1.conv2|layer2.2.conv1|layer2.2.conv2|layer2.3.conv1|layer2.3.conv2|layer2.4.conv1|layer2.4.conv2|layer2.5.conv1|layer2.5.conv2|layer2.6.conv1|layer2.6.conv2|layer2.7.conv1|layer2.7.conv2|layer2.8.conv1|layer2.8.conv2|layer3.0.conv1|layer3.0.conv2|layer3.1.conv1|layer3.1.conv2|layer3.2.conv1|layer3.2.conv2|layer3.3.conv1|layer3.3.conv2|layer3.4.conv1|layer3.4.conv2|layer3.5.conv1|layer3.5.conv2|layer3.6.conv1|layer3.6.conv2|layer3.7.conv1|layer3.7.conv2|layer3.8.conv1|layer3.8.conv2|fc,18,False,0.0,351580,2.4341,0.1285,1.3583,59.3257,1.9881,0.083,9.9152,5528.85,22.0,52.4412,22.0,17.0084
SVD rank 0018 [fine_tuned],SVD,conv1|layer1.0.conv1|layer1.0.conv2|layer1.1.conv1|layer1.1.conv2|layer1.2.conv1|layer1.2.conv2|layer1.3.conv1|layer1.3.conv2|layer1.4.conv1|layer1.4.conv2|layer1.5.conv1|layer1.5.conv2|layer1.6.conv1|layer1.6.conv2|layer1.7.conv1|layer1.7.conv2|layer1.8.conv1|layer1.8.conv2|layer2.0.conv1|layer2.0.conv2|layer2.1.conv1|layer2.1.conv2|layer2.2.conv1|layer2.2.conv2|layer2.3.conv1|layer2.3.conv2|layer2.4.conv1|layer2.4.conv2|layer2.5.conv1|layer2.5.conv2|layer2.6.conv1|layer2.6.conv2|layer2.7.conv1|layer2.7.conv2|layer2.8.conv1|layer2.8.conv2|layer3.0.conv1|layer3.0.conv2|layer3.1.conv1|layer3.1.conv2|layer3.2.conv1|layer3.2.conv2|layer3.3.conv1|layer3.3.conv2|layer3.4.conv1|layer3.4.conv2|layer3.5.conv1|layer3.5.conv2|layer3.6.conv1|layer3.6.conv2|layer3.7.conv1|layer3.7.conv2|layer3.8.conv1|layer3.8.conv2|fc,18,True,57.0655,351580,2.4341,0.1285,1.3591,60.7212,1.9146,0.083,10.1051,6223.35,86.53,86.8933,86.53,86.5245
SVD rank 0020 [compressed],SVD,conv1|layer1.0.conv1|layer1.0.conv2|layer1.1.conv1|layer1.1.conv2|layer1.2.conv1|layer1.2.conv2|layer1.3.conv1|layer1.3.conv2|layer1.4.conv1|layer1.4.conv2|layer1.5.conv1|layer1.5.conv2|layer1.6.conv1|layer1.6.conv2|layer1.7.conv1|layer1.7.conv2|layer1.8.conv1|layer1.8.conv2|layer2.0.conv1|layer2.0.conv2|layer2.1.conv1|layer2.1.conv2|layer2.2.conv1|layer2.2.conv2|layer2.3.conv1|layer2.3.conv2|layer2.4.conv1|layer2.4.conv2|layer2.5.conv1|layer2.5.conv2|layer2.6.conv1|layer2.6.conv2|layer2.7.conv1|layer2.7.conv2|layer2.8.conv1|layer2.8.conv2|layer3.0.conv1|layer3.0.conv2|layer3.1.conv1|layer3.1.conv2|layer3.2.conv1|layer3.2.conv2|layer3.3.conv1|layer3.3.conv2|layer3.4.conv1|layer3.4.conv2|layer3.5.conv1|layer3.5.conv2|layer3.6.conv1|layer3.6.conv2|layer3.7.conv1|layer3.7.conv2|layer3.8.conv1|layer3.8.conv2|fc,20,False,0.0,385276,2.2212,0.1308,1.4868,59.4453,1.9392,0.0873,10.5656,5992.94,33.83,72.0354,33.83,30.2679
SVD rank 0020 [fine_tuned],SVD,conv1|layer1.0.conv1|layer1.0.conv2|layer1.1.conv1|layer1.1.conv2|layer1.2.conv1|layer1.2.conv2|layer1.3.conv1|layer1.3.conv2|layer1.4.conv1|layer1.4.conv2|layer1.5.conv1|layer1.5.conv2|layer1.6.conv1|layer1.6.conv2|layer1.7.conv1|layer1.7.conv2|layer1.8.conv1|layer1.8.conv2|layer2.0.conv1|layer2.0.conv2|layer2.1.conv1|layer2.1.conv2|layer2.2.conv1|layer2.2.conv2|layer2.3.conv1|layer2.3.conv2|layer2.4.conv1|layer2.4.conv2|layer2.5.conv1|layer2.5.conv2|layer2.6.conv1|layer2.6.conv2|layer2.7.conv1|layer2.7.conv2|layer2.8.conv1|layer2.8.conv2|layer3.0.conv1|layer3.0.conv2|layer3.1.conv1|layer3.1.conv2|layer3.2.conv1|layer3.2.conv2|layer3.3.conv1|layer3.3.conv2|layer3.4.conv1|layer3.4.conv2|layer3.5.conv1|layer3.5.conv2|layer3.6.conv1|layer3.6.conv2|layer3.7.conv1|layer3.7.conv2|layer3.8.conv1|layer3.8.conv2|fc,20,True,57.5289,385276,2.2212,0.1308,1.4877,60.9604,1.9691,0.0873,9.9972,6273.95,89.99,90.2169,89.99,89.9377
SVD rank 0021 [compressed],SVD,conv1|layer1.0.conv1|layer1.0.conv2|layer1.1.conv1|layer1.1.conv2|layer1.2.conv1|layer1.2.conv2|layer1.3.conv1|layer1.3.conv2|layer1.4.conv1|layer1.4.conv2|layer1.5.conv1|layer1.5.conv2|layer1.6.conv1|layer1.6.conv2|layer1.7.conv1|layer1.7.conv2|layer1.8.conv1|layer1.8.conv2|layer2.0.conv1|layer2.0.conv2|layer2.1.conv1|layer2.1.conv2|layer2.2.conv1|layer2.2.conv2|layer2.3.conv1|layer2.3.conv2|layer2.4.conv1|layer2.4.conv2|layer2.5.conv1|layer2.5.conv2|layer2.6.conv1|layer2.6.conv2|layer2.7.conv1|layer2.7.conv2|layer2.8.conv1|layer2.8.conv2|layer3.0.conv1|layer3.0.conv2|layer3.1.conv1|layer3.1.conv2|layer3.2.conv1|layer3.2.conv2|layer3.3.conv1|layer3.3.conv2|layer3.4.conv1|layer3.4.conv2|layer3.5.conv1|layer3.5.conv2|layer3.6.conv1|layer3.6.conv2|layer3.7.conv1|layer3.7.conv2|layer3.8.conv1|layer3.8.conv2|fc,21,False,0.0,402124,2.1281,0.1349,1.5511,59.5312,1.9745,0.0895,10.1567,6201.63,36.43,71.4585,36.43,35.2075
SVD rank 0021 [fine_tuned],SVD,conv1|layer1.0.conv1|layer1.0.conv2|layer1.1.conv1|layer1.1.conv2|layer1.2.conv1|layer1.2.conv2|layer1.3.conv1|layer1.3.conv2|layer1.4.conv1|layer1.4.conv2|layer1.5.conv1|layer1.5.conv2|layer1.6.conv1|layer1.6.conv2|layer1.7.conv1|layer1.7.conv2|layer1.8.conv1|layer1.8.conv2|layer2.0.conv1|layer2.0.conv2|layer2.1.conv1|layer2.1.conv2|layer2.2.conv1|layer2.2.conv2|layer2.3.conv1|layer2.3.conv2|layer2.4.conv1|layer2.4.conv2|layer2.5.conv1|layer2.5.conv2|layer2.6.conv1|layer2.6.conv2|layer2.7.conv1|layer2.7.conv2|layer2.8.conv1|layer2.8.conv2|layer3.0.conv1|layer3.0.conv2|layer3.1.conv1|layer3.1.conv2|layer3.2.conv1|layer3.2.conv2|layer3.3.conv1|layer3.3.conv2|layer3.4.conv1|layer3.4.conv2|layer3.5.conv1|layer3.5.conv2|layer3.6.conv1|layer3.6.conv2|layer3.7.conv1|layer3.7.conv2|layer3.8.conv1|layer3.8.conv2|fc,21,True,58.2009,402124,2.1281,0.1349,1.5519,61.1323,1.9364,0.0895,10.0216,6001.33,85.58,86.5326,85.58,85.6314
SVD rank 0023 [compressed],SVD,conv1|layer1.0.conv1|layer1.0.conv2|layer1.1.conv1|layer1.1.conv2|layer1.2.conv1|layer1.2.conv2|layer1.3.conv1|layer1.3.conv2|layer1.4.conv1|layer1.4.conv2|layer1.5.conv1|layer1.5.conv2|layer1.6.conv1|layer1.6.conv2|layer1.7.conv1|layer1.7.conv2|layer1.8.conv1|layer1.8.conv2|layer2.0.conv1|layer2.0.conv2|layer2.1.conv1|layer2.1.conv2|layer2.2.conv1|layer2.2.conv2|layer2.3.conv1|layer2.3.conv2|layer2.4.conv1|layer2.4.conv2|layer2.5.conv1|layer2.5.conv2|layer2.6.conv1|layer2.6.conv2|layer2.7.conv1|layer2.7.conv2|layer2.8.conv1|layer2.8.conv2|layer3.0.conv1|layer3.0.conv2|layer3.1.conv1|layer3.1.conv2|layer3.2.conv1|layer3.2.conv2|layer3.3.conv1|layer3.3.conv2|layer3.4.conv1|layer3.4.conv2|layer3.5.conv1|layer3.5.conv2|layer3.6.conv1|layer3.6.conv2|layer3.7.conv1|layer3.7.conv2|layer3.8.conv1|layer3.8.conv2|fc,23,False,0.0,435820,1.9636,0.1338,1.6796,59.6509,2.0597,0.0938,10.9329,5437.7,53.45,67.0418,53.45,52.4245
SVD rank 0023 [fine_tuned],SVD,conv1|layer1.0.conv1|layer1.0.conv2|layer1.1.conv1|layer1.1.conv2|layer1.2.conv1|layer1.2.conv2|layer1.3.conv1|layer1.3.conv2|layer1.4.conv1|layer1.4.conv2|layer1.5.conv1|layer1.5.conv2|layer1.6.conv1|layer1.6.conv2|layer1.7.conv1|layer1.7.conv2|layer1.8.conv1|layer1.8.conv2|layer2.0.conv1|layer2.0.conv2|layer2.1.conv1|layer2.1.conv2|layer2.2.conv1|layer2.2.conv2|layer2.3.conv1|layer2.3.conv2|layer2.4.conv1|layer2.4.conv2|layer2.5.conv1|layer2.5.conv2|layer2.6.conv1|layer2.6.conv2|layer2.7.conv1|layer2.7.conv2|layer2.8.conv1|layer2.8.conv2|layer3.0.conv1|layer3.0.conv2|layer3.1.conv1|layer3.1.conv2|layer3.2.conv1|layer3.2.conv2|layer3.3.conv1|layer3.3.conv2|layer3.4.conv1|layer3.4.conv2|layer3.5.conv1|layer3.5.conv2|layer3.6.conv1|layer3.6.conv2|layer3.7.conv1|layer3.7.conv2|layer3.8.conv1|layer3.8.conv2|fc,23,True,58.1694,435820,1.9636,0.1338,1.6805,61.3716,1.9219,0.0938,10.2348,5982.44,88.78,88.8449,88.78,88.734
SVD rank 0024 [compressed],SVD,conv1|layer1.0.conv1|layer1.0.conv2|layer1.1.conv1|layer1.1.conv2|layer1.2.conv1|layer1.2.conv2|layer1.3.conv1|layer1.3.conv2|layer1.4.conv1|layer1.4.conv2|layer1.5.conv1|layer1.5.conv2|layer1.6.conv1|layer1.6.conv2|layer1.7.conv1|layer1.7.conv2|layer1.8.conv1|layer1.8.conv2|layer2.0.conv1|layer2.0.conv2|layer2.1.conv1|layer2.1.conv2|layer2.2.conv1|layer2.2.conv2|layer2.3.conv1|layer2.3.conv2|layer2.4.conv1|layer2.4.conv2|layer2.5.conv1|layer2.5.conv2|layer2.6.conv1|layer2.6.conv2|layer2.7.conv1|layer2.7.conv2|layer2.8.conv1|layer2.8.conv2|layer3.0.conv1|layer3.0.conv2|layer3.1.conv1|layer3.1.conv2|layer3.2.conv1|layer3.2.conv2|layer3.3.conv1|layer3.3.conv2|layer3.4.conv1|layer3.4.conv2|layer3.5.conv1|layer3.5.conv2|layer3.6.conv1|layer3.6.conv2|layer3.7.conv1|layer3.7.conv2|layer3.8.conv1|layer3.8.conv2|fc,24,False,0.0,452668,1.8905,0.1252,1.7439,59.7021,1.9195,0.0959,9.9772,6075.86,57.37,71.793,57.37,56.9724
SVD rank 0024 [fine_tuned],SVD,conv1|layer1.0.conv1|layer1.0.conv2|layer1.1.conv1|layer1.1.conv2|layer1.2.conv1|layer1.2.conv2|layer1.3.conv1|layer1.3.conv2|layer1.4.conv1|layer1.4.conv2|layer1.5.conv1|layer1.5.conv2|layer1.6.conv1|layer1.6.conv2|layer1.7.conv1|layer1.7.conv2|layer1.8.conv1|layer1.8.conv2|layer2.0.conv1|layer2.0.conv2|layer2.1.conv1|layer2.1.conv2|layer2.2.conv1|layer2.2.conv2|layer2.3.conv1|layer2.3.conv2|layer2.4.conv1|layer2.4.conv2|layer2.5.conv1|layer2.5.conv2|layer2.6.conv1|layer2.6.conv2|layer2.7.conv1|layer2.7.conv2|layer2.8.conv1|layer2.8.conv2|layer3.0.conv1|layer3.0.conv2|layer3.1.conv1|layer3.1.conv2|layer3.2.conv1|layer3.2.conv2|layer3.3.conv1|layer3.3.conv2|layer3.4.conv1|layer3.4.conv2|layer3.5.conv1|layer3.5.conv2|layer3.6.conv1|layer3.6.conv2|layer3.7.conv1|layer3.7.conv2|layer3.8.conv1|layer3.8.conv2|fc,24,True,35.042,452668,1.8905,0.1252,1.7447,61.4741,2.0185,0.0959,10.177,5432.88,88.98,89.3607,88.98,88.9453
SVD rank 0026 [compressed],SVD,conv1|layer1.0.conv1|layer1.0.conv2|layer1.1.conv1|layer1.1.conv2|layer1.2.conv1|layer1.2.conv2|layer1.3.conv1|layer1.3.conv2|layer1.4.conv1|layer1.4.conv2|layer1.5.conv1|layer1.5.conv2|layer1.6.conv1|layer1.6.conv2|layer1.7.conv1|layer1.7.conv2|layer1.8.conv1|layer1.8.conv2|layer2.0.conv1|layer2.0.conv2|layer2.1.conv1|layer2.1.conv2|layer2.2.conv1|layer2.2.conv2|layer2.3.conv1|layer2.3.conv2|layer2.4.conv1|layer2.4.conv2|layer2.5.conv1|layer2.5.conv2|layer2.6.conv1|layer2.6.conv2|layer2.7.conv1|layer2.7.conv2|layer2.8.conv1|layer2.8.conv2|layer3.0.conv1|layer3.0.conv2|layer3.1.conv1|layer3.1.conv2|layer3.2.conv1|layer3.2.conv2|layer3.3.conv1|layer3.3.conv2|layer3.4.conv1|layer3.4.conv2|layer3.5.conv1|layer3.5.conv2|layer3.6.conv1|layer3.6.conv2|layer3.7.conv1|layer3.7.conv2|layer3.8.conv1|layer3.8.conv2|fc,26,False,0.0,486364,1.7595,0.1308,1.8724,59.8398,2.0288,0.1002,10.2103,5761.52,64.42,77.3155,64.42,64.5403
SVD rank 0026 [fine_tuned],SVD,conv1|layer1.0.conv1|layer1.0.conv2|layer1.1.conv1|layer1.1.conv2|layer1.2.conv1|layer1.2.conv2|layer1.3.conv1|layer1.3.conv2|layer1.4.conv1|layer1.4.conv2|layer1.5.conv1|layer1.5.conv2|layer1.6.conv1|layer1.6.conv2|layer1.7.conv1|layer1.7.conv2|layer1.8.conv1|layer1.8.conv2|layer2.0.conv1|layer2.0.conv2|layer2.1.conv1|layer2.1.conv2|layer2.2.conv1|layer2.2.conv2|layer2.3.conv1|layer2.3.conv2|layer2.4.conv1|layer2.4.conv2|layer2.5.conv1|layer2.5.conv2|layer2.6.conv1|layer2.6.conv2|layer2.7.conv1|layer2.7.conv2|layer2.8.conv1|layer2.8.conv2|layer3.0.conv1|layer3.0.conv2|layer3.1.conv1|layer3.1.conv2|layer3.2.conv1|layer3.2.conv2|layer3.3.conv1|layer3.3.conv2|layer3.4.conv1|layer3.4.conv2|layer3.5.conv1|layer3.5.conv2|layer3.6.conv1|layer3.6.conv2|layer3.7.conv1|layer3.7.conv2|layer3.8.conv1|layer3.8.conv2|fc,26,True,58.9067,486364,1.7595,0.1308,1.8733,61.7495,1.952,0.1002,10.562,6257.99,91.26,91.3198,91.26,91.2726
SVD rank 0027 [compressed],SVD,conv1|layer1.0.conv1|layer1.0.conv2|layer1.1.conv1|layer1.1.conv2|layer1.2.conv1|layer1.2.conv2|layer1.3.conv1|layer1.3.conv2|layer1.4.conv1|layer1.4.conv2|layer1.5.conv1|layer1.5.conv2|layer1.6.conv1|layer1.6.conv2|layer1.7.conv1|layer1.7.conv2|layer1.8.conv1|layer1.8.conv2|layer2.0.conv1|layer2.0.conv2|layer2.1.conv1|layer2.1.conv2|layer2.2.conv1|layer2.2.conv2|layer2.3.conv1|layer2.3.conv2|layer2.4.conv1|layer2.4.conv2|layer2.5.conv1|layer2.5.conv2|layer2.6.conv1|layer2.6.conv2|layer2.7.conv1|layer2.7.conv2|layer2.8.conv1|layer2.8.conv2|layer3.0.conv1|layer3.0.conv2|layer3.1.conv1|layer3.1.conv2|layer3.2.conv1|layer3.2.conv2|layer3.3.conv1|layer3.3.conv2|layer3.4.conv1|layer3.4.conv2|layer3.5.conv1|layer3.5.conv2|layer3.6.conv1|layer3.6.conv2|layer3.7.conv1|layer3.7.conv2|layer3.8.conv1|layer3.8.conv2|fc,27,False,0.0,503036,1.7012,0.1307,1.936,59.9077,1.9507,0.1024,10.3584,6036.68,67.53,78.7342,67.53,67.5922
SVD rank 0027 [fine_tuned],SVD,conv1|layer1.0.conv1|layer1.0.conv2|layer1.1.conv1|layer1.1.conv2|layer1.2.conv1|layer1.2.conv2|layer1.3.conv1|layer1.3.conv2|layer1.4.conv1|layer1.4.conv2|layer1.5.conv1|layer1.5.conv2|layer1.6.conv1|layer1.6.conv2|layer1.7.conv1|layer1.7.conv2|layer1.8.conv1|layer1.8.conv2|layer2.0.conv1|layer2.0.conv2|layer2.1.conv1|layer2.1.conv2|layer2.2.conv1|layer2.2.conv2|layer2.3.conv1|layer2.3.conv2|layer2.4.conv1|layer2.4.conv2|layer2.5.conv1|layer2.5.conv2|layer2.6.conv1|layer2.6.conv2|layer2.7.conv1|layer2.7.conv2|layer2.8.conv1|layer2.8.conv2|layer3.0.conv1|layer3.0.conv2|layer3.1.conv1|layer3.1.conv2|layer3.2.conv1|layer3.2.conv2|layer3.3.conv1|layer3.3.conv2|layer3.4.conv1|layer3.4.conv2|layer3.5.conv1|layer3.5.conv2|layer3.6.conv1|layer3.6.conv2|layer3.7.conv1|layer3.7.conv2|layer3.8.conv1|layer3.8.conv2|fc,27,True,59.2583,503036,1.7012,0.1307,1.9369,61.8853,2.0013,0.1024,10.4321,6462.49,91.96,92.0106,91.96,91.9478
SVD rank 0029 [compressed],SVD,conv1|layer1.0.conv1|layer1.0.conv2|layer1.1.conv1|layer1.1.conv2|layer1.2.conv1|layer1.2.conv2|layer1.3.conv1|layer1.3.conv2|layer1.4.conv1|layer1.4.conv2|layer1.5.conv1|layer1.5.conv2|layer1.6.conv1|layer1.6.conv2|layer1.7.conv1|layer1.7.conv2|layer1.8.conv1|layer1.8.conv2|layer2.0.conv1|layer2.0.conv2|layer2.1.conv1|layer2.1.conv2|layer2.2.conv1|layer2.2.conv2|layer2.3.conv1|layer2.3.conv2|layer2.4.conv1|layer2.4.conv2|layer2.5.conv1|layer2.5.conv2|layer2.6.conv1|layer2.6.conv2|layer2.7.conv1|layer2.7.conv2|layer2.8.conv1|layer2.8.conv2|layer3.0.conv1|layer3.0.conv2|layer3.1.conv1|layer3.1.conv2|layer3.2.conv1|layer3.2.conv2|layer3.3.conv1|layer3.3.conv2|layer3.4.conv1|layer3.4.conv2|layer3.5.conv1|layer3.5.conv2|layer3.6.conv1|layer3.6.conv2|layer3.7.conv1|layer3.7.conv2|layer3.8.conv1|layer3.8.conv2|fc,29,False,0.0,530940,1.6118,0.1398,2.0425,60.0103,1.9638,0.1052,11.0336,6110.31,74.52,83.8642,74.52,75.7472
SVD rank 0029 [fine_tuned],SVD,conv1|layer1.0.conv1|layer1.0.conv2|layer1.1.conv1|layer1.1.conv2|layer1.2.conv1|layer1.2.conv2|layer1.3.conv1|layer1.3.conv2|layer1.4.conv1|layer1.4.conv2|layer1.5.conv1|layer1.5.conv2|layer1.6.conv1|layer1.6.conv2|layer1.7.conv1|layer1.7.conv2|layer1.8.conv1|layer1.8.conv2|layer2.0.conv1|layer2.0.conv2|layer2.1.conv1|layer2.1.conv2|layer2.2.conv1|layer2.2.conv2|layer2.3.conv1|layer2.3.conv2|layer2.4.conv1|layer2.4.conv2|layer2.5.conv1|layer2.5.conv2|layer2.6.conv1|layer2.6.conv2|layer2.7.conv1|layer2.7.conv2|layer2.8.conv1|layer2.8.conv2|layer3.0.conv1|layer3.0.conv2|layer3.1.conv1|layer3.1.conv2|layer3.2.conv1|layer3.2.conv2|layer3.3.conv1|layer3.3.conv2|layer3.4.conv1|layer3.4.conv2|layer3.5.conv1|layer3.5.conv2|layer3.6.conv1|layer3.6.conv2|layer3.7.conv1|layer3.7.conv2|layer3.8.conv1|layer3.8.conv2|fc,29,True,53.4227,530940,1.6118,0.1398,2.0433,62.0903,2.067,0.1052,10.3999,5402.77,90.69,90.8689,90.69,90.6985
SVD rank 0030 [compressed],SVD,conv1|layer1.0.conv1|layer1.0.conv2|layer1.1.conv1|layer1.1.conv2|layer1.2.conv1|layer1.2.conv2|layer1.3.conv1|layer1.3.conv2|layer1.4.conv1|layer1.4.conv2|layer1.5.conv1|layer1.5.conv2|layer1.6.conv1|layer1.6.conv2|layer1.7.conv1|layer1.7.conv2|layer1.8.conv1|layer1.8.conv2|layer2.0.conv1|layer2.0.conv2|layer2.1.conv1|layer2.1.conv2|layer2.2.conv1|layer2.2.conv2|layer2.3.conv1|layer2.3.conv2|layer2.4.conv1|layer2.4.conv2|layer2.5.conv1|layer2.5.conv2|layer2.6.conv1|layer2.6.conv2|layer2.7.conv1|layer2.7.conv2|layer2.8.conv1|layer2.8.conv2|layer3.0.conv1|layer3.0.conv2|layer3.1.conv1|layer3.1.conv2|layer3.2.conv1|layer3.2.conv2|layer3.3.conv1|layer3.3.conv2|layer3.4.conv1|layer3.4.conv2|layer3.5.conv1|layer3.5.conv2|layer3.6.conv1|layer3.6.conv2|layer3.7.conv1|layer3.7.conv2|layer3.8.conv1|layer3.8.conv2|fc,30,False,0.0,542172,1.5784,0.133,2.0853,60.0444,1.9891,0.1059,10.7925,6253.93,77.7,84.8453,77.7,78.7384
SVD rank 0030 [fine_tuned],SVD,conv1|layer1.0.conv1|layer1.0.conv2|layer1.1.conv1|layer1.1.conv2|layer1.2.conv1|layer1.2.conv2|layer1.3.conv1|layer1.3.conv2|layer1.4.conv1|layer1.4.conv2|layer1.5.conv1|layer1.5.conv2|layer1.6.conv1|layer1.6.conv2|layer1.7.conv1|layer1.7.conv2|layer1.8.conv1|layer1.8.conv2|layer2.0.conv1|layer2.0.conv2|layer2.1.conv1|layer2.1.conv2|layer2.2.conv1|layer2.2.conv2|layer2.3.conv1|layer2.3.conv2|layer2.4.conv1|layer2.4.conv2|layer2.5.conv1|layer2.5.conv2|layer2.6.conv1|layer2.6.conv2|layer2.7.conv1|layer2.7.conv2|layer2.8.conv1|layer2.8.conv2|layer3.0.conv1|layer3.0.conv2|layer3.1.conv1|layer3.1.conv2|layer3.2.conv1|layer3.2.conv2|layer3.3.conv1|layer3.3.conv2|layer3.4.conv1|layer3.4.conv2|layer3.5.conv1|layer3.5.conv2|layer3.6.conv1|layer3.6.conv2|layer3.7.conv1|layer3.7.conv2|layer3.8.conv1|layer3.8.conv2|fc,30,True,59.228,542172,1.5784,0.133,2.0862,62.1587,2.0177,0.1059,10.4061,5861.48,92.1,92.1072,92.1,92.0802
SVD rank 0033 [compressed],SVD,conv1|layer1.0.conv1|layer1.0.conv2|layer1.1.conv1|layer1.1.conv2|layer1.2.conv1|layer1.2.conv2|layer1.3.conv1|layer1.3.conv2|layer1.4.conv1|layer1.4.conv2|layer1.5.conv1|layer1.5.conv2|layer1.6.conv1|layer1.6.conv2|layer1.7.conv1|layer1.7.conv2|layer1.8.conv1|layer1.8.conv2|layer2.0.conv1|layer2.0.conv2|layer2.1.conv1|layer2.1.conv2|layer2.2.conv1|layer2.2.conv2|layer2.3.conv1|layer2.3.conv2|layer2.4.conv1|layer2.4.conv2|layer2.5.conv1|layer2.5.conv2|layer2.6.conv1|layer2.6.conv2|layer2.7.conv1|layer2.7.conv2|layer2.8.conv1|layer2.8.conv2|layer3.0.conv1|layer3.0.conv2|layer3.1.conv1|layer3.1.conv2|layer3.2.conv1|layer3.2.conv2|layer3.3.conv1|layer3.3.conv2|layer3.4.conv1|layer3.4.conv2|layer3.5.conv1|layer3.5.conv2|layer3.6.conv1|layer3.6.conv2|layer3.7.conv1|layer3.7.conv2|layer3.8.conv1|layer3.8.conv2|fc,33,False,0.0,575868,1.4861,0.1335,2.2139,60.1816,1.9929,0.1081,10.347,5799.88,83.71,87.0724,83.71,84.1101
SVD rank 0033 [fine_tuned],SVD,conv1|layer1.0.conv1|layer1.0.conv2|layer1.1.conv1|layer1.1.conv2|layer1.2.conv1|layer1.2.conv2|layer1.3.conv1|layer1.3.conv2|layer1.4.conv1|layer1.4.conv2|layer1.5.conv1|layer1.5.conv2|layer1.6.conv1|layer1.6.conv2|layer1.7.conv1|layer1.7.conv2|layer1.8.conv1|layer1.8.conv2|layer2.0.conv1|layer2.0.conv2|layer2.1.conv1|layer2.1.conv2|layer2.2.conv1|layer2.2.conv2|layer2.3.conv1|layer2.3.conv2|layer2.4.conv1|layer2.4.conv2|layer2.5.conv1|layer2.5.conv2|layer2.6.conv1|layer2.6.conv2|layer2.7.conv1|layer2.7.conv2|layer2.8.conv1|layer2.8.conv2|layer3.0.conv1|layer3.0.conv2|layer3.1.conv1|layer3.1.conv2|layer3.2.conv1|layer3.2.conv2|layer3.3.conv1|layer3.3.conv2|layer3.4.conv1|layer3.4.conv2|layer3.5.conv1|layer3.5.conv2|layer3.6.conv1|layer3.6.conv2|layer3.7.conv1|layer3.7.conv2|layer3.8.conv1|layer3.8.conv2|fc,33,True,36.3931,575868,1.4861,0.1335,2.2147,62.4331,1.9872,0.1081,10.4511,5739.4,90.52,90.747,90.52,90.4982
SVD rank 0035 [compressed],SVD,conv1|layer1.0.conv1|layer1.0.conv2|layer1.1.conv1|layer1.1.conv2|layer1.2.conv1|layer1.2.conv2|layer1.3.conv1|layer1.3.conv2|layer1.4.conv1|layer1.4.conv2|layer1.5.conv1|layer1.5.conv2|layer1.6.conv1|layer1.6.conv2|layer1.7.conv1|layer1.7.conv2|layer1.8.conv1|layer1.8.conv2|layer2.0.conv1|layer2.0.conv2|layer2.1.conv1|layer2.1.conv2|layer2.2.conv1|layer2.2.conv2|layer2.3.conv1|layer2.3.conv2|layer2.4.conv1|layer2.4.conv2|layer2.5.conv1|layer2.5.conv2|layer2.6.conv1|layer2.6.conv2|layer2.7.conv1|layer2.7.conv2|layer2.8.conv1|layer2.8.conv2|layer3.0.conv1|layer3.0.conv2|layer3.1.conv1|layer3.1.conv2|layer3.2.conv1|layer3.2.conv2|layer3.3.conv1|layer3.3.conv2|layer3.4.conv1|layer3.4.conv2|layer3.5.conv1|layer3.5.conv2|layer3.6.conv1|layer3.6.conv2|layer3.7.conv1|layer3.7.conv2|layer3.8.conv1|layer3.8.conv2|fc,35,False,0.0,598332,1.4303,0.1373,2.2996,60.2671,1.9514,0.1095,10.5288,5782.23,86.08,88.2086,86.08,86.3722
SVD rank 0035 [fine_tuned],SVD,conv1|layer1.0.conv1|layer1.0.conv2|layer1.1.conv1|layer1.1.conv2|layer1.2.conv1|layer1.2.conv2|layer1.3.conv1|layer1.3.conv2|layer1.4.conv1|layer1.4.conv2|layer1.5.conv1|layer1.5.conv2|layer1.6.conv1|layer1.6.conv2|layer1.7.conv1|layer1.7.conv2|layer1.8.conv1|layer1.8.conv2|layer2.0.conv1|layer2.0.conv2|layer2.1.conv1|layer2.1.conv2|layer2.2.conv1|layer2.2.conv2|layer2.3.conv1|layer2.3.conv2|layer2.4.conv1|layer2.4.conv2|layer2.5.conv1|layer2.5.conv2|layer2.6.conv1|layer2.6.conv2|layer2.7.conv1|layer2.7.conv2|layer2.8.conv1|layer2.8.conv2|layer3.0.conv1|layer3.0.conv2|layer3.1.conv1|layer3.1.conv2|layer3.2.conv1|layer3.2.conv2|layer3.3.conv1|layer3.3.conv2|layer3.4.conv1|layer3.4.conv2|layer3.5.conv1|layer3.5.conv2|layer3.6.conv1|layer3.6.conv2|layer3.7.conv1|layer3.7.conv2|layer3.8.conv1|layer3.8.conv2|fc,35,True,41.1515,598332,1.4303,0.1373,2.3004,62.604,1.8999,0.1095,10.2803,6138.06,92.63,92.6861,92.63,92.6486
SVD rank 0038 [compressed],SVD,conv1|layer1.0.conv1|layer1.0.conv2|layer1.1.conv1|layer1.1.conv2|layer1.2.conv1|layer1.2.conv2|layer1.3.conv1|layer1.3.conv2|layer1.4.conv1|layer1.4.conv2|layer1.5.conv1|layer1.5.conv2|layer1.6.conv1|layer1.6.conv2|layer1.7.conv1|layer1.7.conv2|layer1.8.conv1|layer1.8.conv2|layer2.0.conv1|layer2.0.conv2|layer2.1.conv1|layer2.1.conv2|layer2.2.conv1|layer2.2.conv2|layer2.3.conv1|layer2.3.conv2|layer2.4.conv1|layer2.4.conv2|layer2.5.conv1|layer2.5.conv2|layer2.6.conv1|layer2.6.conv2|layer2.7.conv1|layer2.7.conv2|layer2.8.conv1|layer2.8.conv2|layer3.0.conv1|layer3.0.conv2|layer3.1.conv1|layer3.1.conv2|layer3.2.conv1|layer3.2.conv2|layer3.3.conv1|layer3.3.conv2|layer3.4.conv1|layer3.4.conv2|layer3.5.conv1|layer3.5.conv2|layer3.6.conv1|layer3.6.conv2|layer3.7.conv1|layer3.7.conv2|layer3.8.conv1|layer3.8.conv2|fc,38,False,0.0,632028,1.354,0.1311,2.4281,60.3872,1.9344,0.1117,10.7036,5891.94,89.11,90.06,89.11,89.2473
SVD rank 0038 [fine_tuned],SVD,conv1|layer1.0.conv1|layer1.0.conv2|layer1.1.conv1|layer1.1.conv2|layer1.2.conv1|layer1.2.conv2|layer1.3.conv1|layer1.3.conv2|layer1.4.conv1|layer1.4.conv2|layer1.5.conv1|layer1.5.conv2|layer1.6.conv1|layer1.6.conv2|layer1.7.conv1|layer1.7.conv2|layer1.8.conv1|layer1.8.conv2|layer2.0.conv1|layer2.0.conv2|layer2.1.conv1|layer2.1.conv2|layer2.2.conv1|layer2.2.conv2|layer2.3.conv1|layer2.3.conv2|layer2.4.conv1|layer2.4.conv2|layer2.5.conv1|layer2.5.conv2|layer2.6.conv1|layer2.6.conv2|layer2.7.conv1|layer2.7.conv2|layer2.8.conv1|layer2.8.conv2|layer3.0.conv1|layer3.0.conv2|layer3.1.conv1|layer3.1.conv2|layer3.2.conv1|layer3.2.conv2|layer3.3.conv1|layer3.3.conv2|layer3.4.conv1|layer3.4.conv2|layer3.5.conv1|layer3.5.conv2|layer3.6.conv1|layer3.6.conv2|layer3.7.conv1|layer3.7.conv2|layer3.8.conv1|layer3.8.conv2|fc,38,True,35.4838,632028,1.354,0.1311,2.4289,62.8442,1.9356,0.1117,10.0519,5908.28,93.16,93.2151,93.16,93.1621
SVD rank 0039 [compressed],SVD,conv1|layer1.0.conv1|layer1.0.conv2|layer1.1.conv1|layer1.1.conv2|layer1.2.conv1|layer1.2.conv2|layer1.3.conv1|layer1.3.conv2|layer1.4.conv1|layer1.4.conv2|layer1.5.conv1|layer1.5.conv2|layer1.6.conv1|layer1.6.conv2|layer1.7.conv1|layer1.7.conv2|layer1.8.conv1|layer1.8.conv2|layer2.0.conv1|layer2.0.conv2|layer2.1.conv1|layer2.1.conv2|layer2.2.conv1|layer2.2.conv2|layer2.3.conv1|layer2.3.conv2|layer2.4.conv1|layer2.4.conv2|layer2.5.conv1|layer2.5.conv2|layer2.6.conv1|layer2.6.conv2|layer2.7.conv1|layer2.7.conv2|layer2.8.conv1|layer2.8.conv2|layer3.0.conv1|layer3.0.conv2|layer3.1.conv1|layer3.1.conv2|layer3.2.conv1|layer3.2.conv2|layer3.3.conv1|layer3.3.conv2|layer3.4.conv1|layer3.4.conv2|layer3.5.conv1|layer3.5.conv2|layer3.6.conv1|layer3.6.conv2|layer3.7.conv1|layer3.7.conv2|layer3.8.conv1|layer3.8.conv2|fc,39,False,0.0,643260,1.3304,0.136,2.4709,60.4385,1.9495,0.1124,10.2725,6030.91,89.72,90.4574,89.72,89.8172
SVD rank 0039 [fine_tuned],SVD,conv1|layer1.0.conv1|layer1.0.conv2|layer1.1.conv1|layer1.1.conv2|layer1.2.conv1|layer1.2.conv2|layer1.3.conv1|layer1.3.conv2|layer1.4.conv1|layer1.4.conv2|layer1.5.conv1|layer1.5.conv2|layer1.6.conv1|layer1.6.conv2|layer1.7.conv1|layer1.7.conv2|layer1.8.conv1|layer1.8.conv2|layer2.0.conv1|layer2.0.conv2|layer2.1.conv1|layer2.1.conv2|layer2.2.conv1|layer2.2.conv2|layer2.3.conv1|layer2.3.conv2|layer2.4.conv1|layer2.4.conv2|layer2.5.conv1|layer2.5.conv2|layer2.6.conv1|layer2.6.conv2|layer2.7.conv1|layer2.7.conv2|layer2.8.conv1|layer2.8.conv2|layer3.0.conv1|layer3.0.conv2|layer3.1.conv1|layer3.1.conv2|layer3.2.conv1|layer3.2.conv2|layer3.3.conv1|layer3.3.conv2|layer3.4.conv1|layer3.4.conv2|layer3.5.conv1|layer3.5.conv2|layer3.6.conv1|layer3.6.conv2|layer3.7.conv1|layer3.7.conv2|layer3.8.conv1|layer3.8.conv2|fc,39,True,23.6257,643260,1.3304,0.136,2.4718,62.9468,1.9275,0.1124,10.6366,6193.36,92.87,92.8784,92.87,92.8523
SVD rank 0043 [compressed],SVD,conv1|layer1.0.conv1|layer1.0.conv2|layer1.1.conv1|layer1.1.conv2|layer1.2.conv1|layer1.2.conv2|layer1.3.conv1|layer1.3.conv2|layer1.4.conv1|layer1.4.conv2|layer1.5.conv1|layer1.5.conv2|layer1.6.conv1|layer1.6.conv2|layer1.7.conv1|layer1.7.conv2|layer1.8.conv1|layer1.8.conv2|layer2.0.conv1|layer2.0.conv2|layer2.1.conv1|layer2.1.conv2|layer2.2.conv1|layer2.2.conv2|layer2.3.conv1|layer2.3.conv2|layer2.4.conv1|layer2.4.conv2|layer2.5.conv1|layer2.5.conv2|layer2.6.conv1|layer2.6.conv2|layer2.7.conv1|layer2.7.conv2|layer2.8.conv1|layer2.8.conv2|layer3.0.conv1|layer3.0.conv2|layer3.1.conv1|layer3.1.conv2|layer3.2.conv1|layer3.2.conv2|layer3.3.conv1|layer3.3.conv2|layer3.4.conv1|layer3.4.conv2|layer3.5.conv1|layer3.5.conv2|layer3.6.conv1|layer3.6.conv2|layer3.7.conv1|layer3.7.conv2|layer3.8.conv1|layer3.8.conv2|fc,43,False,0.0,688188,1.2435,0.1273,2.6423,60.6099,1.9143,0.1152,10.4506,5898.97,91.13,91.5675,91.13,91.1987
SVD rank 0043 [fine_tuned],SVD,conv1|layer1.0.conv1|layer1.0.conv2|layer1.1.conv1|layer1.1.conv2|layer1.2.conv1|layer1.2.conv2|layer1.3.conv1|layer1.3.conv2|layer1.4.conv1|layer1.4.conv2|layer1.5.conv1|layer1.5.conv2|layer1.6.conv1|layer1.6.conv2|layer1.7.conv1|layer1.7.conv2|layer1.8.conv1|layer1.8.conv2|layer2.0.conv1|layer2.0.conv2|layer2.1.conv1|layer2.1.conv2|layer2.2.conv1|layer2.2.conv2|layer2.3.conv1|layer2.3.conv2|layer2.4.conv1|layer2.4.conv2|layer2.5.conv1|layer2.5.conv2|layer2.6.conv1|layer2.6.conv2|layer2.7.conv1|layer2.7.conv2|layer2.8.conv1|layer2.8.conv2|layer3.0.conv1|layer3.0.conv2|layer3.1.conv1|layer3.1.conv2|layer3.2.conv1|layer3.2.conv2|layer3.3.conv1|layer3.3.conv2|layer3.4.conv1|layer3.4.conv2|layer3.5.conv1|layer3.5.conv2|layer3.6.conv1|layer3.6.conv2|layer3.7.conv1|layer3.7.conv2|layer3.8.conv1|layer3.8.conv2|fc,43,True,23.7611,688188,1.2435,0.1273,2.6432,63.2896,1.9348,0.1152,10.2689,6042.72,93.29,93.3083,93.29,93.2818
SVD rank 0045 [compressed],SVD,conv1|layer1.0.conv1|layer1.0.conv2|layer1.1.conv1|layer1.1.conv2|layer1.2.conv1|layer1.2.conv2|layer1.3.conv1|layer1.3.conv2|layer1.4.conv1|layer1.4.conv2|layer1.5.conv1|layer1.5.conv2|layer1.6.conv1|layer1.6.conv2|layer1.7.conv1|layer1.7.conv2|layer1.8.conv1|layer1.8.conv2|layer2.0.conv1|layer2.0.conv2|layer2.1.conv1|layer2.1.conv2|layer2.2.conv1|layer2.2.conv2|layer2.3.conv1|layer2.3.conv2|layer2.4.conv1|layer2.4.conv2|layer2.5.conv1|layer2.5.conv2|layer2.6.conv1|layer2.6.conv2|layer2.7.conv1|layer2.7.conv2|layer2.8.conv1|layer2.8.conv2|layer3.0.conv1|layer3.0.conv2|layer3.1.conv1|layer3.1.conv2|layer3.2.conv1|layer3.2.conv2|layer3.3.conv1|layer3.3.conv2|layer3.4.conv1|layer3.4.conv2|layer3.5.conv1|layer3.5.conv2|layer3.6.conv1|layer3.6.conv2|layer3.7.conv1|layer3.7.conv2|layer3.8.conv1|layer3.8.conv2|fc,45,False,0.0,710652,1.2042,0.1309,2.728,60.6958,1.9248,0.1167,10.5862,5959.18,92.01,92.2664,92.01,92.0543
SVD rank 0045 [fine_tuned],SVD,conv1|layer1.0.conv1|layer1.0.conv2|layer1.1.conv1|layer1.1.conv2|layer1.2.conv1|layer1.2.conv2|layer1.3.conv1|layer1.3.conv2|layer1.4.conv1|layer1.4.conv2|layer1.5.conv1|layer1.5.conv2|layer1.6.conv1|layer1.6.conv2|layer1.7.conv1|layer1.7.conv2|layer1.8.conv1|layer1.8.conv2|layer2.0.conv1|layer2.0.conv2|layer2.1.conv1|layer2.1.conv2|layer2.2.conv1|layer2.2.conv2|layer2.3.conv1|layer2.3.conv2|layer2.4.conv1|layer2.4.conv2|layer2.5.conv1|layer2.5.conv2|layer2.6.conv1|layer2.6.conv2|layer2.7.conv1|layer2.7.conv2|layer2.8.conv1|layer2.8.conv2|layer3.0.conv1|layer3.0.conv2|layer3.1.conv1|layer3.1.conv2|layer3.2.conv1|layer3.2.conv2|layer3.3.conv1|layer3.3.conv2|layer3.4.conv1|layer3.4.conv2|layer3.5.conv1|layer3.5.conv2|layer3.6.conv1|layer3.6.conv2|layer3.7.conv1|layer3.7.conv2|layer3.8.conv1|layer3.8.conv2|fc,45,True,23.727,710652,1.2042,0.1309,2.7289,63.4614,1.9863,0.1167,10.1782,5800.85,93.49,93.5166,93.49,93.485
SVD rank 0049 [compressed],SVD,conv1|layer1.0.conv1|layer1.0.conv2|layer1.1.conv1|layer1.1.conv2|layer1.2.conv1|layer1.2.conv2|layer1.3.conv1|layer1.3.conv2|layer1.4.conv1|layer1.4.conv2|layer1.5.conv1|layer1.5.conv2|layer1.6.conv1|layer1.6.conv2|layer1.7.conv1|layer1.7.conv2|layer1.8.conv1|layer1.8.conv2|layer2.0.conv1|layer2.0.conv2|layer2.1.conv1|layer2.1.conv2|layer2.2.conv1|layer2.2.conv2|layer2.3.conv1|layer2.3.conv2|layer2.4.conv1|layer2.4.conv2|layer2.5.conv1|layer2.5.conv2|layer2.6.conv1|layer2.6.conv2|layer2.7.conv1|layer2.7.conv2|layer2.8.conv1|layer2.8.conv2|layer3.0.conv1|layer3.0.conv2|layer3.1.conv1|layer3.1.conv2|layer3.2.conv1|layer3.2.conv2|layer3.3.conv1|layer3.3.conv2|layer3.4.conv1|layer3.4.conv2|layer3.5.conv1|layer3.5.conv2|layer3.6.conv1|layer3.6.conv2|layer3.7.conv1|layer3.7.conv2|layer3.8.conv1|layer3.8.conv2|fc,49,False,0.0,755580,1.1326,0.1378,2.8994,60.8672,1.9333,0.1196,10.2629,6157.61,92.47,92.715,92.47,92.5215
SVD rank 0049 [fine_tuned],SVD,conv1|layer1.0.conv1|layer1.0.conv2|layer1.1.conv1|layer1.1.conv2|layer1.2.conv1|layer1.2.conv2|layer1.3.conv1|layer1.3.conv2|layer1.4.conv1|layer1.4.conv2|layer1.5.conv1|layer1.5.conv2|layer1.6.conv1|layer1.6.conv2|layer1.7.conv1|layer1.7.conv2|layer1.8.conv1|layer1.8.conv2|layer2.0.conv1|layer2.0.conv2|layer2.1.conv1|layer2.1.conv2|layer2.2.conv1|layer2.2.conv2|layer2.3.conv1|layer2.3.conv2|layer2.4.conv1|layer2.4.conv2|layer2.5.conv1|layer2.5.conv2|layer2.6.conv1|layer2.6.conv2|layer2.7.conv1|layer2.7.conv2|layer2.8.conv1|layer2.8.conv2|layer3.0.conv1|layer3.0.conv2|layer3.1.conv1|layer3.1.conv2|layer3.2.conv1|layer3.2.conv2|layer3.3.conv1|layer3.3.conv2|layer3.4.conv1|layer3.4.conv2|layer3.5.conv1|layer3.5.conv2|layer3.6.conv1|layer3.6.conv2|layer3.7.conv1|layer3.7.conv2|layer3.8.conv1|layer3.8.conv2|fc,49,True,23.8227,755580,1.1326,0.1378,2.9003,63.8042,1.9281,0.1196,10.0611,6099.37,93.7,93.7153,93.7,93.6994
SVD rank 0051 [compressed],SVD,conv1|layer1.0.conv1|layer1.0.conv2|layer1.1.conv1|layer1.1.conv2|layer1.2.conv1|layer1.2.conv2|layer1.3.conv1|layer1.3.conv2|layer1.4.conv1|layer1.4.conv2|layer1.5.conv1|layer1.5.conv2|layer1.6.conv1|layer1.6.conv2|layer1.7.conv1|layer1.7.conv2|layer1.8.conv1|layer1.8.conv2|layer2.0.conv1|layer2.0.conv2|layer2.1.conv1|layer2.1.conv2|layer2.2.conv1|layer2.2.conv2|layer2.3.conv1|layer2.3.conv2|layer2.4.conv1|layer2.4.conv2|layer2.5.conv1|layer2.5.conv2|layer2.6.conv1|layer2.6.conv2|layer2.7.conv1|layer2.7.conv2|layer2.8.conv1|layer2.8.conv2|layer3.0.conv1|layer3.0.conv2|layer3.1.conv1|layer3.1.conv2|layer3.2.conv1|layer3.2.conv2|layer3.3.conv1|layer3.3.conv2|layer3.4.conv1|layer3.4.conv2|layer3.5.conv1|layer3.5.conv2|layer3.6.conv1|layer3.6.conv2|layer3.7.conv1|layer3.7.conv2|layer3.8.conv1|layer3.8.conv2|fc,51,False,0.0,778044,1.0999,0.135,2.9851,60.9526,1.8962,0.121,9.866,5885.43,92.62,92.8275,92.62,92.6603
SVD rank 0051 [fine_tuned],SVD,conv1|layer1.0.conv1|layer1.0.conv2|layer1.1.conv1|layer1.1.conv2|layer1.2.conv1|layer1.2.conv2|layer1.3.conv1|layer1.3.conv2|layer1.4.conv1|layer1.4.conv2|layer1.5.conv1|layer1.5.conv2|layer1.6.conv1|layer1.6.conv2|layer1.7.conv1|layer1.7.conv2|layer1.8.conv1|layer1.8.conv2|layer2.0.conv1|layer2.0.conv2|layer2.1.conv1|layer2.1.conv2|layer2.2.conv1|layer2.2.conv2|layer2.3.conv1|layer2.3.conv2|layer2.4.conv1|layer2.4.conv2|layer2.5.conv1|layer2.5.conv2|layer2.6.conv1|layer2.6.conv2|layer2.7.conv1|layer2.7.conv2|layer2.8.conv1|layer2.8.conv2|layer3.0.conv1|layer3.0.conv2|layer3.1.conv1|layer3.1.conv2|layer3.2.conv1|layer3.2.conv2|layer3.3.conv1|layer3.3.conv2|layer3.4.conv1|layer3.4.conv2|layer3.5.conv1|layer3.5.conv2|layer3.6.conv1|layer3.6.conv2|layer3.7.conv1|layer3.7.conv2|layer3.8.conv1|layer3.8.conv2|fc,51,True,23.7864,778044,1.0999,0.135,2.986,63.9751,1.8938,0.121,10.0583,6145.42,93.69,93.7121,93.69,93.6982
SVD rank 0055 [compressed],SVD,conv1|layer1.0.conv1|layer1.0.conv2|layer1.1.conv1|layer1.1.conv2|layer1.2.conv1|layer1.2.conv2|layer1.3.conv1|layer1.3.conv2|layer1.4.conv1|layer1.4.conv2|layer1.5.conv1|layer1.5.conv2|layer1.6.conv1|layer1.6.conv2|layer1.7.conv1|layer1.7.conv2|layer1.8.conv1|layer1.8.conv2|layer2.0.conv1|layer2.0.conv2|layer2.1.conv1|layer2.1.conv2|layer2.2.conv1|layer2.2.conv2|layer2.3.conv1|layer2.3.conv2|layer2.4.conv1|layer2.4.conv2|layer2.5.conv1|layer2.5.conv2|layer2.6.conv1|layer2.6.conv2|layer2.7.conv1|layer2.7.conv2|layer2.8.conv1|layer2.8.conv2|layer3.0.conv1|layer3.0.conv2|layer3.1.conv1|layer3.1.conv2|layer3.2.conv1|layer3.2.conv2|layer3.3.conv1|layer3.3.conv2|layer3.4.conv1|layer3.4.conv2|layer3.5.conv1|layer3.5.conv2|layer3.6.conv1|layer3.6.conv2|layer3.7.conv1|layer3.7.conv2|layer3.8.conv1|layer3.8.conv2|fc,55,False,0.0,821916,1.0412,0.1242,3.1525,61.1196,1.911,0.1238,9.8524,5780.97,92.92,93.0685,92.92,92.9476
SVD rank 0055 [fine_tuned],SVD,conv1|layer1.0.conv1|layer1.0.conv2|layer1.1.conv1|layer1.1.conv2|layer1.2.conv1|layer1.2.conv2|layer1.3.conv1|layer1.3.conv2|layer1.4.conv1|layer1.4.conv2|layer1.5.conv1|layer1.5.conv2|layer1.6.conv1|layer1.6.conv2|layer1.7.conv1|layer1.7.conv2|layer1.8.conv1|layer1.8.conv2|layer2.0.conv1|layer2.0.conv2|layer2.1.conv1|layer2.1.conv2|layer2.2.conv1|layer2.2.conv2|layer2.3.conv1|layer2.3.conv2|layer2.4.conv1|layer2.4.conv2|layer2.5.conv1|layer2.5.conv2|layer2.6.conv1|layer2.6.conv2|layer2.7.conv1|layer2.7.conv2|layer2.8.conv1|layer2.8.conv2|layer3.0.conv1|layer3.0.conv2|layer3.1.conv1|layer3.1.conv2|layer3.2.conv1|layer3.2.conv2|layer3.3.conv1|layer3.3.conv2|layer3.4.conv1|layer3.4.conv2|layer3.5.conv1|layer3.5.conv2|layer3.6.conv1|layer3.6.conv2|layer3.7.conv1|layer3.7.conv2|layer3.8.conv1|layer3.8.conv2|fc,55,True,23.7469,821916,1.0412,0.1242,3.1533,64.3091,2.0195,0.1238,10.157,5433.59,94.0,94.0007,94.0,93.9965
SVD rank 0057 [compressed],SVD,conv1|layer1.0.conv1|layer1.0.conv2|layer1.1.conv1|layer1.1.conv2|layer1.2.conv1|layer1.2.conv2|layer1.3.conv1|layer1.3.conv2|layer1.4.conv1|layer1.4.conv2|layer1.5.conv1|layer1.5.conv2|layer1.6.conv1|layer1.6.conv2|layer1.7.conv1|layer1.7.conv2|layer1.8.conv1|layer1.8.conv2|layer2.0.conv1|layer2.0.conv2|layer2.1.conv1|layer2.1.conv2|layer2.2.conv1|layer2.2.conv2|layer2.3.conv1|layer2.3.conv2|layer2.4.conv1|layer2.4.conv2|layer2.5.conv1|layer2.5.conv2|layer2.6.conv1|layer2.6.conv2|layer2.7.conv1|layer2.7.conv2|layer2.8.conv1|layer2.8.conv2|layer3.0.conv1|layer3.0.conv2|layer3.1.conv1|layer3.1.conv2|layer3.2.conv1|layer3.2.conv2|layer3.3.conv1|layer3.3.conv2|layer3.4.conv1|layer3.4.conv2|layer3.5.conv1|layer3.5.conv2|layer3.6.conv1|layer3.6.conv2|layer3.7.conv1|layer3.7.conv2|layer3.8.conv1|layer3.8.conv2|fc,57,False,0.0,843676,1.0143,0.132,3.2355,61.2026,1.9663,0.1252,9.8895,6122.07,93.18,93.2776,93.18,93.1924
SVD rank 0057 [fine_tuned],SVD,conv1|layer1.0.conv1|layer1.0.conv2|layer1.1.conv1|layer1.1.conv2|layer1.2.conv1|layer1.2.conv2|layer1.3.conv1|layer1.3.conv2|layer1.4.conv1|layer1.4.conv2|layer1.5.conv1|layer1.5.conv2|layer1.6.conv1|layer1.6.conv2|layer1.7.conv1|layer1.7.conv2|layer1.8.conv1|layer1.8.conv2|layer2.0.conv1|layer2.0.conv2|layer2.1.conv1|layer2.1.conv2|layer2.2.conv1|layer2.2.conv2|layer2.3.conv1|layer2.3.conv2|layer2.4.conv1|layer2.4.conv2|layer2.5.conv1|layer2.5.conv2|layer2.6.conv1|layer2.6.conv2|layer2.7.conv1|layer2.7.conv2|layer2.8.conv1|layer2.8.conv2|layer3.0.conv1|layer3.0.conv2|layer3.1.conv1|layer3.1.conv2|layer3.2.conv1|layer3.2.conv2|layer3.3.conv1|layer3.3.conv2|layer3.4.conv1|layer3.4.conv2|layer3.5.conv1|layer3.5.conv2|layer3.6.conv1|layer3.6.conv2|layer3.7.conv1|layer3.7.conv2|layer3.8.conv1|layer3.8.conv2|fc,57,True,23.8733,843676,1.0143,0.132,3.2363,64.4751,1.9396,0.1252,10.2434,5937.83,93.96,93.9678,93.96,93.959
Tucker rank 0002 [compressed],Tucker,conv1|layer1.0.conv1|layer1.0.conv2|layer1.1.conv1|layer1.1.conv2|layer1.2.conv1|layer1.2.conv2|layer1.3.conv1|layer1.3.conv2|layer1.4.conv1|layer1.4.conv2|layer1.5.conv1|layer1.5.conv2|layer1.6.conv1|layer1.6.conv2|layer1.7.conv1|layer1.7.conv2|layer1.8.conv1|layer1.8.conv2|layer2.0.conv1|layer2.0.conv2|layer2.1.conv1|layer2.1.conv2|layer2.2.conv1|layer2.2.conv2|layer2.3.conv1|layer2.3.conv2|layer2.4.conv1|layer2.4.conv2|layer2.5.conv1|layer2.5.conv2|layer2.6.conv1|layer2.6.conv2|layer2.7.conv1|layer2.7.conv2|layer2.8.conv1|layer2.8.conv2|layer3.0.conv1|layer3.0.conv2|layer3.1.conv1|layer3.1.conv2|layer3.2.conv1|layer3.2.conv2|layer3.3.conv1|layer3.3.conv2|layer3.4.conv1|layer3.4.conv2|layer3.5.conv1|layer3.5.conv2|layer3.6.conv1|layer3.6.conv2|layer3.7.conv1|layer3.7.conv2|layer3.8.conv1|layer3.8.conv2|fc,2,False,0.0,16960,50.4581,0.9828,0.0818,52.0708,1.9561,0.0055,11.9176,6464.9,10.0,1.0,10.0,1.8182
Tucker rank 0002 [fine_tuned],Tucker,conv1|layer1.0.conv1|layer1.0.conv2|layer1.1.conv1|layer1.1.conv2|layer1.2.conv1|layer1.2.conv2|layer1.3.conv1|layer1.3.conv2|layer1.4.conv1|layer1.4.conv2|layer1.5.conv1|layer1.5.conv2|layer1.6.conv1|layer1.6.conv2|layer1.7.conv1|layer1.7.conv2|layer1.8.conv1|layer1.8.conv2|layer2.0.conv1|layer2.0.conv2|layer2.1.conv1|layer2.1.conv2|layer2.2.conv1|layer2.2.conv2|layer2.3.conv1|layer2.3.conv2|layer2.4.conv1|layer2.4.conv2|layer2.5.conv1|layer2.5.conv2|layer2.6.conv1|layer2.6.conv2|layer2.7.conv1|layer2.7.conv2|layer2.8.conv1|layer2.8.conv2|layer3.0.conv1|layer3.0.conv2|layer3.1.conv1|layer3.1.conv2|layer3.2.conv1|layer3.2.conv2|layer3.3.conv1|layer3.3.conv2|layer3.4.conv1|layer3.4.conv2|layer3.5.conv1|layer3.5.conv2|layer3.6.conv1|layer3.6.conv2|layer3.7.conv1|layer3.7.conv2|layer3.8.conv1|layer3.8.conv2|fc,2,True,31.6712,16960,50.4581,0.9828,0.0826,52.2183,1.9782,0.0055,11.783,6070.63,37.07,35.1873,37.07,33.0152
Tucker rank 0004 [compressed],Tucker,conv1|layer1.0.conv1|layer1.0.conv2|layer1.1.conv1|layer1.1.conv2|layer1.2.conv1|layer1.2.conv2|layer1.3.conv1|layer1.3.conv2|layer1.4.conv1|layer1.4.conv2|layer1.5.conv1|layer1.5.conv2|layer1.6.conv1|layer1.6.conv2|layer1.7.conv1|layer1.7.conv2|layer1.8.conv1|layer1.8.conv2|layer2.0.conv1|layer2.0.conv2|layer2.1.conv1|layer2.1.conv2|layer2.2.conv1|layer2.2.conv2|layer2.3.conv1|layer2.3.conv2|layer2.4.conv1|layer2.4.conv2|layer2.5.conv1|layer2.5.conv2|layer2.6.conv1|layer2.6.conv2|layer2.7.conv1|layer2.7.conv2|layer2.8.conv1|layer2.8.conv2|layer3.0.conv1|layer3.0.conv2|layer3.1.conv1|layer3.1.conv2|layer3.2.conv1|layer3.2.conv2|layer3.3.conv1|layer3.3.conv2|layer3.4.conv1|layer3.4.conv2|layer3.5.conv1|layer3.5.conv2|layer3.6.conv1|layer3.6.conv2|layer3.7.conv1|layer3.7.conv2|layer3.8.conv1|layer3.8.conv2|fc,4,False,0.0,31015,27.5921,1.0968,0.1354,53.1147,1.9278,0.0103,11.814,6662.71,10.0,1.0,10.0,1.8182
Tucker rank 0004 [fine_tuned],Tucker,conv1|layer1.0.conv1|layer1.0.conv2|layer1.1.conv1|layer1.1.conv2|layer1.2.conv1|layer1.2.conv2|layer1.3.conv1|layer1.3.conv2|layer1.4.conv1|layer1.4.conv2|layer1.5.conv1|layer1.5.conv2|layer1.6.conv1|layer1.6.conv2|layer1.7.conv1|layer1.7.conv2|layer1.8.conv1|layer1.8.conv2|layer2.0.conv1|layer2.0.conv2|layer2.1.conv1|layer2.1.conv2|layer2.2.conv1|layer2.2.conv2|layer2.3.conv1|layer2.3.conv2|layer2.4.conv1|layer2.4.conv2|layer2.5.conv1|layer2.5.conv2|layer2.6.conv1|layer2.6.conv2|layer2.7.conv1|layer2.7.conv2|layer2.8.conv1|layer2.8.conv2|layer3.0.conv1|layer3.0.conv2|layer3.1.conv1|layer3.1.conv2|layer3.2.conv1|layer3.2.conv2|layer3.3.conv1|layer3.3.conv2|layer3.4.conv1|layer3.4.conv2|layer3.5.conv1|layer3.5.conv2|layer3.6.conv1|layer3.6.conv2|layer3.7.conv1|layer3.7.conv2|layer3.8.conv1|layer3.8.conv2|fc,4,True,37.6328,31015,27.5921,1.0968,0.1363,53.3062,1.9338,0.0103,11.5626,6515.95,58.96,59.426,58.96,57.7515
Tucker rank 0005 [compressed],Tucker,conv1|layer1.0.conv1|layer1.0.conv2|layer1.1.conv1|layer1.1.conv2|layer1.2.conv1|layer1.2.conv2|layer1.3.conv1|layer1.3.conv2|layer1.4.conv1|layer1.4.conv2|layer1.5.conv1|layer1.5.conv2|layer1.6.conv1|layer1.6.conv2|layer1.7.conv1|layer1.7.conv2|layer1.8.conv1|layer1.8.conv2|layer2.0.conv1|layer2.0.conv2|layer2.1.conv1|layer2.1.conv2|layer2.2.conv1|layer2.2.conv2|layer2.3.conv1|layer2.3.conv2|layer2.4.conv1|layer2.4.conv2|layer2.5.conv1|layer2.5.conv2|layer2.6.conv1|layer2.6.conv2|layer2.7.conv1|layer2.7.conv2|layer2.8.conv1|layer2.8.conv2|layer3.0.conv1|layer3.0.conv2|layer3.1.conv1|layer3.1.conv2|layer3.2.conv1|layer3.2.conv2|layer3.3.conv1|layer3.3.conv2|layer3.4.conv1|layer3.4.conv2|layer3.5.conv1|layer3.5.conv2|layer3.6.conv1|layer3.6.conv2|layer3.7.conv1|layer3.7.conv2|layer3.8.conv1|layer3.8.conv2|fc,5,False,0.0,39490,21.6705,1.2184,0.1677,53.6504,2.0324,0.0133,11.698,5444.31,10.0,1.0,10.0,1.8182
Tucker rank 0005 [fine_tuned],Tucker,conv1|layer1.0.conv1|layer1.0.conv2|layer1.1.conv1|layer1.1.conv2|layer1.2.conv1|layer1.2.conv2|layer1.3.conv1|layer1.3.conv2|layer1.4.conv1|layer1.4.conv2|layer1.5.conv1|layer1.5.conv2|layer1.6.conv1|layer1.6.conv2|layer1.7.conv1|layer1.7.conv2|layer1.8.conv1|layer1.8.conv2|layer2.0.conv1|layer2.0.conv2|layer2.1.conv1|layer2.1.conv2|layer2.2.conv1|layer2.2.conv2|layer2.3.conv1|layer2.3.conv2|layer2.4.conv1|layer2.4.conv2|layer2.5.conv1|layer2.5.conv2|layer2.6.conv1|layer2.6.conv2|layer2.7.conv1|layer2.7.conv2|layer2.8.conv1|layer2.8.conv2|layer3.0.conv1|layer3.0.conv2|layer3.1.conv1|layer3.1.conv2|layer3.2.conv1|layer3.2.conv2|layer3.3.conv1|layer3.3.conv2|layer3.4.conv1|layer3.4.conv2|layer3.5.conv1|layer3.5.conv2|layer3.6.conv1|layer3.6.conv2|layer3.7.conv1|layer3.7.conv2|layer3.8.conv1|layer3.8.conv2|fc,5,True,35.1875,39490,21.6705,1.2184,0.1686,53.8774,2.0343,0.0133,11.6987,5660.7,62.58,65.2179,62.58,62.2573
Tucker rank 0007 [compressed],Tucker,conv1|layer1.0.conv1|layer1.0.conv2|layer1.1.conv1|layer1.1.conv2|layer1.2.conv1|layer1.2.conv2|layer1.3.conv1|layer1.3.conv2|layer1.4.conv1|layer1.4.conv2|layer1.5.conv1|layer1.5.conv2|layer1.6.conv1|layer1.6.conv2|layer1.7.conv1|layer1.7.conv2|layer1.8.conv1|layer1.8.conv2|layer2.0.conv1|layer2.0.conv2|layer2.1.conv1|layer2.1.conv2|layer2.2.conv1|layer2.2.conv2|layer2.3.conv1|layer2.3.conv2|layer2.4.conv1|layer2.4.conv2|layer2.5.conv1|layer2.5.conv2|layer2.6.conv1|layer2.6.conv2|layer2.7.conv1|layer2.7.conv2|layer2.8.conv1|layer2.8.conv2|layer3.0.conv1|layer3.0.conv2|layer3.1.conv1|layer3.1.conv2|layer3.2.conv1|layer3.2.conv2|layer3.3.conv1|layer3.3.conv2|layer3.4.conv1|layer3.4.conv2|layer3.5.conv1|layer3.5.conv2|layer3.6.conv1|layer3.6.conv2|layer3.7.conv1|layer3.7.conv2|layer3.8.conv1|layer3.8.conv2|fc,7,False,0.0,59356,14.4176,1.3158,0.2435,55.6021,2.1742,0.0207,11.8804,5011.91,10.0,1.0,10.0,1.8182
Tucker rank 0007 [fine_tuned],Tucker,conv1|layer1.0.conv1|layer1.0.conv2|layer1.1.conv1|layer1.1.conv2|layer1.2.conv1|layer1.2.conv2|layer1.3.conv1|layer1.3.conv2|layer1.4.conv1|layer1.4.conv2|layer1.5.conv1|layer1.5.conv2|layer1.6.conv1|layer1.6.conv2|layer1.7.conv1|layer1.7.conv2|layer1.8.conv1|layer1.8.conv2|layer2.0.conv1|layer2.0.conv2|layer2.1.conv1|layer2.1.conv2|layer2.2.conv1|layer2.2.conv2|layer2.3.conv1|layer2.3.conv2|layer2.4.conv1|layer2.4.conv2|layer2.5.conv1|layer2.5.conv2|layer2.6.conv1|layer2.6.conv2|layer2.7.conv1|layer2.7.conv2|layer2.8.conv1|layer2.8.conv2|layer3.0.conv1|layer3.0.conv2|layer3.1.conv1|layer3.1.conv2|layer3.2.conv1|layer3.2.conv2|layer3.3.conv1|layer3.3.conv2|layer3.4.conv1|layer3.4.conv2|layer3.5.conv1|layer3.5.conv2|layer3.6.conv1|layer3.6.conv2|layer3.7.conv1|layer3.7.conv2|layer3.8.conv1|layer3.8.conv2|fc,7,True,36.4703,59356,14.4176,1.3158,0.2444,55.8994,1.9718,0.0207,12.0807,7132.83,73.26,75.9398,73.26,73.2111
Tucker rank 0008 [compressed],Tucker,conv1|layer1.0.conv1|layer1.0.conv2|layer1.1.conv1|layer1.1.conv2|layer1.2.conv1|layer1.2.conv2|layer1.3.conv1|layer1.3.conv2|layer1.4.conv1|layer1.4.conv2|layer1.5.conv1|layer1.5.conv2|layer1.6.conv1|layer1.6.conv2|layer1.7.conv1|layer1.7.conv2|layer1.8.conv1|layer1.8.conv2|layer2.0.conv1|layer2.0.conv2|layer2.1.conv1|layer2.1.conv2|layer2.2.conv1|layer2.2.conv2|layer2.3.conv1|layer2.3.conv2|layer2.4.conv1|layer2.4.conv2|layer2.5.conv1|layer2.5.conv2|layer2.6.conv1|layer2.6.conv2|layer2.7.conv1|layer2.7.conv2|layer2.8.conv1|layer2.8.conv2|layer3.0.conv1|layer3.0.conv2|layer3.1.conv1|layer3.1.conv2|layer3.2.conv1|layer3.2.conv2|layer3.3.conv1|layer3.3.conv2|layer3.4.conv1|layer3.4.conv2|layer3.5.conv1|layer3.5.conv2|layer3.6.conv1|layer3.6.conv2|layer3.7.conv1|layer3.7.conv2|layer3.8.conv1|layer3.8.conv2|fc,8,False,0.0,70747,12.0962,1.3519,0.287,55.2534,1.9761,0.0251,11.4221,6307.79,10.0,1.0,10.0,1.8182
Tucker rank 0008 [fine_tuned],Tucker,conv1|layer1.0.conv1|layer1.0.conv2|layer1.1.conv1|layer1.1.conv2|layer1.2.conv1|layer1.2.conv2|layer1.3.conv1|layer1.3.conv2|layer1.4.conv1|layer1.4.conv2|layer1.5.conv1|layer1.5.conv2|layer1.6.conv1|layer1.6.conv2|layer1.7.conv1|layer1.7.conv2|layer1.8.conv1|layer1.8.conv2|layer2.0.conv1|layer2.0.conv2|layer2.1.conv1|layer2.1.conv2|layer2.2.conv1|layer2.2.conv2|layer2.3.conv1|layer2.3.conv2|layer2.4.conv1|layer2.4.conv2|layer2.5.conv1|layer2.5.conv2|layer2.6.conv1|layer2.6.conv2|layer2.7.conv1|layer2.7.conv2|layer2.8.conv1|layer2.8.conv2|layer3.0.conv1|layer3.0.conv2|layer3.1.conv1|layer3.1.conv2|layer3.2.conv1|layer3.2.conv2|layer3.3.conv1|layer3.3.conv2|layer3.4.conv1|layer3.4.conv2|layer3.5.conv1|layer3.5.conv2|layer3.6.conv1|layer3.6.conv2|layer3.7.conv1|layer3.7.conv2|layer3.8.conv1|layer3.8.conv2|fc,8,True,39.0314,70747,12.0962,1.3519,0.2878,55.5771,1.9221,0.0251,11.7226,7562.64,74.48,76.6456,74.48,73.4904
Tucker rank 0010 [compressed],Tucker,conv1|layer1.0.conv1|layer1.0.conv2|layer1.1.conv1|layer1.1.conv2|layer1.2.conv1|layer1.2.conv2|layer1.3.conv1|layer1.3.conv2|layer1.4.conv1|layer1.4.conv2|layer1.5.conv1|layer1.5.conv2|layer1.6.conv1|layer1.6.conv2|layer1.7.conv1|layer1.7.conv2|layer1.8.conv1|layer1.8.conv2|layer2.0.conv1|layer2.0.conv2|layer2.1.conv1|layer2.1.conv2|layer2.2.conv1|layer2.2.conv2|layer2.3.conv1|layer2.3.conv2|layer2.4.conv1|layer2.4.conv2|layer2.5.conv1|layer2.5.conv2|layer2.6.conv1|layer2.6.conv2|layer2.7.conv1|layer2.7.conv2|layer2.8.conv1|layer2.8.conv2|layer3.0.conv1|layer3.0.conv2|layer3.1.conv1|layer3.1.conv2|layer3.2.conv1|layer3.2.conv2|layer3.3.conv1|layer3.3.conv2|layer3.4.conv1|layer3.4.conv2|layer3.5.conv1|layer3.5.conv2|layer3.6.conv1|layer3.6.conv2|layer3.7.conv1|layer3.7.conv2|layer3.8.conv1|layer3.8.conv2|fc,10,False,0.0,96445,8.8731,1.2621,0.385,56.3872,1.9357,0.0351,11.9169,6998.81,10.64,2.4614,10.64,2.6956
Tucker rank 0010 [fine_tuned],Tucker,conv1|layer1.0.conv1|layer1.0.conv2|layer1.1.conv1|layer1.1.conv2|layer1.2.conv1|layer1.2.conv2|layer1.3.conv1|layer1.3.conv2|layer1.4.conv1|layer1.4.conv2|layer1.5.conv1|layer1.5.conv2|layer1.6.conv1|layer1.6.conv2|layer1.7.conv1|layer1.7.conv2|layer1.8.conv1|layer1.8.conv2|layer2.0.conv1|layer2.0.conv2|layer2.1.conv1|layer2.1.conv2|layer2.2.conv1|layer2.2.conv2|layer2.3.conv1|layer2.3.conv2|layer2.4.conv1|layer2.4.conv2|layer2.5.conv1|layer2.5.conv2|layer2.6.conv1|layer2.6.conv2|layer2.7.conv1|layer2.7.conv2|layer2.8.conv1|layer2.8.conv2|layer3.0.conv1|layer3.0.conv2|layer3.1.conv1|layer3.1.conv2|layer3.2.conv1|layer3.2.conv2|layer3.3.conv1|layer3.3.conv2|layer3.4.conv1|layer3.4.conv2|layer3.5.conv1|layer3.5.conv2|layer3.6.conv1|layer3.6.conv2|layer3.7.conv1|layer3.7.conv2|layer3.8.conv1|layer3.8.conv2|fc,10,True,40.4496,96445,8.8731,1.2621,0.3859,56.8442,1.9373,0.0351,11.5947,7006.94,79.46,80.3189,79.46,79.3076
Tucker rank 0011 [compressed],Tucker,conv1|layer1.0.conv1|layer1.0.conv2|layer1.1.conv1|layer1.1.conv2|layer1.2.conv1|layer1.2.conv2|layer1.3.conv1|layer1.3.conv2|layer1.4.conv1|layer1.4.conv2|layer1.5.conv1|layer1.5.conv2|layer1.6.conv1|layer1.6.conv2|layer1.7.conv1|layer1.7.conv2|layer1.8.conv1|layer1.8.conv2|layer2.0.conv1|layer2.0.conv2|layer2.1.conv1|layer2.1.conv2|layer2.2.conv1|layer2.2.conv2|layer2.3.conv1|layer2.3.conv2|layer2.4.conv1|layer2.4.conv2|layer2.5.conv1|layer2.5.conv2|layer2.6.conv1|layer2.6.conv2|layer2.7.conv1|layer2.7.conv2|layer2.8.conv1|layer2.8.conv2|layer3.0.conv1|layer3.0.conv2|layer3.1.conv1|layer3.1.conv2|layer3.2.conv1|layer3.2.conv2|layer3.3.conv1|layer3.3.conv2|layer3.4.conv1|layer3.4.conv2|layer3.5.conv1|layer3.5.conv2|layer3.6.conv1|layer3.6.conv2|layer3.7.conv1|layer3.7.conv2|layer3.8.conv1|layer3.8.conv2|fc,11,False,0.0,110678,7.7321,1.3231,0.4393,57.9307,2.0205,0.0408,11.5087,5784.0,17.96,15.4442,17.96,11.7492
Tucker rank 0011 [fine_tuned],Tucker,conv1|layer1.0.conv1|layer1.0.conv2|layer1.1.conv1|layer1.1.conv2|layer1.2.conv1|layer1.2.conv2|layer1.3.conv1|layer1.3.conv2|layer1.4.conv1|layer1.4.conv2|layer1.5.conv1|layer1.5.conv2|layer1.6.conv1|layer1.6.conv2|layer1.7.conv1|layer1.7.conv2|layer1.8.conv1|layer1.8.conv2|layer2.0.conv1|layer2.0.conv2|layer2.1.conv1|layer2.1.conv2|layer2.2.conv1|layer2.2.conv2|layer2.3.conv1|layer2.3.conv2|layer2.4.conv1|layer2.4.conv2|layer2.5.conv1|layer2.5.conv2|layer2.6.conv1|layer2.6.conv2|layer2.7.conv1|layer2.7.conv2|layer2.8.conv1|layer2.8.conv2|layer3.0.conv1|layer3.0.conv2|layer3.1.conv1|layer3.1.conv2|layer3.2.conv1|layer3.2.conv2|layer3.3.conv1|layer3.3.conv2|layer3.4.conv1|layer3.4.conv2|layer3.5.conv1|layer3.5.conv2|layer3.6.conv1|layer3.6.conv2|layer3.7.conv1|layer3.7.conv2|layer3.8.conv1|layer3.8.conv2|fc,11,True,40.8801,110678,7.7321,1.3231,0.4402,58.4312,1.9486,0.0408,11.7715,7186.58,76.67,80.6693,76.67,76.719
Tucker rank 0013 [compressed],Tucker,conv1|layer1.0.conv1|layer1.0.conv2|layer1.1.conv1|layer1.1.conv2|layer1.2.conv1|layer1.2.conv2|layer1.3.conv1|layer1.3.conv2|layer1.4.conv1|layer1.4.conv2|layer1.5.conv1|layer1.5.conv2|layer1.6.conv1|layer1.6.conv2|layer1.7.conv1|layer1.7.conv2|layer1.8.conv1|layer1.8.conv2|layer2.0.conv1|layer2.0.conv2|layer2.1.conv1|layer2.1.conv2|layer2.2.conv1|layer2.2.conv2|layer2.3.conv1|layer2.3.conv2|layer2.4.conv1|layer2.4.conv2|layer2.5.conv1|layer2.5.conv2|layer2.6.conv1|layer2.6.conv2|layer2.7.conv1|layer2.7.conv2|layer2.8.conv1|layer2.8.conv2|layer3.0.conv1|layer3.0.conv2|layer3.1.conv1|layer3.1.conv2|layer3.2.conv1|layer3.2.conv2|layer3.3.conv1|layer3.3.conv2|layer3.4.conv1|layer3.4.conv2|layer3.5.conv1|layer3.5.conv2|layer3.6.conv1|layer3.6.conv2|layer3.7.conv1|layer3.7.conv2|layer3.8.conv1|layer3.8.conv2|fc,13,False,0.0,142060,6.024,1.3926,0.559,58.0444,2.0801,0.0534,12.2492,5576.9,20.09,20.4163,20.09,10.3102
Tucker rank 0013 [fine_tuned],Tucker,conv1|layer1.0.conv1|layer1.0.conv2|layer1.1.conv1|layer1.1.conv2|layer1.2.conv1|layer1.2.conv2|layer1.3.conv1|layer1.3.conv2|layer1.4.conv1|layer1.4.conv2|layer1.5.conv1|layer1.5.conv2|layer1.6.conv1|layer1.6.conv2|layer1.7.conv1|layer1.7.conv2|layer1.8.conv1|layer1.8.conv2|layer2.0.conv1|layer2.0.conv2|layer2.1.conv1|layer2.1.conv2|layer2.2.conv1|layer2.2.conv2|layer2.3.conv1|layer2.3.conv2|layer2.4.conv1|layer2.4.conv2|layer2.5.conv1|layer2.5.conv2|layer2.6.conv1|layer2.6.conv2|layer2.7.conv1|layer2.7.conv2|layer2.8.conv1|layer2.8.conv2|layer3.0.conv1|layer3.0.conv2|layer3.1.conv1|layer3.1.conv2|layer3.2.conv1|layer3.2.conv2|layer3.3.conv1|layer3.3.conv2|layer3.4.conv1|layer3.4.conv2|layer3.5.conv1|layer3.5.conv2|layer3.6.conv1|layer3.6.conv2|layer3.7.conv1|layer3.7.conv2|layer3.8.conv1|layer3.8.conv2|fc,13,True,54.0745,142060,6.024,1.3926,0.5599,58.6587,2.0413,0.0534,12.2245,5638.47,81.34,82.302,81.34,81.1504
Tucker rank 0014 [compressed],Tucker,conv1|layer1.0.conv1|layer1.0.conv2|layer1.1.conv1|layer1.1.conv2|layer1.2.conv1|layer1.2.conv2|layer1.3.conv1|layer1.3.conv2|layer1.4.conv1|layer1.4.conv2|layer1.5.conv1|layer1.5.conv2|layer1.6.conv1|layer1.6.conv2|layer1.7.conv1|layer1.7.conv2|layer1.8.conv1|layer1.8.conv2|layer2.0.conv1|layer2.0.conv2|layer2.1.conv1|layer2.1.conv2|layer2.2.conv1|layer2.2.conv2|layer2.3.conv1|layer2.3.conv2|layer2.4.conv1|layer2.4.conv2|layer2.5.conv1|layer2.5.conv2|layer2.6.conv1|layer2.6.conv2|layer2.7.conv1|layer2.7.conv2|layer2.8.conv1|layer2.8.conv2|layer3.0.conv1|layer3.0.conv2|layer3.1.conv1|layer3.1.conv2|layer3.2.conv1|layer3.2.conv2|layer3.3.conv1|layer3.3.conv2|layer3.4.conv1|layer3.4.conv2|layer3.5.conv1|layer3.5.conv2|layer3.6.conv1|layer3.6.conv2|layer3.7.conv1|layer3.7.conv2|layer3.8.conv1|layer3.8.conv2|fc,14,False,0.0,159209,5.3751,1.3268,0.6244,58.603,2.102,0.0604,12.2962,5402.58,20.48,14.0838,20.48,10.8917
Tucker rank 0014 [fine_tuned],Tucker,conv1|layer1.0.conv1|layer1.0.conv2|layer1.1.conv1|layer1.1.conv2|layer1.2.conv1|layer1.2.conv2|layer1.3.conv1|layer1.3.conv2|layer1.4.conv1|layer1.4.conv2|layer1.5.conv1|layer1.5.conv2|layer1.6.conv1|layer1.6.conv2|layer1.7.conv1|layer1.7.conv2|layer1.8.conv1|layer1.8.conv2|layer2.0.conv1|layer2.0.conv2|layer2.1.conv1|layer2.1.conv2|layer2.2.conv1|layer2.2.conv2|layer2.3.conv1|layer2.3.conv2|layer2.4.conv1|layer2.4.conv2|layer2.5.conv1|layer2.5.conv2|layer2.6.conv1|layer2.6.conv2|layer2.7.conv1|layer2.7.conv2|layer2.8.conv1|layer2.8.conv2|layer3.0.conv1|layer3.0.conv2|layer3.1.conv1|layer3.1.conv2|layer3.2.conv1|layer3.2.conv2|layer3.3.conv1|layer3.3.conv2|layer3.4.conv1|layer3.4.conv2|layer3.5.conv1|layer3.5.conv2|layer3.6.conv1|layer3.6.conv2|layer3.7.conv1|layer3.7.conv2|layer3.8.conv1|layer3.8.conv2|fc,14,True,55.3737,159209,5.3751,1.3268,0.6253,59.27,2.0157,0.0604,12.0979,5541.95,83.12,83.6697,83.12,82.747
Tucker rank 0016 [compressed],Tucker,conv1|layer1.0.conv1|layer1.0.conv2|layer1.1.conv1|layer1.1.conv2|layer1.2.conv1|layer1.2.conv2|layer1.3.conv1|layer1.3.conv2|layer1.4.conv1|layer1.4.conv2|layer1.5.conv1|layer1.5.conv2|layer1.6.conv1|layer1.6.conv2|layer1.7.conv1|layer1.7.conv2|layer1.8.conv1|layer1.8.conv2|layer2.0.conv1|layer2.0.conv2|layer2.1.conv1|layer2.1.conv2|layer2.2.conv1|layer2.2.conv2|layer2.3.conv1|layer2.3.conv2|layer2.4.conv1|layer2.4.conv2|layer2.5.conv1|layer2.5.conv2|layer2.6.conv1|layer2.6.conv2|layer2.7.conv1|layer2.7.conv2|layer2.8.conv1|layer2.8.conv2|layer3.0.conv1|layer3.0.conv2|layer3.1.conv1|layer3.1.conv2|layer3.2.conv1|layer3.2.conv2|layer3.3.conv1|layer3.3.conv2|layer3.4.conv1|layer3.4.conv2|layer3.5.conv1|layer3.5.conv2|layer3.6.conv1|layer3.6.conv2|layer3.7.conv1|layer3.7.conv2|layer3.8.conv1|layer3.8.conv2|fc,16,False,0.0,196423,4.3568,1.5754,0.7664,59.728,2.1672,0.0756,12.3053,5198.14,21.31,24.5211,21.31,11.0254
Tucker rank 0016 [fine_tuned],Tucker,conv1|layer1.0.conv1|layer1.0.conv2|layer1.1.conv1|layer1.1.conv2|layer1.2.conv1|layer1.2.conv2|layer1.3.conv1|layer1.3.conv2|layer1.4.conv1|layer1.4.conv2|layer1.5.conv1|layer1.5.conv2|layer1.6.conv1|layer1.6.conv2|layer1.7.conv1|layer1.7.conv2|layer1.8.conv1|layer1.8.conv2|layer2.0.conv1|layer2.0.conv2|layer2.1.conv1|layer2.1.conv2|layer2.2.conv1|layer2.2.conv2|layer2.3.conv1|layer2.3.conv2|layer2.4.conv1|layer2.4.conv2|layer2.5.conv1|layer2.5.conv2|layer2.6.conv1|layer2.6.conv2|layer2.7.conv1|layer2.7.conv2|layer2.8.conv1|layer2.8.conv2|layer3.0.conv1|layer3.0.conv2|layer3.1.conv1|layer3.1.conv2|layer3.2.conv1|layer3.2.conv2|layer3.3.conv1|layer3.3.conv2|layer3.4.conv1|layer3.4.conv2|layer3.5.conv1|layer3.5.conv2|layer3.6.conv1|layer3.6.conv2|layer3.7.conv1|layer3.7.conv2|layer3.8.conv1|layer3.8.conv2|fc,16,True,59.848,196423,4.3568,1.5754,0.7672,60.5181,2.2163,0.0756,12.2193,4915.15,83.62,84.7967,83.62,83.7174
Tucker rank 0017 [compressed],Tucker,conv1|layer1.0.conv1|layer1.0.conv2|layer1.1.conv1|layer1.1.conv2|layer1.2.conv1|layer1.2.conv2|layer1.3.conv1|layer1.3.conv2|layer1.4.conv1|layer1.4.conv2|layer1.5.conv1|layer1.5.conv2|layer1.6.conv1|layer1.6.conv2|layer1.7.conv1|layer1.7.conv2|layer1.8.conv1|layer1.8.conv2|layer2.0.conv1|layer2.0.conv2|layer2.1.conv1|layer2.1.conv2|layer2.2.conv1|layer2.2.conv2|layer2.3.conv1|layer2.3.conv2|layer2.4.conv1|layer2.4.conv2|layer2.5.conv1|layer2.5.conv2|layer2.6.conv1|layer2.6.conv2|layer2.7.conv1|layer2.7.conv2|layer2.8.conv1|layer2.8.conv2|layer3.0.conv1|layer3.0.conv2|layer3.1.conv1|layer3.1.conv2|layer3.2.conv1|layer3.2.conv2|layer3.3.conv1|layer3.3.conv2|layer3.4.conv1|layer3.4.conv2|layer3.5.conv1|layer3.5.conv2|layer3.6.conv1|layer3.6.conv2|layer3.7.conv1|layer3.7.conv2|layer3.8.conv1|layer3.8.conv2|fc,17,False,0.0,210354,4.0682,1.4358,0.8195,59.8149,2.0673,0.0777,11.8934,5294.98,25.54,25.5367,25.54,17.4935
Tucker rank 0017 [fine_tuned],Tucker,conv1|layer1.0.conv1|layer1.0.conv2|layer1.1.conv1|layer1.1.conv2|layer1.2.conv1|layer1.2.conv2|layer1.3.conv1|layer1.3.conv2|layer1.4.conv1|layer1.4.conv2|layer1.5.conv1|layer1.5.conv2|layer1.6.conv1|layer1.6.conv2|layer1.7.conv1|layer1.7.conv2|layer1.8.conv1|layer1.8.conv2|layer2.0.conv1|layer2.0.conv2|layer2.1.conv1|layer2.1.conv2|layer2.2.conv1|layer2.2.conv2|layer2.3.conv1|layer2.3.conv2|layer2.4.conv1|layer2.4.conv2|layer2.5.conv1|layer2.5.conv2|layer2.6.conv1|layer2.6.conv2|layer2.7.conv1|layer2.7.conv2|layer2.8.conv1|layer2.8.conv2|layer3.0.conv1|layer3.0.conv2|layer3.1.conv1|layer3.1.conv2|layer3.2.conv1|layer3.2.conv2|layer3.3.conv1|layer3.3.conv2|layer3.4.conv1|layer3.4.conv2|layer3.5.conv1|layer3.5.conv2|layer3.6.conv1|layer3.6.conv2|layer3.7.conv1|layer3.7.conv2|layer3.8.conv1|layer3.8.conv2|fc,17,True,59.7781,210354,4.0682,1.4358,0.8204,60.6919,1.9679,0.0777,12.0742,5810.94,83.0,84.6737,83.0,83.2475
Tucker rank 0019 [compressed],Tucker,conv1|layer1.0.conv1|layer1.0.conv2|layer1.1.conv1|layer1.1.conv2|layer1.2.conv1|layer1.2.conv2|layer1.3.conv1|layer1.3.conv2|layer1.4.conv1|layer1.4.conv2|layer1.5.conv1|layer1.5.conv2|layer1.6.conv1|layer1.6.conv2|layer1.7.conv1|layer1.7.conv2|layer1.8.conv1|layer1.8.conv2|layer2.0.conv1|layer2.0.conv2|layer2.1.conv1|layer2.1.conv2|layer2.2.conv1|layer2.2.conv2|layer2.3.conv1|layer2.3.conv2|layer2.4.conv1|layer2.4.conv2|layer2.5.conv1|layer2.5.conv2|layer2.6.conv1|layer2.6.conv2|layer2.7.conv1|layer2.7.conv2|layer2.8.conv1|layer2.8.conv2|layer3.0.conv1|layer3.0.conv2|layer3.1.conv1|layer3.1.conv2|layer3.2.conv1|layer3.2.conv2|layer3.3.conv1|layer3.3.conv2|layer3.4.conv1|layer3.4.conv2|layer3.5.conv1|layer3.5.conv2|layer3.6.conv1|layer3.6.conv2|layer3.7.conv1|layer3.7.conv2|layer3.8.conv1|layer3.8.conv2|fc,19,False,0.0,240106,3.5641,1.5442,0.933,59.9185,2.1282,0.0822,12.1071,5158.29,32.21,40.5713,32.21,27.2005
Tucker rank 0019 [fine_tuned],Tucker,conv1|layer1.0.conv1|layer1.0.conv2|layer1.1.conv1|layer1.1.conv2|layer1.2.conv1|layer1.2.conv2|layer1.3.conv1|layer1.3.conv2|layer1.4.conv1|layer1.4.conv2|layer1.5.conv1|layer1.5.conv2|layer1.6.conv1|layer1.6.conv2|layer1.7.conv1|layer1.7.conv2|layer1.8.conv1|layer1.8.conv2|layer2.0.conv1|layer2.0.conv2|layer2.1.conv1|layer2.1.conv2|layer2.2.conv1|layer2.2.conv2|layer2.3.conv1|layer2.3.conv2|layer2.4.conv1|layer2.4.conv2|layer2.5.conv1|layer2.5.conv2|layer2.6.conv1|layer2.6.conv2|layer2.7.conv1|layer2.7.conv2|layer2.8.conv1|layer2.8.conv2|layer3.0.conv1|layer3.0.conv2|layer3.1.conv1|layer3.1.conv2|layer3.2.conv1|layer3.2.conv2|layer3.3.conv1|layer3.3.conv2|layer3.4.conv1|layer3.4.conv2|layer3.5.conv1|layer3.5.conv2|layer3.6.conv1|layer3.6.conv2|layer3.7.conv1|layer3.7.conv2|layer3.8.conv1|layer3.8.conv2|fc,19,True,59.8679,240106,3.5641,1.5442,0.9339,60.8989,2.0862,0.0822,11.8473,5304.97,86.7,87.5811,86.7,86.7303
Tucker rank 0020 [compressed],Tucker,conv1|layer1.0.conv1|layer1.0.conv2|layer1.1.conv1|layer1.1.conv2|layer1.2.conv1|layer1.2.conv2|layer1.3.conv1|layer1.3.conv2|layer1.4.conv1|layer1.4.conv2|layer1.5.conv1|layer1.5.conv2|layer1.6.conv1|layer1.6.conv2|layer1.7.conv1|layer1.7.conv2|layer1.8.conv1|layer1.8.conv2|layer2.0.conv1|layer2.0.conv2|layer2.1.conv1|layer2.1.conv2|layer2.2.conv1|layer2.2.conv2|layer2.3.conv1|layer2.3.conv2|layer2.4.conv1|layer2.4.conv2|layer2.5.conv1|layer2.5.conv2|layer2.6.conv1|layer2.6.conv2|layer2.7.conv1|layer2.7.conv2|layer2.8.conv1|layer2.8.conv2|layer3.0.conv1|layer3.0.conv2|layer3.1.conv1|layer3.1.conv2|layer3.2.conv1|layer3.2.conv2|layer3.3.conv1|layer3.3.conv2|layer3.4.conv1|layer3.4.conv2|layer3.5.conv1|layer3.5.conv2|layer3.6.conv1|layer3.6.conv2|layer3.7.conv1|layer3.7.conv2|layer3.8.conv1|layer3.8.conv2|fc,20,False,0.0,255927,3.3438,1.4925,0.9934,59.9702,2.2086,0.0846,11.9078,4918.9,33.61,57.7572,33.61,28.9645
Tucker rank 0020 [fine_tuned],Tucker,conv1|layer1.0.conv1|layer1.0.conv2|layer1.1.conv1|layer1.1.conv2|layer1.2.conv1|layer1.2.conv2|layer1.3.conv1|layer1.3.conv2|layer1.4.conv1|layer1.4.conv2|layer1.5.conv1|layer1.5.conv2|layer1.6.conv1|layer1.6.conv2|layer1.7.conv1|layer1.7.conv2|layer1.8.conv1|layer1.8.conv2|layer2.0.conv1|layer2.0.conv2|layer2.1.conv1|layer2.1.conv2|layer2.2.conv1|layer2.2.conv2|layer2.3.conv1|layer2.3.conv2|layer2.4.conv1|layer2.4.conv2|layer2.5.conv1|layer2.5.conv2|layer2.6.conv1|layer2.6.conv2|layer2.7.conv1|layer2.7.conv2|layer2.8.conv1|layer2.8.conv2|layer3.0.conv1|layer3.0.conv2|layer3.1.conv1|layer3.1.conv2|layer3.2.conv1|layer3.2.conv2|layer3.3.conv1|layer3.3.conv2|layer3.4.conv1|layer3.4.conv2|layer3.5.conv1|layer3.5.conv2|layer3.6.conv1|layer3.6.conv2|layer3.7.conv1|layer3.7.conv2|layer3.8.conv1|layer3.8.conv2|fc,20,True,48.3524,255927,3.3438,1.4925,0.9942,61.0024,2.0229,0.0846,12.0396,5569.01,86.09,86.1692,86.09,85.8775
Tucker rank 0022 [compressed],Tucker,conv1|layer1.0.conv1|layer1.0.conv2|layer1.1.conv1|layer1.1.conv2|layer1.2.conv1|layer1.2.conv2|layer1.3.conv1|layer1.3.conv2|layer1.4.conv1|layer1.4.conv2|layer1.5.conv1|layer1.5.conv2|layer1.6.conv1|layer1.6.conv2|layer1.7.conv1|layer1.7.conv2|layer1.8.conv1|layer1.8.conv2|layer2.0.conv1|layer2.0.conv2|layer2.1.conv1|layer2.1.conv2|layer2.2.conv1|layer2.2.conv2|layer2.3.conv1|layer2.3.conv2|layer2.4.conv1|layer2.4.conv2|layer2.5.conv1|layer2.5.conv2|layer2.6.conv1|layer2.6.conv2|layer2.7.conv1|layer2.7.conv2|layer2.8.conv1|layer2.8.conv2|layer3.0.conv1|layer3.0.conv2|layer3.1.conv1|layer3.1.conv2|layer3.2.conv1|layer3.2.conv2|layer3.3.conv1|layer3.3.conv2|layer3.4.conv1|layer3.4.conv2|layer3.5.conv1|layer3.5.conv2|layer3.6.conv1|layer3.6.conv2|layer3.7.conv1|layer3.7.conv2|layer3.8.conv1|layer3.8.conv2|fc,22,False,0.0,289459,2.9564,1.5556,1.1213,60.1084,2.2246,0.0898,12.3136,4920.96,44.26,67.9537,44.26,42.1426
Tucker rank 0022 [fine_tuned],Tucker,conv1|layer1.0.conv1|layer1.0.conv2|layer1.1.conv1|layer1.1.conv2|layer1.2.conv1|layer1.2.conv2|layer1.3.conv1|layer1.3.conv2|layer1.4.conv1|layer1.4.conv2|layer1.5.conv1|layer1.5.conv2|layer1.6.conv1|layer1.6.conv2|layer1.7.conv1|layer1.7.conv2|layer1.8.conv1|layer1.8.conv2|layer2.0.conv1|layer2.0.conv2|layer2.1.conv1|layer2.1.conv2|layer2.2.conv1|layer2.2.conv2|layer2.3.conv1|layer2.3.conv2|layer2.4.conv1|layer2.4.conv2|layer2.5.conv1|layer2.5.conv2|layer2.6.conv1|layer2.6.conv2|layer2.7.conv1|layer2.7.conv2|layer2.8.conv1|layer2.8.conv2|layer3.0.conv1|layer3.0.conv2|layer3.1.conv1|layer3.1.conv2|layer3.2.conv1|layer3.2.conv2|layer3.3.conv1|layer3.3.conv2|layer3.4.conv1|layer3.4.conv2|layer3.5.conv1|layer3.5.conv2|layer3.6.conv1|layer3.6.conv2|layer3.7.conv1|layer3.7.conv2|layer3.8.conv1|layer3.8.conv2|fc,22,True,61.2744,289459,2.9564,1.5556,1.1222,61.2788,1.9867,0.0898,13.0935,5564.27,89.66,89.8639,89.66,89.6867
Tucker rank 0023 [compressed],Tucker,conv1|layer1.0.conv1|layer1.0.conv2|layer1.1.conv1|layer1.1.conv2|layer1.2.conv1|layer1.2.conv2|layer1.3.conv1|layer1.3.conv2|layer1.4.conv1|layer1.4.conv2|layer1.5.conv1|layer1.5.conv2|layer1.6.conv1|layer1.6.conv2|layer1.7.conv1|layer1.7.conv2|layer1.8.conv1|layer1.8.conv2|layer2.0.conv1|layer2.0.conv2|layer2.1.conv1|layer2.1.conv2|layer2.2.conv1|layer2.2.conv2|layer2.3.conv1|layer2.3.conv2|layer2.4.conv1|layer2.4.conv2|layer2.5.conv1|layer2.5.conv2|layer2.6.conv1|layer2.6.conv2|layer2.7.conv1|layer2.7.conv2|layer2.8.conv1|layer2.8.conv2|layer3.0.conv1|layer3.0.conv2|layer3.1.conv1|layer3.1.conv2|layer3.2.conv1|layer3.2.conv2|layer3.3.conv1|layer3.3.conv2|layer3.4.conv1|layer3.4.conv2|layer3.5.conv1|layer3.5.conv2|layer3.6.conv1|layer3.6.conv2|layer3.7.conv1|layer3.7.conv2|layer3.8.conv1|layer3.8.conv2|fc,23,False,0.0,307170,2.786,1.5324,1.1889,60.1772,2.0793,0.0925,12.1141,5258.18,51.96,69.2086,51.96,48.7337
Tucker rank 0023 [fine_tuned],Tucker,conv1|layer1.0.conv1|layer1.0.conv2|layer1.1.conv1|layer1.1.conv2|layer1.2.conv1|layer1.2.conv2|layer1.3.conv1|layer1.3.conv2|layer1.4.conv1|layer1.4.conv2|layer1.5.conv1|layer1.5.conv2|layer1.6.conv1|layer1.6.conv2|layer1.7.conv1|layer1.7.conv2|layer1.8.conv1|layer1.8.conv2|layer2.0.conv1|layer2.0.conv2|layer2.1.conv1|layer2.1.conv2|layer2.2.conv1|layer2.2.conv2|layer2.3.conv1|layer2.3.conv2|layer2.4.conv1|layer2.4.conv2|layer2.5.conv1|layer2.5.conv2|layer2.6.conv1|layer2.6.conv2|layer2.7.conv1|layer2.7.conv2|layer2.8.conv1|layer2.8.conv2|layer3.0.conv1|layer3.0.conv2|layer3.1.conv1|layer3.1.conv2|layer3.2.conv1|layer3.2.conv2|layer3.3.conv1|layer3.3.conv2|layer3.4.conv1|layer3.4.conv2|layer3.5.conv1|layer3.5.conv2|layer3.6.conv1|layer3.6.conv2|layer3.7.conv1|layer3.7.conv2|layer3.8.conv1|layer3.8.conv2|fc,23,True,63.1318,307170,2.786,1.5324,1.1897,61.4165,2.0319,0.0925,12.0718,5421.73,88.08,88.7343,88.08,88.2023
Tucker rank 0025 [compressed],Tucker,conv1|layer1.0.conv1|layer1.0.conv2|layer1.1.conv1|layer1.1.conv2|layer1.2.conv1|layer1.2.conv2|layer1.3.conv1|layer1.3.conv2|layer1.4.conv1|layer1.4.conv2|layer1.5.conv1|layer1.5.conv2|layer1.6.conv1|layer1.6.conv2|layer1.7.conv1|layer1.7.conv2|layer1.8.conv1|layer1.8.conv2|layer2.0.conv1|layer2.0.conv2|layer2.1.conv1|layer2.1.conv2|layer2.2.conv1|layer2.2.conv2|layer2.3.conv1|layer2.3.conv2|layer2.4.conv1|layer2.4.conv2|layer2.5.conv1|layer2.5.conv2|layer2.6.conv1|layer2.6.conv2|layer2.7.conv1|layer2.7.conv2|layer2.8.conv1|layer2.8.conv2|layer3.0.conv1|layer3.0.conv2|layer3.1.conv1|layer3.1.conv2|layer3.2.conv1|layer3.2.conv2|layer3.3.conv1|layer3.3.conv2|layer3.4.conv1|layer3.4.conv2|layer3.5.conv1|layer3.5.conv2|layer3.6.conv1|layer3.6.conv2|layer3.7.conv1|layer3.7.conv2|layer3.8.conv1|layer3.8.conv2|fc,25,False,0.0,344482,2.4842,1.5348,1.3312,60.3159,2.0446,0.0982,12.0092,5402.1,59.97,72.9714,59.97,60.3186
Tucker rank 0025 [fine_tuned],Tucker,conv1|layer1.0.conv1|layer1.0.conv2|layer1.1.conv1|layer1.1.conv2|layer1.2.conv1|layer1.2.conv2|layer1.3.conv1|layer1.3.conv2|layer1.4.conv1|layer1.4.conv2|layer1.5.conv1|layer1.5.conv2|layer1.6.conv1|layer1.6.conv2|layer1.7.conv1|layer1.7.conv2|layer1.8.conv1|layer1.8.conv2|layer2.0.conv1|layer2.0.conv2|layer2.1.conv1|layer2.1.conv2|layer2.2.conv1|layer2.2.conv2|layer2.3.conv1|layer2.3.conv2|layer2.4.conv1|layer2.4.conv2|layer2.5.conv1|layer2.5.conv2|layer2.6.conv1|layer2.6.conv2|layer2.7.conv1|layer2.7.conv2|layer2.8.conv1|layer2.8.conv2|layer3.0.conv1|layer3.0.conv2|layer3.1.conv1|layer3.1.conv2|layer3.2.conv1|layer3.2.conv2|layer3.3.conv1|layer3.3.conv2|layer3.4.conv1|layer3.4.conv2|layer3.5.conv1|layer3.5.conv2|layer3.6.conv1|layer3.6.conv2|layer3.7.conv1|layer3.7.conv2|layer3.8.conv1|layer3.8.conv2|fc,25,True,64.1691,344482,2.4842,1.5348,1.332,61.6938,2.0185,0.0982,11.7452,5463.9,88.53,88.536,88.53,88.4591
Tucker rank 0026 [compressed],Tucker,conv1|layer1.0.conv1|layer1.0.conv2|layer1.1.conv1|layer1.1.conv2|layer1.2.conv1|layer1.2.conv2|layer1.3.conv1|layer1.3.conv2|layer1.4.conv1|layer1.4.conv2|layer1.5.conv1|layer1.5.conv2|layer1.6.conv1|layer1.6.conv2|layer1.7.conv1|layer1.7.conv2|layer1.8.conv1|layer1.8.conv2|layer2.0.conv1|layer2.0.conv2|layer2.1.conv1|layer2.1.conv2|layer2.2.conv1|layer2.2.conv2|layer2.3.conv1|layer2.3.conv2|layer2.4.conv1|layer2.4.conv2|layer2.5.conv1|layer2.5.conv2|layer2.6.conv1|layer2.6.conv2|layer2.7.conv1|layer2.7.conv2|layer2.8.conv1|layer2.8.conv2|layer3.0.conv1|layer3.0.conv2|layer3.1.conv1|layer3.1.conv2|layer3.2.conv1|layer3.2.conv2|layer3.3.conv1|layer3.3.conv2|layer3.4.conv1|layer3.4.conv2|layer3.5.conv1|layer3.5.conv2|layer3.6.conv1|layer3.6.conv2|layer3.7.conv1|layer3.7.conv2|layer3.8.conv1|layer3.8.conv2|fc,26,False,0.0,364083,2.3505,1.5643,1.406,60.3848,2.1731,0.1012,12.1507,5017.01,57.45,75.4696,57.45,58.8785
Tucker rank 0026 [fine_tuned],Tucker,conv1|layer1.0.conv1|layer1.0.conv2|layer1.1.conv1|layer1.1.conv2|layer1.2.conv1|layer1.2.conv2|layer1.3.conv1|layer1.3.conv2|layer1.4.conv1|layer1.4.conv2|layer1.5.conv1|layer1.5.conv2|layer1.6.conv1|layer1.6.conv2|layer1.7.conv1|layer1.7.conv2|layer1.8.conv1|layer1.8.conv2|layer2.0.conv1|layer2.0.conv2|layer2.1.conv1|layer2.1.conv2|layer2.2.conv1|layer2.2.conv2|layer2.3.conv1|layer2.3.conv2|layer2.4.conv1|layer2.4.conv2|layer2.5.conv1|layer2.5.conv2|layer2.6.conv1|layer2.6.conv2|layer2.7.conv1|layer2.7.conv2|layer2.8.conv1|layer2.8.conv2|layer3.0.conv1|layer3.0.conv2|layer3.1.conv1|layer3.1.conv2|layer3.2.conv1|layer3.2.conv2|layer3.3.conv1|layer3.3.conv2|layer3.4.conv1|layer3.4.conv2|layer3.5.conv1|layer3.5.conv2|layer3.6.conv1|layer3.6.conv2|layer3.7.conv1|layer3.7.conv2|layer3.8.conv1|layer3.8.conv2|fc,26,True,64.3722,364083,2.3505,1.5643,1.4068,61.8315,2.173,0.1012,11.7544,5054.66,89.13,89.4222,89.13,89.1703
Tucker rank 0028 [compressed],Tucker,conv1|layer1.0.conv1|layer1.0.conv2|layer1.1.conv1|layer1.1.conv2|layer1.2.conv1|layer1.2.conv2|layer1.3.conv1|layer1.3.conv2|layer1.4.conv1|layer1.4.conv2|layer1.5.conv1|layer1.5.conv2|layer1.6.conv1|layer1.6.conv2|layer1.7.conv1|layer1.7.conv2|layer1.8.conv1|layer1.8.conv2|layer2.0.conv1|layer2.0.conv2|layer2.1.conv1|layer2.1.conv2|layer2.2.conv1|layer2.2.conv2|layer2.3.conv1|layer2.3.conv2|layer2.4.conv1|layer2.4.conv2|layer2.5.conv1|layer2.5.conv2|layer2.6.conv1|layer2.6.conv2|layer2.7.conv1|layer2.7.conv2|layer2.8.conv1|layer2.8.conv2|layer3.0.conv1|layer3.0.conv2|layer3.1.conv1|layer3.1.conv2|layer3.2.conv1|layer3.2.conv2|layer3.3.conv1|layer3.3.conv2|layer3.4.conv1|layer3.4.conv2|layer3.5.conv1|layer3.5.conv2|layer3.6.conv1|layer3.6.conv2|layer3.7.conv1|layer3.7.conv2|layer3.8.conv1|layer3.8.conv2|fc,28,False,0.0,405175,2.1121,1.5284,1.5627,60.5396,2.284,0.1075,11.9162,4761.96,67.81,81.1373,67.81,69.9396
Tucker rank 0028 [fine_tuned],Tucker,conv1|layer1.0.conv1|layer1.0.conv2|layer1.1.conv1|layer1.1.conv2|layer1.2.conv1|layer1.2.conv2|layer1.3.conv1|layer1.3.conv2|layer1.4.conv1|layer1.4.conv2|layer1.5.conv1|layer1.5.conv2|layer1.6.conv1|layer1.6.conv2|layer1.7.conv1|layer1.7.conv2|layer1.8.conv1|layer1.8.conv2|layer2.0.conv1|layer2.0.conv2|layer2.1.conv1|layer2.1.conv2|layer2.2.conv1|layer2.2.conv2|layer2.3.conv1|layer2.3.conv2|layer2.4.conv1|layer2.4.conv2|layer2.5.conv1|layer2.5.conv2|layer2.6.conv1|layer2.6.conv2|layer2.7.conv1|layer2.7.conv2|layer2.8.conv1|layer2.8.conv2|layer3.0.conv1|layer3.0.conv2|layer3.1.conv1|layer3.1.conv2|layer3.2.conv1|layer3.2.conv2|layer3.3.conv1|layer3.3.conv2|layer3.4.conv1|layer3.4.conv2|layer3.5.conv1|layer3.5.conv2|layer3.6.conv1|layer3.6.conv2|layer3.7.conv1|layer3.7.conv2|layer3.8.conv1|layer3.8.conv2|fc,28,True,45.5727,405175,2.1121,1.5284,1.5636,62.1411,2.2236,0.1075,11.6366,4871.73,89.31,89.66,89.31,89.3378
Tucker rank 0029 [compressed],Tucker,conv1|layer1.0.conv1|layer1.0.conv2|layer1.1.conv1|layer1.1.conv2|layer1.2.conv1|layer1.2.conv2|layer1.3.conv1|layer1.3.conv2|layer1.4.conv1|layer1.4.conv2|layer1.5.conv1|layer1.5.conv2|layer1.6.conv1|layer1.6.conv2|layer1.7.conv1|layer1.7.conv2|layer1.8.conv1|layer1.8.conv2|layer2.0.conv1|layer2.0.conv2|layer2.1.conv1|layer2.1.conv2|layer2.2.conv1|layer2.2.conv2|layer2.3.conv1|layer2.3.conv2|layer2.4.conv1|layer2.4.conv2|layer2.5.conv1|layer2.5.conv2|layer2.6.conv1|layer2.6.conv2|layer2.7.conv1|layer2.7.conv2|layer2.8.conv1|layer2.8.conv2|layer3.0.conv1|layer3.0.conv2|layer3.1.conv1|layer3.1.conv2|layer3.2.conv1|layer3.2.conv2|layer3.3.conv1|layer3.3.conv2|layer3.4.conv1|layer3.4.conv2|layer3.5.conv1|layer3.5.conv2|layer3.6.conv1|layer3.6.conv2|layer3.7.conv1|layer3.7.conv2|layer3.8.conv1|layer3.8.conv2|fc,29,False,0.0,426666,2.0057,1.454,1.6447,60.6431,2.1606,0.1108,12.0942,5097.19,68.55,84.5029,68.55,71.818
Tucker rank 0029 [fine_tuned],Tucker,conv1|layer1.0.conv1|layer1.0.conv2|layer1.1.conv1|layer1.1.conv2|layer1.2.conv1|layer1.2.conv2|layer1.3.conv1|layer1.3.conv2|layer1.4.conv1|layer1.4.conv2|layer1.5.conv1|layer1.5.conv2|layer1.6.conv1|layer1.6.conv2|layer1.7.conv1|layer1.7.conv2|layer1.8.conv1|layer1.8.conv2|layer2.0.conv1|layer2.0.conv2|layer2.1.conv1|layer2.1.conv2|layer2.2.conv1|layer2.2.conv2|layer2.3.conv1|layer2.3.conv2|layer2.4.conv1|layer2.4.conv2|layer2.5.conv1|layer2.5.conv2|layer2.6.conv1|layer2.6.conv2|layer2.7.conv1|layer2.7.conv2|layer2.8.conv1|layer2.8.conv2|layer3.0.conv1|layer3.0.conv2|layer3.1.conv1|layer3.1.conv2|layer3.2.conv1|layer3.2.conv2|layer3.3.conv1|layer3.3.conv2|layer3.4.conv1|layer3.4.conv2|layer3.5.conv1|layer3.5.conv2|layer3.6.conv1|layer3.6.conv2|layer3.7.conv1|layer3.7.conv2|layer3.8.conv1|layer3.8.conv2|fc,29,True,65.5019,426666,2.0057,1.454,1.6456,62.3481,2.1578,0.1108,12.1919,5101.6,91.14,91.2309,91.14,91.1305
Tucker rank 0031 [compressed],Tucker,conv1|layer1.0.conv1|layer1.0.conv2|layer1.1.conv1|layer1.1.conv2|layer1.2.conv1|layer1.2.conv2|layer1.3.conv1|layer1.3.conv2|layer1.4.conv1|layer1.4.conv2|layer1.5.conv1|layer1.5.conv2|layer1.6.conv1|layer1.6.conv2|layer1.7.conv1|layer1.7.conv2|layer1.8.conv1|layer1.8.conv2|layer2.0.conv1|layer2.0.conv2|layer2.1.conv1|layer2.1.conv2|layer2.2.conv1|layer2.2.conv2|layer2.3.conv1|layer2.3.conv2|layer2.4.conv1|layer2.4.conv2|layer2.5.conv1|layer2.5.conv2|layer2.6.conv1|layer2.6.conv2|layer2.7.conv1|layer2.7.conv2|layer2.8.conv1|layer2.8.conv2|layer3.0.conv1|layer3.0.conv2|layer3.1.conv1|layer3.1.conv2|layer3.2.conv1|layer3.2.conv2|layer3.3.conv1|layer3.3.conv2|layer3.4.conv1|layer3.4.conv2|layer3.5.conv1|layer3.5.conv2|layer3.6.conv1|layer3.6.conv2|layer3.7.conv1|layer3.7.conv2|layer3.8.conv1|layer3.8.conv2|fc,31,False,0.0,471538,1.8148,1.5248,1.8159,62.1357,2.1488,0.1177,11.8731,5097.49,75.12,85.7007,75.12,77.2818
Tucker rank 0031 [fine_tuned],Tucker,conv1|layer1.0.conv1|layer1.0.conv2|layer1.1.conv1|layer1.1.conv2|layer1.2.conv1|layer1.2.conv2|layer1.3.conv1|layer1.3.conv2|layer1.4.conv1|layer1.4.conv2|layer1.5.conv1|layer1.5.conv2|layer1.6.conv1|layer1.6.conv2|layer1.7.conv1|layer1.7.conv2|layer1.8.conv1|layer1.8.conv2|layer2.0.conv1|layer2.0.conv2|layer2.1.conv1|layer2.1.conv2|layer2.2.conv1|layer2.2.conv2|layer2.3.conv1|layer2.3.conv2|layer2.4.conv1|layer2.4.conv2|layer2.5.conv1|layer2.5.conv2|layer2.6.conv1|layer2.6.conv2|layer2.7.conv1|layer2.7.conv2|layer2.8.conv1|layer2.8.conv2|layer3.0.conv1|layer3.0.conv2|layer3.1.conv1|layer3.1.conv2|layer3.2.conv1|layer3.2.conv2|layer3.3.conv1|layer3.3.conv2|layer3.4.conv1|layer3.4.conv2|layer3.5.conv1|layer3.5.conv2|layer3.6.conv1|layer3.6.conv2|layer3.7.conv1|layer3.7.conv2|layer3.8.conv1|layer3.8.conv2|fc,31,True,59.7204,471538,1.8148,1.5248,1.8167,63.9956,2.2324,0.1177,11.8693,4869.24,90.48,90.6413,90.48,90.4772
Tucker rank 0032 [compressed],Tucker,conv1|layer1.0.conv1|layer1.0.conv2|layer1.1.conv1|layer1.1.conv2|layer1.2.conv1|layer1.2.conv2|layer1.3.conv1|layer1.3.conv2|layer1.4.conv1|layer1.4.conv2|layer1.5.conv1|layer1.5.conv2|layer1.6.conv1|layer1.6.conv2|layer1.7.conv1|layer1.7.conv2|layer1.8.conv1|layer1.8.conv2|layer2.0.conv1|layer2.0.conv2|layer2.1.conv1|layer2.1.conv2|layer2.2.conv1|layer2.2.conv2|layer2.3.conv1|layer2.3.conv2|layer2.4.conv1|layer2.4.conv2|layer2.5.conv1|layer2.5.conv2|layer2.6.conv1|layer2.6.conv2|layer2.7.conv1|layer2.7.conv2|layer2.8.conv1|layer2.8.conv2|layer3.0.conv1|layer3.0.conv2|layer3.1.conv1|layer3.1.conv2|layer3.2.conv1|layer3.2.conv2|layer3.3.conv1|layer3.3.conv2|layer3.4.conv1|layer3.4.conv2|layer3.5.conv1|layer3.5.conv2|layer3.6.conv1|layer3.6.conv2|layer3.7.conv1|layer3.7.conv2|layer3.8.conv1|layer3.8.conv2|fc,32,False,0.0,494919,1.7291,1.9135,1.9051,63.0273,2.0833,0.1213,11.7223,5253.68,75.68,86.1038,75.68,77.7285
Tucker rank 0032 [fine_tuned],Tucker,conv1|layer1.0.conv1|layer1.0.conv2|layer1.1.conv1|layer1.1.conv2|layer1.2.conv1|layer1.2.conv2|layer1.3.conv1|layer1.3.conv2|layer1.4.conv1|layer1.4.conv2|layer1.5.conv1|layer1.5.conv2|layer1.6.conv1|layer1.6.conv2|layer1.7.conv1|layer1.7.conv2|layer1.8.conv1|layer1.8.conv2|layer2.0.conv1|layer2.0.conv2|layer2.1.conv1|layer2.1.conv2|layer2.2.conv1|layer2.2.conv2|layer2.3.conv1|layer2.3.conv2|layer2.4.conv1|layer2.4.conv2|layer2.5.conv1|layer2.5.conv2|layer2.6.conv1|layer2.6.conv2|layer2.7.conv1|layer2.7.conv2|layer2.8.conv1|layer2.8.conv2|layer3.0.conv1|layer3.0.conv2|layer3.1.conv1|layer3.1.conv2|layer3.2.conv1|layer3.2.conv2|layer3.3.conv1|layer3.3.conv2|layer3.4.conv1|layer3.4.conv2|layer3.5.conv1|layer3.5.conv2|layer3.6.conv1|layer3.6.conv2|layer3.7.conv1|layer3.7.conv2|layer3.8.conv1|layer3.8.conv2|fc,32,True,39.8315,494919,1.7291,1.9135,1.9059,64.9561,2.0796,0.1213,11.7168,5246.58,89.67,89.8361,89.67,89.604
Tucker rank 0035 [compressed],Tucker,conv1|layer1.0.conv1|layer1.0.conv2|layer1.1.conv1|layer1.1.conv2|layer1.2.conv1|layer1.2.conv2|layer1.3.conv1|layer1.3.conv2|layer1.4.conv1|layer1.4.conv2|layer1.5.conv1|layer1.5.conv2|layer1.6.conv1|layer1.6.conv2|layer1.7.conv1|layer1.7.conv2|layer1.8.conv1|layer1.8.conv2|layer2.0.conv1|layer2.0.conv2|layer2.1.conv1|layer2.1.conv2|layer2.2.conv1|layer2.2.conv2|layer2.3.conv1|layer2.3.conv2|layer2.4.conv1|layer2.4.conv2|layer2.5.conv1|layer2.5.conv2|layer2.6.conv1|layer2.6.conv2|layer2.7.conv1|layer2.7.conv2|layer2.8.conv1|layer2.8.conv2|layer3.0.conv1|layer3.0.conv2|layer3.1.conv1|layer3.1.conv2|layer3.2.conv1|layer3.2.conv2|layer3.3.conv1|layer3.3.conv2|layer3.4.conv1|layer3.4.conv2|layer3.5.conv1|layer3.5.conv2|layer3.6.conv1|layer3.6.conv2|layer3.7.conv1|layer3.7.conv2|layer3.8.conv1|layer3.8.conv2|fc,35,False,0.0,533256,1.6048,1.9367,2.0513,63.1895,2.3528,0.1237,11.9015,4600.61,84.51,87.3976,84.51,84.9812
Tucker rank 0035 [fine_tuned],Tucker,conv1|layer1.0.conv1|layer1.0.conv2|layer1.1.conv1|layer1.1.conv2|layer1.2.conv1|layer1.2.conv2|layer1.3.conv1|layer1.3.conv2|layer1.4.conv1|layer1.4.conv2|layer1.5.conv1|layer1.5.conv2|layer1.6.conv1|layer1.6.conv2|layer1.7.conv1|layer1.7.conv2|layer1.8.conv1|layer1.8.conv2|layer2.0.conv1|layer2.0.conv2|layer2.1.conv1|layer2.1.conv2|layer2.2.conv1|layer2.2.conv2|layer2.3.conv1|layer2.3.conv2|layer2.4.conv1|layer2.4.conv2|layer2.5.conv1|layer2.5.conv2|layer2.6.conv1|layer2.6.conv2|layer2.7.conv1|layer2.7.conv2|layer2.8.conv1|layer2.8.conv2|layer3.0.conv1|layer3.0.conv2|layer3.1.conv1|layer3.1.conv2|layer3.2.conv1|layer3.2.conv2|layer3.3.conv1|layer3.3.conv2|layer3.4.conv1|layer3.4.conv2|layer3.5.conv1|layer3.5.conv2|layer3.6.conv1|layer3.6.conv2|layer3.7.conv1|layer3.7.conv2|layer3.8.conv1|layer3.8.conv2|fc,35,True,34.0727,533256,1.6048,1.9367,2.0522,65.2803,2.3139,0.1237,11.8608,4692.53,90.39,90.5494,90.39,90.4008
Tucker rank 0037 [compressed],Tucker,conv1|layer1.0.conv1|layer1.0.conv2|layer1.1.conv1|layer1.1.conv2|layer1.2.conv1|layer1.2.conv2|layer1.3.conv1|layer1.3.conv2|layer1.4.conv1|layer1.4.conv2|layer1.5.conv1|layer1.5.conv2|layer1.6.conv1|layer1.6.conv2|layer1.7.conv1|layer1.7.conv2|layer1.8.conv1|layer1.8.conv2|layer2.0.conv1|layer2.0.conv2|layer2.1.conv1|layer2.1.conv2|layer2.2.conv1|layer2.2.conv2|layer2.3.conv1|layer2.3.conv2|layer2.4.conv1|layer2.4.conv2|layer2.5.conv1|layer2.5.conv2|layer2.6.conv1|layer2.6.conv2|layer2.7.conv1|layer2.7.conv2|layer2.8.conv1|layer2.8.conv2|layer3.0.conv1|layer3.0.conv2|layer3.1.conv1|layer3.1.conv2|layer3.2.conv1|layer3.2.conv2|layer3.3.conv1|layer3.3.conv2|layer3.4.conv1|layer3.4.conv2|layer3.5.conv1|layer3.5.conv2|layer3.6.conv1|layer3.6.conv2|layer3.7.conv1|layer3.7.conv2|layer3.8.conv1|layer3.8.conv2|fc,37,False,0.0,560344,1.5272,1.902,2.1546,63.292,2.3985,0.1254,11.685,4505.26,86.38,88.5772,86.38,86.7583
Tucker rank 0037 [fine_tuned],Tucker,conv1|layer1.0.conv1|layer1.0.conv2|layer1.1.conv1|layer1.1.conv2|layer1.2.conv1|layer1.2.conv2|layer1.3.conv1|layer1.3.conv2|layer1.4.conv1|layer1.4.conv2|layer1.5.conv1|layer1.5.conv2|layer1.6.conv1|layer1.6.conv2|layer1.7.conv1|layer1.7.conv2|layer1.8.conv1|layer1.8.conv2|layer2.0.conv1|layer2.0.conv2|layer2.1.conv1|layer2.1.conv2|layer2.2.conv1|layer2.2.conv2|layer2.3.conv1|layer2.3.conv2|layer2.4.conv1|layer2.4.conv2|layer2.5.conv1|layer2.5.conv2|layer2.6.conv1|layer2.6.conv2|layer2.7.conv1|layer2.7.conv2|layer2.8.conv1|layer2.8.conv2|layer3.0.conv1|layer3.0.conv2|layer3.1.conv1|layer3.1.conv2|layer3.2.conv1|layer3.2.conv2|layer3.3.conv1|layer3.3.conv2|layer3.4.conv1|layer3.4.conv2|layer3.5.conv1|layer3.5.conv2|layer3.6.conv1|layer3.6.conv2|layer3.7.conv1|layer3.7.conv2|layer3.8.conv1|layer3.8.conv2|fc,37,True,40.974,560344,1.5272,1.902,2.1555,65.4854,2.3398,0.1254,11.8234,4654.92,92.01,92.0737,92.01,92.0099
Tucker rank 0040 [compressed],Tucker,conv1|layer1.0.conv1|layer1.0.conv2|layer1.1.conv1|layer1.1.conv2|layer1.2.conv1|layer1.2.conv2|layer1.3.conv1|layer1.3.conv2|layer1.4.conv1|layer1.4.conv2|layer1.5.conv1|layer1.5.conv2|layer1.6.conv1|layer1.6.conv2|layer1.7.conv1|layer1.7.conv2|layer1.8.conv1|layer1.8.conv2|layer2.0.conv1|layer2.0.conv2|layer2.1.conv1|layer2.1.conv2|layer2.2.conv1|layer2.2.conv2|layer2.3.conv1|layer2.3.conv2|layer2.4.conv1|layer2.4.conv2|layer2.5.conv1|layer2.5.conv2|layer2.6.conv1|layer2.6.conv2|layer2.7.conv1|layer2.7.conv2|layer2.8.conv1|layer2.8.conv2|layer3.0.conv1|layer3.0.conv2|layer3.1.conv1|layer3.1.conv2|layer3.2.conv1|layer3.2.conv2|layer3.3.conv1|layer3.3.conv2|layer3.4.conv1|layer3.4.conv2|layer3.5.conv1|layer3.5.conv2|layer3.6.conv1|layer3.6.conv2|layer3.7.conv1|layer3.7.conv2|layer3.8.conv1|layer3.8.conv2|fc,40,False,0.0,603271,1.4185,1.8482,2.3184,63.4448,2.3863,0.1282,11.6811,4517.51,88.55,89.7511,88.55,88.7861
Tucker rank 0040 [fine_tuned],Tucker,conv1|layer1.0.conv1|layer1.0.conv2|layer1.1.conv1|layer1.1.conv2|layer1.2.conv1|layer1.2.conv2|layer1.3.conv1|layer1.3.conv2|layer1.4.conv1|layer1.4.conv2|layer1.5.conv1|layer1.5.conv2|layer1.6.conv1|layer1.6.conv2|layer1.7.conv1|layer1.7.conv2|layer1.8.conv1|layer1.8.conv2|layer2.0.conv1|layer2.0.conv2|layer2.1.conv1|layer2.1.conv2|layer2.2.conv1|layer2.2.conv2|layer2.3.conv1|layer2.3.conv2|layer2.4.conv1|layer2.4.conv2|layer2.5.conv1|layer2.5.conv2|layer2.6.conv1|layer2.6.conv2|layer2.7.conv1|layer2.7.conv2|layer2.8.conv1|layer2.8.conv2|layer3.0.conv1|layer3.0.conv2|layer3.1.conv1|layer3.1.conv2|layer3.2.conv1|layer3.2.conv2|layer3.3.conv1|layer3.3.conv2|layer3.4.conv1|layer3.4.conv2|layer3.5.conv1|layer3.5.conv2|layer3.6.conv1|layer3.6.conv2|layer3.7.conv1|layer3.7.conv2|layer3.8.conv1|layer3.8.conv2|fc,40,True,34.0214,603271,1.4185,1.8482,2.3192,65.791,2.335,0.1282,11.6556,4631.8,92.59,92.5755,92.59,92.5731
Tucker rank 0042 [compressed],Tucker,conv1|layer1.0.conv1|layer1.0.conv2|layer1.1.conv1|layer1.1.conv2|layer1.2.conv1|layer1.2.conv2|layer1.3.conv1|layer1.3.conv2|layer1.4.conv1|layer1.4.conv2|layer1.5.conv1|layer1.5.conv2|layer1.6.conv1|layer1.6.conv2|layer1.7.conv1|layer1.7.conv2|layer1.8.conv1|layer1.8.conv2|layer2.0.conv1|layer2.0.conv2|layer2.1.conv1|layer2.1.conv2|layer2.2.conv1|layer2.2.conv2|layer2.3.conv1|layer2.3.conv2|layer2.4.conv1|layer2.4.conv2|layer2.5.conv1|layer2.5.conv2|layer2.6.conv1|layer2.6.conv2|layer2.7.conv1|layer2.7.conv2|layer2.8.conv1|layer2.8.conv2|layer3.0.conv1|layer3.0.conv2|layer3.1.conv1|layer3.1.conv2|layer3.2.conv1|layer3.2.conv2|layer3.3.conv1|layer3.3.conv2|layer3.4.conv1|layer3.4.conv2|layer3.5.conv1|layer3.5.conv2|layer3.6.conv1|layer3.6.conv2|layer3.7.conv1|layer3.7.conv2|layer3.8.conv1|layer3.8.conv2|fc,42,False,0.0,633419,1.351,1.9284,2.4334,63.564,2.4154,0.1301,11.8288,4474.06,89.94,90.8352,89.94,90.1098
Tucker rank 0042 [fine_tuned],Tucker,conv1|layer1.0.conv1|layer1.0.conv2|layer1.1.conv1|layer1.1.conv2|layer1.2.conv1|layer1.2.conv2|layer1.3.conv1|layer1.3.conv2|layer1.4.conv1|layer1.4.conv2|layer1.5.conv1|layer1.5.conv2|layer1.6.conv1|layer1.6.conv2|layer1.7.conv1|layer1.7.conv2|layer1.8.conv1|layer1.8.conv2|layer2.0.conv1|layer2.0.conv2|layer2.1.conv1|layer2.1.conv2|layer2.2.conv1|layer2.2.conv2|layer2.3.conv1|layer2.3.conv2|layer2.4.conv1|layer2.4.conv2|layer2.5.conv1|layer2.5.conv2|layer2.6.conv1|layer2.6.conv2|layer2.7.conv1|layer2.7.conv2|layer2.8.conv1|layer2.8.conv2|layer3.0.conv1|layer3.0.conv2|layer3.1.conv1|layer3.1.conv2|layer3.2.conv1|layer3.2.conv2|layer3.3.conv1|layer3.3.conv2|layer3.4.conv1|layer3.4.conv2|layer3.5.conv1|layer3.5.conv2|layer3.6.conv1|layer3.6.conv2|layer3.7.conv1|layer3.7.conv2|layer3.8.conv1|layer3.8.conv2|fc,42,True,41.3372,633419,1.351,1.9284,2.4343,66.0293,2.4274,0.1301,11.5873,4451.95,93.07,93.0973,93.07,93.0694
Tucker rank 0045 [compressed],Tucker,conv1|layer1.0.conv1|layer1.0.conv2|layer1.1.conv1|layer1.1.conv2|layer1.2.conv1|layer1.2.conv2|layer1.3.conv1|layer1.3.conv2|layer1.4.conv1|layer1.4.conv2|layer1.5.conv1|layer1.5.conv2|layer1.6.conv1|layer1.6.conv2|layer1.7.conv1|layer1.7.conv2|layer1.8.conv1|layer1.8.conv2|layer2.0.conv1|layer2.0.conv2|layer2.1.conv1|layer2.1.conv2|layer2.2.conv1|layer2.2.conv2|layer2.3.conv1|layer2.3.conv2|layer2.4.conv1|layer2.4.conv2|layer2.5.conv1|layer2.5.conv2|layer2.6.conv1|layer2.6.conv2|layer2.7.conv1|layer2.7.conv2|layer2.8.conv1|layer2.8.conv2|layer3.0.conv1|layer3.0.conv2|layer3.1.conv1|layer3.1.conv2|layer3.2.conv1|layer3.2.conv2|layer3.3.conv1|layer3.3.conv2|layer3.4.conv1|layer3.4.conv2|layer3.5.conv1|layer3.5.conv2|layer3.6.conv1|layer3.6.conv2|layer3.7.conv1|layer3.7.conv2|layer3.8.conv1|layer3.8.conv2|fc,45,False,0.0,680936,1.2568,1.9545,2.6147,63.751,2.4298,0.1332,11.8645,4458.0,91.59,92.0937,91.59,91.6882
Tucker rank 0045 [fine_tuned],Tucker,conv1|layer1.0.conv1|layer1.0.conv2|layer1.1.conv1|layer1.1.conv2|layer1.2.conv1|layer1.2.conv2|layer1.3.conv1|layer1.3.conv2|layer1.4.conv1|layer1.4.conv2|layer1.5.conv1|layer1.5.conv2|layer1.6.conv1|layer1.6.conv2|layer1.7.conv1|layer1.7.conv2|layer1.8.conv1|layer1.8.conv2|layer2.0.conv1|layer2.0.conv2|layer2.1.conv1|layer2.1.conv2|layer2.2.conv1|layer2.2.conv2|layer2.3.conv1|layer2.3.conv2|layer2.4.conv1|layer2.4.conv2|layer2.5.conv1|layer2.5.conv2|layer2.6.conv1|layer2.6.conv2|layer2.7.conv1|layer2.7.conv2|layer2.8.conv1|layer2.8.conv2|layer3.0.conv1|layer3.0.conv2|layer3.1.conv1|layer3.1.conv2|layer3.2.conv1|layer3.2.conv2|layer3.3.conv1|layer3.3.conv2|layer3.4.conv1|layer3.4.conv2|layer3.5.conv1|layer3.5.conv2|layer3.6.conv1|layer3.6.conv2|layer3.7.conv1|layer3.7.conv2|layer3.8.conv1|layer3.8.conv2|fc,45,True,27.8002,680936,1.2568,1.9545,2.6155,66.4033,2.4424,0.1332,11.8191,4446.41,92.99,93.0281,92.99,92.9975
Tucker rank 0046 [compressed],Tucker,conv1|layer1.0.conv1|layer1.0.conv2|layer1.1.conv1|layer1.1.conv2|layer1.2.conv1|layer1.2.conv2|layer1.3.conv1|layer1.3.conv2|layer1.4.conv1|layer1.4.conv2|layer1.5.conv1|layer1.5.conv2|layer1.6.conv1|layer1.6.conv2|layer1.7.conv1|layer1.7.conv2|layer1.8.conv1|layer1.8.conv2|layer2.0.conv1|layer2.0.conv2|layer2.1.conv1|layer2.1.conv2|layer2.2.conv1|layer2.2.conv2|layer2.3.conv1|layer2.3.conv2|layer2.4.conv1|layer2.4.conv2|layer2.5.conv1|layer2.5.conv2|layer2.6.conv1|layer2.6.conv2|layer2.7.conv1|layer2.7.conv2|layer2.8.conv1|layer2.8.conv2|layer3.0.conv1|layer3.0.conv2|layer3.1.conv1|layer3.1.conv2|layer3.2.conv1|layer3.2.conv2|layer3.3.conv1|layer3.3.conv2|layer3.4.conv1|layer3.4.conv2|layer3.5.conv1|layer3.5.conv2|layer3.6.conv1|layer3.6.conv2|layer3.7.conv1|layer3.7.conv2|layer3.8.conv1|layer3.8.conv2|fc,46,False,0.0,697387,1.2271,1.9023,2.6774,63.8018,2.236,0.1342,12.0316,4853.29,92.08,92.4541,92.08,92.158
Tucker rank 0046 [fine_tuned],Tucker,conv1|layer1.0.conv1|layer1.0.conv2|layer1.1.conv1|layer1.1.conv2|layer1.2.conv1|layer1.2.conv2|layer1.3.conv1|layer1.3.conv2|layer1.4.conv1|layer1.4.conv2|layer1.5.conv1|layer1.5.conv2|layer1.6.conv1|layer1.6.conv2|layer1.7.conv1|layer1.7.conv2|layer1.8.conv1|layer1.8.conv2|layer2.0.conv1|layer2.0.conv2|layer2.1.conv1|layer2.1.conv2|layer2.2.conv1|layer2.2.conv2|layer2.3.conv1|layer2.3.conv2|layer2.4.conv1|layer2.4.conv2|layer2.5.conv1|layer2.5.conv2|layer2.6.conv1|layer2.6.conv2|layer2.7.conv1|layer2.7.conv2|layer2.8.conv1|layer2.8.conv2|layer3.0.conv1|layer3.0.conv2|layer3.1.conv1|layer3.1.conv2|layer3.2.conv1|layer3.2.conv2|layer3.3.conv1|layer3.3.conv2|layer3.4.conv1|layer3.4.conv2|layer3.5.conv1|layer3.5.conv2|layer3.6.conv1|layer3.6.conv2|layer3.7.conv1|layer3.7.conv2|layer3.8.conv1|layer3.8.conv2|fc,46,True,27.0575,697387,1.2271,1.9023,2.6783,66.5049,2.2246,0.1342,11.769,4907.88,93.29,93.3147,93.29,93.2942
Tucker rank 0050 [compressed],Tucker,conv1|layer1.0.conv1|layer1.0.conv2|layer1.1.conv1|layer1.1.conv2|layer1.2.conv1|layer1.2.conv2|layer1.3.conv1|layer1.3.conv2|layer1.4.conv1|layer1.4.conv2|layer1.5.conv1|layer1.5.conv2|layer1.6.conv1|layer1.6.conv2|layer1.7.conv1|layer1.7.conv2|layer1.8.conv1|layer1.8.conv2|layer2.0.conv1|layer2.0.conv2|layer2.1.conv1|layer2.1.conv2|layer2.2.conv1|layer2.2.conv2|layer2.3.conv1|layer2.3.conv2|layer2.4.conv1|layer2.4.conv2|layer2.5.conv1|layer2.5.conv2|layer2.6.conv1|layer2.6.conv2|layer2.7.conv1|layer2.7.conv2|layer2.8.conv1|layer2.8.conv2|layer3.0.conv1|layer3.0.conv2|layer3.1.conv1|layer3.1.conv2|layer3.2.conv1|layer3.2.conv2|layer3.3.conv1|layer3.3.conv2|layer3.4.conv1|layer3.4.conv2|layer3.5.conv1|layer3.5.conv2|layer3.6.conv1|layer3.6.conv2|layer3.7.conv1|layer3.7.conv2|layer3.8.conv1|layer3.8.conv2|fc,50,False,0.0,766251,1.1168,1.9409,2.9401,64.0645,2.2125,0.1386,11.6891,4929.18,92.84,93.1423,92.84,92.9034
Tucker rank 0050 [fine_tuned],Tucker,conv1|layer1.0.conv1|layer1.0.conv2|layer1.1.conv1|layer1.1.conv2|layer1.2.conv1|layer1.2.conv2|layer1.3.conv1|layer1.3.conv2|layer1.4.conv1|layer1.4.conv2|layer1.5.conv1|layer1.5.conv2|layer1.6.conv1|layer1.6.conv2|layer1.7.conv1|layer1.7.conv2|layer1.8.conv1|layer1.8.conv2|layer2.0.conv1|layer2.0.conv2|layer2.1.conv1|layer2.1.conv2|layer2.2.conv1|layer2.2.conv2|layer2.3.conv1|layer2.3.conv2|layer2.4.conv1|layer2.4.conv2|layer2.5.conv1|layer2.5.conv2|layer2.6.conv1|layer2.6.conv2|layer2.7.conv1|layer2.7.conv2|layer2.8.conv1|layer2.8.conv2|layer3.0.conv1|layer3.0.conv2|layer3.1.conv1|layer3.1.conv2|layer3.2.conv1|layer3.2.conv2|layer3.3.conv1|layer3.3.conv2|layer3.4.conv1|layer3.4.conv2|layer3.5.conv1|layer3.5.conv2|layer3.6.conv1|layer3.6.conv2|layer3.7.conv1|layer3.7.conv2|layer3.8.conv1|layer3.8.conv2|fc,50,True,27.1159,766251,1.1168,1.9409,2.941,67.0303,2.1783,0.1386,11.9411,5019.27,93.37,93.3711,93.37,93.3645
Tucker rank 0052 [compressed],Tucker,conv1|layer1.0.conv1|layer1.0.conv2|layer1.1.conv1|layer1.1.conv2|layer1.2.conv1|layer1.2.conv2|layer1.3.conv1|layer1.3.conv2|layer1.4.conv1|layer1.4.conv2|layer1.5.conv1|layer1.5.conv2|layer1.6.conv1|layer1.6.conv2|layer1.7.conv1|layer1.7.conv2|layer1.8.conv1|layer1.8.conv2|layer2.0.conv1|layer2.0.conv2|layer2.1.conv1|layer2.1.conv2|layer2.2.conv1|layer2.2.conv2|layer2.3.conv1|layer2.3.conv2|layer2.4.conv1|layer2.4.conv2|layer2.5.conv1|layer2.5.conv2|layer2.6.conv1|layer2.6.conv2|layer2.7.conv1|layer2.7.conv2|layer2.8.conv1|layer2.8.conv2|layer3.0.conv1|layer3.0.conv2|layer3.1.conv1|layer3.1.conv2|layer3.2.conv1|layer3.2.conv2|layer3.3.conv1|layer3.3.conv2|layer3.4.conv1|layer3.4.conv2|layer3.5.conv1|layer3.5.conv2|layer3.6.conv1|layer3.6.conv2|layer3.7.conv1|layer3.7.conv2|layer3.8.conv1|layer3.8.conv2|fc,52,False,0.0,802519,1.0664,1.9045,3.0785,64.208,2.2852,0.1409,11.6648,4746.3,93.21,93.3946,93.21,93.2485
Tucker rank 0052 [fine_tuned],Tucker,conv1|layer1.0.conv1|layer1.0.conv2|layer1.1.conv1|layer1.1.conv2|layer1.2.conv1|layer1.2.conv2|layer1.3.conv1|layer1.3.conv2|layer1.4.conv1|layer1.4.conv2|layer1.5.conv1|layer1.5.conv2|layer1.6.conv1|layer1.6.conv2|layer1.7.conv1|layer1.7.conv2|layer1.8.conv1|layer1.8.conv2|layer2.0.conv1|layer2.0.conv2|layer2.1.conv1|layer2.1.conv2|layer2.2.conv1|layer2.2.conv2|layer2.3.conv1|layer2.3.conv2|layer2.4.conv1|layer2.4.conv2|layer2.5.conv1|layer2.5.conv2|layer2.6.conv1|layer2.6.conv2|layer2.7.conv1|layer2.7.conv2|layer2.8.conv1|layer2.8.conv2|layer3.0.conv1|layer3.0.conv2|layer3.1.conv1|layer3.1.conv2|layer3.2.conv1|layer3.2.conv2|layer3.3.conv1|layer3.3.conv2|layer3.4.conv1|layer3.4.conv2|layer3.5.conv1|layer3.5.conv2|layer3.6.conv1|layer3.6.conv2|layer3.7.conv1|layer3.7.conv2|layer3.8.conv1|layer3.8.conv2|fc,52,True,27.2067,802519,1.0664,1.9045,3.0793,67.3174,2.1676,0.1409,11.6463,5014.81,93.8,93.8116,93.8,93.7993
Tucker rank 0055 [compressed],Tucker,conv1|layer1.0.conv1|layer1.0.conv2|layer1.1.conv1|layer1.1.conv2|layer1.2.conv1|layer1.2.conv2|layer1.3.conv1|layer1.3.conv2|layer1.4.conv1|layer1.4.conv2|layer1.5.conv1|layer1.5.conv2|layer1.6.conv1|layer1.6.conv2|layer1.7.conv1|layer1.7.conv2|layer1.8.conv1|layer1.8.conv2|layer2.0.conv1|layer2.0.conv2|layer2.1.conv1|layer2.1.conv2|layer2.2.conv1|layer2.2.conv2|layer2.3.conv1|layer2.3.conv2|layer2.4.conv1|layer2.4.conv2|layer2.5.conv1|layer2.5.conv2|layer2.6.conv1|layer2.6.conv2|layer2.7.conv1|layer2.7.conv2|layer2.8.conv1|layer2.8.conv2|layer3.0.conv1|layer3.0.conv2|layer3.1.conv1|layer3.1.conv2|layer3.2.conv1|layer3.2.conv2|layer3.3.conv1|layer3.3.conv2|layer3.4.conv1|layer3.4.conv2|layer3.5.conv1|layer3.5.conv2|layer3.6.conv1|layer3.6.conv2|layer3.7.conv1|layer3.7.conv2|layer3.8.conv1|layer3.8.conv2|fc,55,False,0.0,859216,0.996,1.9336,3.2947,64.4282,2.3098,0.1446,11.7017,4678.38,93.54,93.6212,93.54,93.5593
Tucker rank 0055 [fine_tuned],Tucker,conv1|layer1.0.conv1|layer1.0.conv2|layer1.1.conv1|layer1.1.conv2|layer1.2.conv1|layer1.2.conv2|layer1.3.conv1|layer1.3.conv2|layer1.4.conv1|layer1.4.conv2|layer1.5.conv1|layer1.5.conv2|layer1.6.conv1|layer1.6.conv2|layer1.7.conv1|layer1.7.conv2|layer1.8.conv1|layer1.8.conv2|layer2.0.conv1|layer2.0.conv2|layer2.1.conv1|layer2.1.conv2|layer2.2.conv1|layer2.2.conv2|layer2.3.conv1|layer2.3.conv2|layer2.4.conv1|layer2.4.conv2|layer2.5.conv1|layer2.5.conv2|layer2.6.conv1|layer2.6.conv2|layer2.7.conv1|layer2.7.conv2|layer2.8.conv1|layer2.8.conv2|layer3.0.conv1|layer3.0.conv2|layer3.1.conv1|layer3.1.conv2|layer3.2.conv1|layer3.2.conv2|layer3.3.conv1|layer3.3.conv2|layer3.4.conv1|layer3.4.conv2|layer3.5.conv1|layer3.5.conv2|layer3.6.conv1|layer3.6.conv2|layer3.7.conv1|layer3.7.conv2|layer3.8.conv1|layer3.8.conv2|fc,55,True,27.2743,859216,0.996,1.9336,3.2956,67.7578,2.2352,0.1446,11.6109,4859.63,93.86,93.886,93.86,93.8661
TT rank 0002 [compressed],TT,conv1|layer1.0.conv1|layer1.0.conv2|layer1.1.conv1|layer1.1.conv2|layer1.2.conv1|layer1.2.conv2|layer1.3.conv1|layer1.3.conv2|layer1.4.conv1|layer1.4.conv2|layer1.5.conv1|layer1.5.conv2|layer1.6.conv1|layer1.6.conv2|layer1.7.conv1|layer1.7.conv2|layer1.8.conv1|layer1.8.conv2|layer2.0.conv1|layer2.0.conv2|layer2.1.conv1|layer2.1.conv2|layer2.2.conv1|layer2.2.conv2|layer2.3.conv1|layer2.3.conv2|layer2.4.conv1|layer2.4.conv2|layer2.5.conv1|layer2.5.conv2|layer2.6.conv1|layer2.6.conv2|layer2.7.conv1|layer2.7.conv2|layer2.8.conv1|layer2.8.conv2|layer3.0.conv1|layer3.0.conv2|layer3.1.conv1|layer3.1.conv2|layer3.2.conv1|layer3.2.conv2|layer3.3.conv1|layer3.3.conv2|layer3.4.conv1|layer3.4.conv2|layer3.5.conv1|layer3.5.conv2|layer3.6.conv1|layer3.6.conv2|layer3.7.conv1|layer3.7.conv2|layer3.8.conv1|layer3.8.conv2|fc,2,False,0.0,19912,42.9776,0.1552,0.0931,57.3906,2.771,0.0024,26.2818,3870.67,10.02,7.667,10.02,1.8586
TT rank 0002 [fine_tuned],TT,conv1|layer1.0.conv1|layer1.0.conv2|layer1.1.conv1|layer1.1.conv2|layer1.2.conv1|layer1.2.conv2|layer1.3.conv1|layer1.3.conv2|layer1.4.conv1|layer1.4.conv2|layer1.5.conv1|layer1.5.conv2|layer1.6.conv1|layer1.6.conv2|layer1.7.conv1|layer1.7.conv2|layer1.8.conv1|layer1.8.conv2|layer2.0.conv1|layer2.0.conv2|layer2.1.conv1|layer2.1.conv2|layer2.2.conv1|layer2.2.conv2|layer2.3.conv1|layer2.3.conv2|layer2.4.conv1|layer2.4.conv2|layer2.5.conv1|layer2.5.conv2|layer2.6.conv1|layer2.6.conv2|layer2.7.conv1|layer2.7.conv2|layer2.8.conv1|layer2.8.conv2|layer3.0.conv1|layer3.0.conv2|layer3.1.conv1|layer3.1.conv2|layer3.2.conv1|layer3.2.conv2|layer3.3.conv1|layer3.3.conv2|layer3.4.conv1|layer3.4.conv2|layer3.5.conv1|layer3.5.conv2|layer3.6.conv1|layer3.6.conv2|layer3.7.conv1|layer3.7.conv2|layer3.8.conv1|layer3.8.conv2|fc,2,True,66.8745,19912,42.9776,0.1552,0.0956,57.5732,2.7784,0.0024,25.5117,3858.79,29.63,31.6154,29.63,26.2561
TT rank 0003 [compressed],TT,conv1|layer1.0.conv1|layer1.0.conv2|layer1.1.conv1|layer1.1.conv2|layer1.2.conv1|layer1.2.conv2|layer1.3.conv1|layer1.3.conv2|layer1.4.conv1|layer1.4.conv2|layer1.5.conv1|layer1.5.conv2|layer1.6.conv1|layer1.6.conv2|layer1.7.conv1|layer1.7.conv2|layer1.8.conv1|layer1.8.conv2|layer2.0.conv1|layer2.0.conv2|layer2.1.conv1|layer2.1.conv2|layer2.2.conv1|layer2.2.conv2|layer2.3.conv1|layer2.3.conv2|layer2.4.conv1|layer2.4.conv2|layer2.5.conv1|layer2.5.conv2|layer2.6.conv1|layer2.6.conv2|layer2.7.conv1|layer2.7.conv2|layer2.8.conv1|layer2.8.conv2|layer3.0.conv1|layer3.0.conv2|layer3.1.conv1|layer3.1.conv2|layer3.2.conv1|layer3.2.conv2|layer3.3.conv1|layer3.3.conv2|layer3.4.conv1|layer3.4.conv2|layer3.5.conv1|layer3.5.conv2|layer3.6.conv1|layer3.6.conv2|layer3.7.conv1|layer3.7.conv2|layer3.8.conv1|layer3.8.conv2|fc,3,False,0.0,32863,26.0405,0.1569,0.1425,57.4517,2.8705,0.0024,25.4125,3713.71,10.0,1.0,10.0,1.8182
TT rank 0003 [fine_tuned],TT,conv1|layer1.0.conv1|layer1.0.conv2|layer1.1.conv1|layer1.1.conv2|layer1.2.conv1|layer1.2.conv2|layer1.3.conv1|layer1.3.conv2|layer1.4.conv1|layer1.4.conv2|layer1.5.conv1|layer1.5.conv2|layer1.6.conv1|layer1.6.conv2|layer1.7.conv1|layer1.7.conv2|layer1.8.conv1|layer1.8.conv2|layer2.0.conv1|layer2.0.conv2|layer2.1.conv1|layer2.1.conv2|layer2.2.conv1|layer2.2.conv2|layer2.3.conv1|layer2.3.conv2|layer2.4.conv1|layer2.4.conv2|layer2.5.conv1|layer2.5.conv2|layer2.6.conv1|layer2.6.conv2|layer2.7.conv1|layer2.7.conv2|layer2.8.conv1|layer2.8.conv2|layer3.0.conv1|layer3.0.conv2|layer3.1.conv1|layer3.1.conv2|layer3.2.conv1|layer3.2.conv2|layer3.3.conv1|layer3.3.conv2|layer3.4.conv1|layer3.4.conv2|layer3.5.conv1|layer3.5.conv2|layer3.6.conv1|layer3.6.conv2|layer3.7.conv1|layer3.7.conv2|layer3.8.conv1|layer3.8.conv2|fc,3,True,67.6372,32863,26.0405,0.1569,0.145,57.6953,2.656,0.0024,25.442,4045.76,54.24,54.2553,54.24,52.6609
TT rank 0005 [compressed],TT,conv1|layer1.0.conv1|layer1.0.conv2|layer1.1.conv1|layer1.1.conv2|layer1.2.conv1|layer1.2.conv2|layer1.3.conv1|layer1.3.conv2|layer1.4.conv1|layer1.4.conv2|layer1.5.conv1|layer1.5.conv2|layer1.6.conv1|layer1.6.conv2|layer1.7.conv1|layer1.7.conv2|layer1.8.conv1|layer1.8.conv2|layer2.0.conv1|layer2.0.conv2|layer2.1.conv1|layer2.1.conv2|layer2.2.conv1|layer2.2.conv2|layer2.3.conv1|layer2.3.conv2|layer2.4.conv1|layer2.4.conv2|layer2.5.conv1|layer2.5.conv2|layer2.6.conv1|layer2.6.conv2|layer2.7.conv1|layer2.7.conv2|layer2.8.conv1|layer2.8.conv2|layer3.0.conv1|layer3.0.conv2|layer3.1.conv1|layer3.1.conv2|layer3.2.conv1|layer3.2.conv2|layer3.3.conv1|layer3.3.conv2|layer3.4.conv1|layer3.4.conv2|layer3.5.conv1|layer3.5.conv2|layer3.6.conv1|layer3.6.conv2|layer3.7.conv1|layer3.7.conv2|layer3.8.conv1|layer3.8.conv2|fc,5,False,0.0,69601,12.2954,0.1566,0.2826,57.5898,2.8026,0.0024,25.3911,3814.49,10.0,1.0,10.0,1.8182
TT rank 0005 [fine_tuned],TT,conv1|layer1.0.conv1|layer1.0.conv2|layer1.1.conv1|layer1.1.conv2|layer1.2.conv1|layer1.2.conv2|layer1.3.conv1|layer1.3.conv2|layer1.4.conv1|layer1.4.conv2|layer1.5.conv1|layer1.5.conv2|layer1.6.conv1|layer1.6.conv2|layer1.7.conv1|layer1.7.conv2|layer1.8.conv1|layer1.8.conv2|layer2.0.conv1|layer2.0.conv2|layer2.1.conv1|layer2.1.conv2|layer2.2.conv1|layer2.2.conv2|layer2.3.conv1|layer2.3.conv2|layer2.4.conv1|layer2.4.conv2|layer2.5.conv1|layer2.5.conv2|layer2.6.conv1|layer2.6.conv2|layer2.7.conv1|layer2.7.conv2|layer2.8.conv1|layer2.8.conv2|layer3.0.conv1|layer3.0.conv2|layer3.1.conv1|layer3.1.conv2|layer3.2.conv1|layer3.2.conv2|layer3.3.conv1|layer3.3.conv2|layer3.4.conv1|layer3.4.conv2|layer3.5.conv1|layer3.5.conv2|layer3.6.conv1|layer3.6.conv2|layer3.7.conv1|layer3.7.conv2|layer3.8.conv1|layer3.8.conv2|fc,5,True,67.5038,69601,12.2954,0.1566,0.2852,57.9717,2.7648,0.0024,26.0232,3886.74,69.87,72.0962,69.87,69.8572
TT rank 0006 [compressed],TT,conv1|layer1.0.conv1|layer1.0.conv2|layer1.1.conv1|layer1.1.conv2|layer1.2.conv1|layer1.2.conv2|layer1.3.conv1|layer1.3.conv2|layer1.4.conv1|layer1.4.conv2|layer1.5.conv1|layer1.5.conv2|layer1.6.conv1|layer1.6.conv2|layer1.7.conv1|layer1.7.conv2|layer1.8.conv1|layer1.8.conv2|layer2.0.conv1|layer2.0.conv2|layer2.1.conv1|layer2.1.conv2|layer2.2.conv1|layer2.2.conv2|layer2.3.conv1|layer2.3.conv2|layer2.4.conv1|layer2.4.conv2|layer2.5.conv1|layer2.5.conv2|layer2.6.conv1|layer2.6.conv2|layer2.7.conv1|layer2.7.conv2|layer2.8.conv1|layer2.8.conv2|layer3.0.conv1|layer3.0.conv2|layer3.1.conv1|layer3.1.conv2|layer3.2.conv1|layer3.2.conv2|layer3.3.conv1|layer3.3.conv2|layer3.4.conv1|layer3.4.conv2|layer3.5.conv1|layer3.5.conv2|layer3.6.conv1|layer3.6.conv2|layer3.7.conv1|layer3.7.conv2|layer3.8.conv1|layer3.8.conv2|fc,6,False,0.0,93883,9.1153,0.1619,0.3752,57.6582,2.842,0.0024,26.1781,3770.27,10.0,1.0,10.0,1.8182
TT rank 0006 [fine_tuned],TT,conv1|layer1.0.conv1|layer1.0.conv2|layer1.1.conv1|layer1.1.conv2|layer1.2.conv1|layer1.2.conv2|layer1.3.conv1|layer1.3.conv2|layer1.4.conv1|layer1.4.conv2|layer1.5.conv1|layer1.5.conv2|layer1.6.conv1|layer1.6.conv2|layer1.7.conv1|layer1.7.conv2|layer1.8.conv1|layer1.8.conv2|layer2.0.conv1|layer2.0.conv2|layer2.1.conv1|layer2.1.conv2|layer2.2.conv1|layer2.2.conv2|layer2.3.conv1|layer2.3.conv2|layer2.4.conv1|layer2.4.conv2|layer2.5.conv1|layer2.5.conv2|layer2.6.conv1|layer2.6.conv2|layer2.7.conv1|layer2.7.conv2|layer2.8.conv1|layer2.8.conv2|layer3.0.conv1|layer3.0.conv2|layer3.1.conv1|layer3.1.conv2|layer3.2.conv1|layer3.2.conv2|layer3.3.conv1|layer3.3.conv2|layer3.4.conv1|layer3.4.conv2|layer3.5.conv1|layer3.5.conv2|layer3.6.conv1|layer3.6.conv2|layer3.7.conv1|layer3.7.conv2|layer3.8.conv1|layer3.8.conv2|fc,6,True,67.3267,93883,9.1153,0.1619,0.3778,58.1084,2.7053,0.0024,25.7612,3992.88,75.17,76.8834,75.17,75.1337
TT rank 0007 [compressed],TT,conv1|layer1.0.conv1|layer1.0.conv2|layer1.1.conv1|layer1.1.conv2|layer1.2.conv1|layer1.2.conv2|layer1.3.conv1|layer1.3.conv2|layer1.4.conv1|layer1.4.conv2|layer1.5.conv1|layer1.5.conv2|layer1.6.conv1|layer1.6.conv2|layer1.7.conv1|layer1.7.conv2|layer1.8.conv1|layer1.8.conv2|layer2.0.conv1|layer2.0.conv2|layer2.1.conv1|layer2.1.conv2|layer2.2.conv1|layer2.2.conv2|layer2.3.conv1|layer2.3.conv2|layer2.4.conv1|layer2.4.conv2|layer2.5.conv1|layer2.5.conv2|layer2.6.conv1|layer2.6.conv2|layer2.7.conv1|layer2.7.conv2|layer2.8.conv1|layer2.8.conv2|layer3.0.conv1|layer3.0.conv2|layer3.1.conv1|layer3.1.conv2|layer3.2.conv1|layer3.2.conv2|layer3.3.conv1|layer3.3.conv2|layer3.4.conv1|layer3.4.conv2|layer3.5.conv1|layer3.5.conv2|layer3.6.conv1|layer3.6.conv2|layer3.7.conv1|layer3.7.conv2|layer3.8.conv1|layer3.8.conv2|fc,7,False,0.0,122107,7.0084,0.1654,0.4829,57.7798,2.7803,0.0024,26.2316,3865.93,10.0,1.0,10.0,1.8182
TT rank 0007 [fine_tuned],TT,conv1|layer1.0.conv1|layer1.0.conv2|layer1.1.conv1|layer1.1.conv2|layer1.2.conv1|layer1.2.conv2|layer1.3.conv1|layer1.3.conv2|layer1.4.conv1|layer1.4.conv2|layer1.5.conv1|layer1.5.conv2|layer1.6.conv1|layer1.6.conv2|layer1.7.conv1|layer1.7.conv2|layer1.8.conv1|layer1.8.conv2|layer2.0.conv1|layer2.0.conv2|layer2.1.conv1|layer2.1.conv2|layer2.2.conv1|layer2.2.conv2|layer2.3.conv1|layer2.3.conv2|layer2.4.conv1|layer2.4.conv2|layer2.5.conv1|layer2.5.conv2|layer2.6.conv1|layer2.6.conv2|layer2.7.conv1|layer2.7.conv2|layer2.8.conv1|layer2.8.conv2|layer3.0.conv1|layer3.0.conv2|layer3.1.conv1|layer3.1.conv2|layer3.2.conv1|layer3.2.conv2|layer3.3.conv1|layer3.3.conv2|layer3.4.conv1|layer3.4.conv2|layer3.5.conv1|layer3.5.conv2|layer3.6.conv1|layer3.6.conv2|layer3.7.conv1|layer3.7.conv2|layer3.8.conv1|layer3.8.conv2|fc,7,True,67.4565,122107,7.0084,0.1654,0.4855,58.3516,2.7396,0.0024,26.1231,3909.4,78.23,78.7085,78.23,78.1632
TT rank 0009 [compressed],TT,conv1|layer1.0.conv1|layer1.0.conv2|layer1.1.conv1|layer1.1.conv2|layer1.2.conv1|layer1.2.conv2|layer1.3.conv1|layer1.3.conv2|layer1.4.conv1|layer1.4.conv2|layer1.5.conv1|layer1.5.conv2|layer1.6.conv1|layer1.6.conv2|layer1.7.conv1|layer1.7.conv2|layer1.8.conv1|layer1.8.conv2|layer2.0.conv1|layer2.0.conv2|layer2.1.conv1|layer2.1.conv2|layer2.2.conv1|layer2.2.conv2|layer2.3.conv1|layer2.3.conv2|layer2.4.conv1|layer2.4.conv2|layer2.5.conv1|layer2.5.conv2|layer2.6.conv1|layer2.6.conv2|layer2.7.conv1|layer2.7.conv2|layer2.8.conv1|layer2.8.conv2|layer3.0.conv1|layer3.0.conv2|layer3.1.conv1|layer3.1.conv2|layer3.2.conv1|layer3.2.conv2|layer3.3.conv1|layer3.3.conv2|layer3.4.conv1|layer3.4.conv2|layer3.5.conv1|layer3.5.conv2|layer3.6.conv1|layer3.6.conv2|layer3.7.conv1|layer3.7.conv2|layer3.8.conv1|layer3.8.conv2|fc,9,False,0.0,190307,4.4968,0.168,0.7431,58.0469,2.7719,0.0024,25.8824,3868.68,15.72,5.7876,15.72,6.8779
TT rank 0009 [fine_tuned],TT,conv1|layer1.0.conv1|layer1.0.conv2|layer1.1.conv1|layer1.1.conv2|layer1.2.conv1|layer1.2.conv2|layer1.3.conv1|layer1.3.conv2|layer1.4.conv1|layer1.4.conv2|layer1.5.conv1|layer1.5.conv2|layer1.6.conv1|layer1.6.conv2|layer1.7.conv1|layer1.7.conv2|layer1.8.conv1|layer1.8.conv2|layer2.0.conv1|layer2.0.conv2|layer2.1.conv1|layer2.1.conv2|layer2.2.conv1|layer2.2.conv2|layer2.3.conv1|layer2.3.conv2|layer2.4.conv1|layer2.4.conv2|layer2.5.conv1|layer2.5.conv2|layer2.6.conv1|layer2.6.conv2|layer2.7.conv1|layer2.7.conv2|layer2.8.conv1|layer2.8.conv2|layer3.0.conv1|layer3.0.conv2|layer3.1.conv1|layer3.1.conv2|layer3.2.conv1|layer3.2.conv2|layer3.3.conv1|layer3.3.conv2|layer3.4.conv1|layer3.4.conv2|layer3.5.conv1|layer3.5.conv2|layer3.6.conv1|layer3.6.conv2|layer3.7.conv1|layer3.7.conv2|layer3.8.conv1|layer3.8.conv2|fc,9,True,68.1975,190307,4.4968,0.168,0.7456,58.8857,2.8296,0.0024,25.7211,3783.65,81.3,82.4459,81.3,80.8695
TT rank 0010 [compressed],TT,conv1|layer1.0.conv1|layer1.0.conv2|layer1.1.conv1|layer1.1.conv2|layer1.2.conv1|layer1.2.conv2|layer1.3.conv1|layer1.3.conv2|layer1.4.conv1|layer1.4.conv2|layer1.5.conv1|layer1.5.conv2|layer1.6.conv1|layer1.6.conv2|layer1.7.conv1|layer1.7.conv2|layer1.8.conv1|layer1.8.conv2|layer2.0.conv1|layer2.0.conv2|layer2.1.conv1|layer2.1.conv2|layer2.2.conv1|layer2.2.conv2|layer2.3.conv1|layer2.3.conv2|layer2.4.conv1|layer2.4.conv2|layer2.5.conv1|layer2.5.conv2|layer2.6.conv1|layer2.6.conv2|layer2.7.conv1|layer2.7.conv2|layer2.8.conv1|layer2.8.conv2|layer3.0.conv1|layer3.0.conv2|layer3.1.conv1|layer3.1.conv2|layer3.2.conv1|layer3.2.conv2|layer3.3.conv1|layer3.3.conv2|layer3.4.conv1|layer3.4.conv2|layer3.5.conv1|layer3.5.conv2|layer3.6.conv1|layer3.6.conv2|layer3.7.conv1|layer3.7.conv2|layer3.8.conv1|layer3.8.conv2|fc,10,False,0.0,210078,4.0736,0.1571,0.8185,58.1074,2.7241,0.0024,25.5631,3941.58,12.9,4.9095,12.9,5.4356
TT rank 0010 [fine_tuned],TT,conv1|layer1.0.conv1|layer1.0.conv2|layer1.1.conv1|layer1.1.conv2|layer1.2.conv1|layer1.2.conv2|layer1.3.conv1|layer1.3.conv2|layer1.4.conv1|layer1.4.conv2|layer1.5.conv1|layer1.5.conv2|layer1.6.conv1|layer1.6.conv2|layer1.7.conv1|layer1.7.conv2|layer1.8.conv1|layer1.8.conv2|layer2.0.conv1|layer2.0.conv2|layer2.1.conv1|layer2.1.conv2|layer2.2.conv1|layer2.2.conv2|layer2.3.conv1|layer2.3.conv2|layer2.4.conv1|layer2.4.conv2|layer2.5.conv1|layer2.5.conv2|layer2.6.conv1|layer2.6.conv2|layer2.7.conv1|layer2.7.conv2|layer2.8.conv1|layer2.8.conv2|layer3.0.conv1|layer3.0.conv2|layer3.1.conv1|layer3.1.conv2|layer3.2.conv1|layer3.2.conv2|layer3.3.conv1|layer3.3.conv2|layer3.4.conv1|layer3.4.conv2|layer3.5.conv1|layer3.5.conv2|layer3.6.conv1|layer3.6.conv2|layer3.7.conv1|layer3.7.conv2|layer3.8.conv1|layer3.8.conv2|fc,10,True,67.8058,210078,4.0736,0.1571,0.821,59.0068,2.7705,0.0024,25.7968,3871.7,81.73,83.0126,81.73,81.8246
TT rank 0011 [compressed],TT,conv1|layer1.0.conv1|layer1.0.conv2|layer1.1.conv1|layer1.1.conv2|layer1.2.conv1|layer1.2.conv2|layer1.3.conv1|layer1.3.conv2|layer1.4.conv1|layer1.4.conv2|layer1.5.conv1|layer1.5.conv2|layer1.6.conv1|layer1.6.conv2|layer1.7.conv1|layer1.7.conv2|layer1.8.conv1|layer1.8.conv2|layer2.0.conv1|layer2.0.conv2|layer2.1.conv1|layer2.1.conv2|layer2.2.conv1|layer2.2.conv2|layer2.3.conv1|layer2.3.conv2|layer2.4.conv1|layer2.4.conv2|layer2.5.conv1|layer2.5.conv2|layer2.6.conv1|layer2.6.conv2|layer2.7.conv1|layer2.7.conv2|layer2.8.conv1|layer2.8.conv2|layer3.0.conv1|layer3.0.conv2|layer3.1.conv1|layer3.1.conv2|layer3.2.conv1|layer3.2.conv2|layer3.3.conv1|layer3.3.conv2|layer3.4.conv1|layer3.4.conv2|layer3.5.conv1|layer3.5.conv2|layer3.6.conv1|layer3.6.conv2|layer3.7.conv1|layer3.7.conv2|layer3.8.conv1|layer3.8.conv2|fc,11,False,0.0,229806,3.7239,0.1638,0.8937,58.1846,2.7911,0.0024,25.7285,3852.38,14.5,14.35,14.5,6.9351
TT rank 0011 [fine_tuned],TT,conv1|layer1.0.conv1|layer1.0.conv2|layer1.1.conv1|layer1.1.conv2|layer1.2.conv1|layer1.2.conv2|layer1.3.conv1|layer1.3.conv2|layer1.4.conv1|layer1.4.conv2|layer1.5.conv1|layer1.5.conv2|layer1.6.conv1|layer1.6.conv2|layer1.7.conv1|layer1.7.conv2|layer1.8.conv1|layer1.8.conv2|layer2.0.conv1|layer2.0.conv2|layer2.1.conv1|layer2.1.conv2|layer2.2.conv1|layer2.2.conv2|layer2.3.conv1|layer2.3.conv2|layer2.4.conv1|layer2.4.conv2|layer2.5.conv1|layer2.5.conv2|layer2.6.conv1|layer2.6.conv2|layer2.7.conv1|layer2.7.conv2|layer2.8.conv1|layer2.8.conv2|layer3.0.conv1|layer3.0.conv2|layer3.1.conv1|layer3.1.conv2|layer3.2.conv1|layer3.2.conv2|layer3.3.conv1|layer3.3.conv2|layer3.4.conv1|layer3.4.conv2|layer3.5.conv1|layer3.5.conv2|layer3.6.conv1|layer3.6.conv2|layer3.7.conv1|layer3.7.conv2|layer3.8.conv1|layer3.8.conv2|fc,11,True,67.1897,229806,3.7239,0.1638,0.8963,59.1611,2.736,0.0024,25.6013,3931.37,83.83,84.4153,83.83,83.8131
TT rank 0013 [compressed],TT,conv1|layer1.0.conv1|layer1.0.conv2|layer1.1.conv1|layer1.1.conv2|layer1.2.conv1|layer1.2.conv2|layer1.3.conv1|layer1.3.conv2|layer1.4.conv1|layer1.4.conv2|layer1.5.conv1|layer1.5.conv2|layer1.6.conv1|layer1.6.conv2|layer1.7.conv1|layer1.7.conv2|layer1.8.conv1|layer1.8.conv2|layer2.0.conv1|layer2.0.conv2|layer2.1.conv1|layer2.1.conv2|layer2.2.conv1|layer2.2.conv2|layer2.3.conv1|layer2.3.conv2|layer2.4.conv1|layer2.4.conv2|layer2.5.conv1|layer2.5.conv2|layer2.6.conv1|layer2.6.conv2|layer2.7.conv1|layer2.7.conv2|layer2.8.conv1|layer2.8.conv2|layer3.0.conv1|layer3.0.conv2|layer3.1.conv1|layer3.1.conv2|layer3.2.conv1|layer3.2.conv2|layer3.3.conv1|layer3.3.conv2|layer3.4.conv1|layer3.4.conv2|layer3.5.conv1|layer3.5.conv2|layer3.6.conv1|layer3.6.conv2|layer3.7.conv1|layer3.7.conv2|layer3.8.conv1|layer3.8.conv2|fc,13,False,0.0,269262,3.1782,0.1637,1.0443,58.3394,2.7231,0.0024,25.4722,3941.77,17.26,13.0636,17.26,11.1769
TT rank 0013 [fine_tuned],TT,conv1|layer1.0.conv1|layer1.0.conv2|layer1.1.conv1|layer1.1.conv2|layer1.2.conv1|layer1.2.conv2|layer1.3.conv1|layer1.3.conv2|layer1.4.conv1|layer1.4.conv2|layer1.5.conv1|layer1.5.conv2|layer1.6.conv1|layer1.6.conv2|layer1.7.conv1|layer1.7.conv2|layer1.8.conv1|layer1.8.conv2|layer2.0.conv1|layer2.0.conv2|layer2.1.conv1|layer2.1.conv2|layer2.2.conv1|layer2.2.conv2|layer2.3.conv1|layer2.3.conv2|layer2.4.conv1|layer2.4.conv2|layer2.5.conv1|layer2.5.conv2|layer2.6.conv1|layer2.6.conv2|layer2.7.conv1|layer2.7.conv2|layer2.8.conv1|layer2.8.conv2|layer3.0.conv1|layer3.0.conv2|layer3.1.conv1|layer3.1.conv2|layer3.2.conv1|layer3.2.conv2|layer3.3.conv1|layer3.3.conv2|layer3.4.conv1|layer3.4.conv2|layer3.5.conv1|layer3.5.conv2|layer3.6.conv1|layer3.6.conv2|layer3.7.conv1|layer3.7.conv2|layer3.8.conv1|layer3.8.conv2|fc,13,True,67.251,269262,3.1782,0.1637,1.0468,59.4707,2.8522,0.0024,26.0806,3746.47,84.3,84.7748,84.3,84.1531
TT rank 0014 [compressed],TT,conv1|layer1.0.conv1|layer1.0.conv2|layer1.1.conv1|layer1.1.conv2|layer1.2.conv1|layer1.2.conv2|layer1.3.conv1|layer1.3.conv2|layer1.4.conv1|layer1.4.conv2|layer1.5.conv1|layer1.5.conv2|layer1.6.conv1|layer1.6.conv2|layer1.7.conv1|layer1.7.conv2|layer1.8.conv1|layer1.8.conv2|layer2.0.conv1|layer2.0.conv2|layer2.1.conv1|layer2.1.conv2|layer2.2.conv1|layer2.2.conv2|layer2.3.conv1|layer2.3.conv2|layer2.4.conv1|layer2.4.conv2|layer2.5.conv1|layer2.5.conv2|layer2.6.conv1|layer2.6.conv2|layer2.7.conv1|layer2.7.conv2|layer2.8.conv1|layer2.8.conv2|layer3.0.conv1|layer3.0.conv2|layer3.1.conv1|layer3.1.conv2|layer3.2.conv1|layer3.2.conv2|layer3.3.conv1|layer3.3.conv2|layer3.4.conv1|layer3.4.conv2|layer3.5.conv1|layer3.5.conv2|layer3.6.conv1|layer3.6.conv2|layer3.7.conv1|layer3.7.conv2|layer3.8.conv1|layer3.8.conv2|fc,14,False,0.0,288990,2.9612,0.1676,1.1195,58.3994,2.7436,0.0024,25.6329,3917.82,23.69,14.836,23.69,14.8245
TT rank 0014 [fine_tuned],TT,conv1|layer1.0.conv1|layer1.0.conv2|layer1.1.conv1|layer1.1.conv2|layer1.2.conv1|layer1.2.conv2|layer1.3.conv1|layer1.3.conv2|layer1.4.conv1|layer1.4.conv2|layer1.5.conv1|layer1.5.conv2|layer1.6.conv1|layer1.6.conv2|layer1.7.conv1|layer1.7.conv2|layer1.8.conv1|layer1.8.conv2|layer2.0.conv1|layer2.0.conv2|layer2.1.conv1|layer2.1.conv2|layer2.2.conv1|layer2.2.conv2|layer2.3.conv1|layer2.3.conv2|layer2.4.conv1|layer2.4.conv2|layer2.5.conv1|layer2.5.conv2|layer2.6.conv1|layer2.6.conv2|layer2.7.conv1|layer2.7.conv2|layer2.8.conv1|layer2.8.conv2|layer3.0.conv1|layer3.0.conv2|layer3.1.conv1|layer3.1.conv2|layer3.2.conv1|layer3.2.conv2|layer3.3.conv1|layer3.3.conv2|layer3.4.conv1|layer3.4.conv2|layer3.5.conv1|layer3.5.conv2|layer3.6.conv1|layer3.6.conv2|layer3.7.conv1|layer3.7.conv2|layer3.8.conv1|layer3.8.conv2|fc,14,True,67.7188,288990,2.9612,0.1676,1.1221,59.5908,2.7962,0.0024,26.2538,3832.85,86.03,87.0801,86.03,86.2283
TT rank 0015 [compressed],TT,conv1|layer1.0.conv1|layer1.0.conv2|layer1.1.conv1|layer1.1.conv2|layer1.2.conv1|layer1.2.conv2|layer1.3.conv1|layer1.3.conv2|layer1.4.conv1|layer1.4.conv2|layer1.5.conv1|layer1.5.conv2|layer1.6.conv1|layer1.6.conv2|layer1.7.conv1|layer1.7.conv2|layer1.8.conv1|layer1.8.conv2|layer2.0.conv1|layer2.0.conv2|layer2.1.conv1|layer2.1.conv2|layer2.2.conv1|layer2.2.conv2|layer2.3.conv1|layer2.3.conv2|layer2.4.conv1|layer2.4.conv2|layer2.5.conv1|layer2.5.conv2|layer2.6.conv1|layer2.6.conv2|layer2.7.conv1|layer2.7.conv2|layer2.8.conv1|layer2.8.conv2|layer3.0.conv1|layer3.0.conv2|layer3.1.conv1|layer3.1.conv2|layer3.2.conv1|layer3.2.conv2|layer3.3.conv1|layer3.3.conv2|layer3.4.conv1|layer3.4.conv2|layer3.5.conv1|layer3.5.conv2|layer3.6.conv1|layer3.6.conv2|layer3.7.conv1|layer3.7.conv2|layer3.8.conv1|layer3.8.conv2|fc,15,False,0.0,305838,2.7981,0.1633,1.1838,58.4678,2.7353,0.0024,25.9027,3948.95,20.04,14.8533,20.04,13.2399
TT rank 0015 [fine_tuned],TT,conv1|layer1.0.conv1|layer1.0.conv2|layer1.1.conv1|layer1.1.conv2|layer1.2.conv1|layer1.2.conv2|layer1.3.conv1|layer1.3.conv2|layer1.4.conv1|layer1.4.conv2|layer1.5.conv1|layer1.5.conv2|layer1.6.conv1|layer1.6.conv2|layer1.7.conv1|layer1.7.conv2|layer1.8.conv1|layer1.8.conv2|layer2.0.conv1|layer2.0.conv2|layer2.1.conv1|layer2.1.conv2|layer2.2.conv1|layer2.2.conv2|layer2.3.conv1|layer2.3.conv2|layer2.4.conv1|layer2.4.conv2|layer2.5.conv1|layer2.5.conv2|layer2.6.conv1|layer2.6.conv2|layer2.7.conv1|layer2.7.conv2|layer2.8.conv1|layer2.8.conv2|layer3.0.conv1|layer3.0.conv2|layer3.1.conv1|layer3.1.conv2|layer3.2.conv1|layer3.2.conv2|layer3.3.conv1|layer3.3.conv2|layer3.4.conv1|layer3.4.conv2|layer3.5.conv1|layer3.5.conv2|layer3.6.conv1|layer3.6.conv2|layer3.7.conv1|layer3.7.conv2|layer3.8.conv1|layer3.8.conv2|fc,15,True,67.7921,305838,2.7981,0.1633,1.1863,59.7275,2.7504,0.0024,25.9774,3903.52,89.08,89.252,89.08,89.0578
TT rank 0017 [compressed],TT,conv1|layer1.0.conv1|layer1.0.conv2|layer1.1.conv1|layer1.1.conv2|layer1.2.conv1|layer1.2.conv2|layer1.3.conv1|layer1.3.conv2|layer1.4.conv1|layer1.4.conv2|layer1.5.conv1|layer1.5.conv2|layer1.6.conv1|layer1.6.conv2|layer1.7.conv1|layer1.7.conv2|layer1.8.conv1|layer1.8.conv2|layer2.0.conv1|layer2.0.conv2|layer2.1.conv1|layer2.1.conv2|layer2.2.conv1|layer2.2.conv2|layer2.3.conv1|layer2.3.conv2|layer2.4.conv1|layer2.4.conv2|layer2.5.conv1|layer2.5.conv2|layer2.6.conv1|layer2.6.conv2|layer2.7.conv1|layer2.7.conv2|layer2.8.conv1|layer2.8.conv2|layer3.0.conv1|layer3.0.conv2|layer3.1.conv1|layer3.1.conv2|layer3.2.conv1|layer3.2.conv2|layer3.3.conv1|layer3.3.conv2|layer3.4.conv1|layer3.4.conv2|layer3.5.conv1|layer3.5.conv2|layer3.6.conv1|layer3.6.conv2|layer3.7.conv1|layer3.7.conv2|layer3.8.conv1|layer3.8.conv2|fc,17,False,0.0,339534,2.5204,0.1671,1.3123,58.6055,2.8053,0.0024,25.6848,3828.97,22.6,23.8806,22.6,13.4929
TT rank 0017 [fine_tuned],TT,conv1|layer1.0.conv1|layer1.0.conv2|layer1.1.conv1|layer1.1.conv2|layer1.2.conv1|layer1.2.conv2|layer1.3.conv1|layer1.3.conv2|layer1.4.conv1|layer1.4.conv2|layer1.5.conv1|layer1.5.conv2|layer1.6.conv1|layer1.6.conv2|layer1.7.conv1|layer1.7.conv2|layer1.8.conv1|layer1.8.conv2|layer2.0.conv1|layer2.0.conv2|layer2.1.conv1|layer2.1.conv2|layer2.2.conv1|layer2.2.conv2|layer2.3.conv1|layer2.3.conv2|layer2.4.conv1|layer2.4.conv2|layer2.5.conv1|layer2.5.conv2|layer2.6.conv1|layer2.6.conv2|layer2.7.conv1|layer2.7.conv2|layer2.8.conv1|layer2.8.conv2|layer3.0.conv1|layer3.0.conv2|layer3.1.conv1|layer3.1.conv2|layer3.2.conv1|layer3.2.conv2|layer3.3.conv1|layer3.3.conv2|layer3.4.conv1|layer3.4.conv2|layer3.5.conv1|layer3.5.conv2|layer3.6.conv1|layer3.6.conv2|layer3.7.conv1|layer3.7.conv2|layer3.8.conv1|layer3.8.conv2|fc,17,True,67.5981,339534,2.5204,0.1671,1.3149,60.0029,2.6978,0.0024,26.1547,3978.9,88.72,88.7759,88.72,88.6532
TT rank 0018 [compressed],TT,conv1|layer1.0.conv1|layer1.0.conv2|layer1.1.conv1|layer1.1.conv2|layer1.2.conv1|layer1.2.conv2|layer1.3.conv1|layer1.3.conv2|layer1.4.conv1|layer1.4.conv2|layer1.5.conv1|layer1.5.conv2|layer1.6.conv1|layer1.6.conv2|layer1.7.conv1|layer1.7.conv2|layer1.8.conv1|layer1.8.conv2|layer2.0.conv1|layer2.0.conv2|layer2.1.conv1|layer2.1.conv2|layer2.2.conv1|layer2.2.conv2|layer2.3.conv1|layer2.3.conv2|layer2.4.conv1|layer2.4.conv2|layer2.5.conv1|layer2.5.conv2|layer2.6.conv1|layer2.6.conv2|layer2.7.conv1|layer2.7.conv2|layer2.8.conv1|layer2.8.conv2|layer3.0.conv1|layer3.0.conv2|layer3.1.conv1|layer3.1.conv2|layer3.2.conv1|layer3.2.conv2|layer3.3.conv1|layer3.3.conv2|layer3.4.conv1|layer3.4.conv2|layer3.5.conv1|layer3.5.conv2|layer3.6.conv1|layer3.6.conv2|layer3.7.conv1|layer3.7.conv2|layer3.8.conv1|layer3.8.conv2|fc,18,False,0.0,356382,2.4013,0.1654,1.3766,58.6567,2.8317,0.0024,25.4704,3777.75,22.83,52.6669,22.83,16.2181
TT rank 0018 [fine_tuned],TT,conv1|layer1.0.conv1|layer1.0.conv2|layer1.1.conv1|layer1.1.conv2|layer1.2.conv1|layer1.2.conv2|layer1.3.conv1|layer1.3.conv2|layer1.4.conv1|layer1.4.conv2|layer1.5.conv1|layer1.5.conv2|layer1.6.conv1|layer1.6.conv2|layer1.7.conv1|layer1.7.conv2|layer1.8.conv1|layer1.8.conv2|layer2.0.conv1|layer2.0.conv2|layer2.1.conv1|layer2.1.conv2|layer2.2.conv1|layer2.2.conv2|layer2.3.conv1|layer2.3.conv2|layer2.4.conv1|layer2.4.conv2|layer2.5.conv1|layer2.5.conv2|layer2.6.conv1|layer2.6.conv2|layer2.7.conv1|layer2.7.conv2|layer2.8.conv1|layer2.8.conv2|layer3.0.conv1|layer3.0.conv2|layer3.1.conv1|layer3.1.conv2|layer3.2.conv1|layer3.2.conv2|layer3.3.conv1|layer3.3.conv2|layer3.4.conv1|layer3.4.conv2|layer3.5.conv1|layer3.5.conv2|layer3.6.conv1|layer3.6.conv2|layer3.7.conv1|layer3.7.conv2|layer3.8.conv1|layer3.8.conv2|fc,18,True,67.634,356382,2.4013,0.1654,1.3792,60.1055,2.852,0.0024,26.6562,3755.68,90.03,90.1216,90.03,90.0406
TT rank 0019 [compressed],TT,conv1|layer1.0.conv1|layer1.0.conv2|layer1.1.conv1|layer1.1.conv2|layer1.2.conv1|layer1.2.conv2|layer1.3.conv1|layer1.3.conv2|layer1.4.conv1|layer1.4.conv2|layer1.5.conv1|layer1.5.conv2|layer1.6.conv1|layer1.6.conv2|layer1.7.conv1|layer1.7.conv2|layer1.8.conv1|layer1.8.conv2|layer2.0.conv1|layer2.0.conv2|layer2.1.conv1|layer2.1.conv2|layer2.2.conv1|layer2.2.conv2|layer2.3.conv1|layer2.3.conv2|layer2.4.conv1|layer2.4.conv2|layer2.5.conv1|layer2.5.conv2|layer2.6.conv1|layer2.6.conv2|layer2.7.conv1|layer2.7.conv2|layer2.8.conv1|layer2.8.conv2|layer3.0.conv1|layer3.0.conv2|layer3.1.conv1|layer3.1.conv2|layer3.2.conv1|layer3.2.conv2|layer3.3.conv1|layer3.3.conv2|layer3.4.conv1|layer3.4.conv2|layer3.5.conv1|layer3.5.conv2|layer3.6.conv1|layer3.6.conv2|layer3.7.conv1|layer3.7.conv2|layer3.8.conv1|layer3.8.conv2|fc,19,False,0.0,373230,2.2929,0.1704,1.4409,58.7251,2.8892,0.0024,25.8854,3715.34,31.52,70.0365,31.52,24.5035
TT rank 0019 [fine_tuned],TT,conv1|layer1.0.conv1|layer1.0.conv2|layer1.1.conv1|layer1.1.conv2|layer1.2.conv1|layer1.2.conv2|layer1.3.conv1|layer1.3.conv2|layer1.4.conv1|layer1.4.conv2|layer1.5.conv1|layer1.5.conv2|layer1.6.conv1|layer1.6.conv2|layer1.7.conv1|layer1.7.conv2|layer1.8.conv1|layer1.8.conv2|layer2.0.conv1|layer2.0.conv2|layer2.1.conv1|layer2.1.conv2|layer2.2.conv1|layer2.2.conv2|layer2.3.conv1|layer2.3.conv2|layer2.4.conv1|layer2.4.conv2|layer2.5.conv1|layer2.5.conv2|layer2.6.conv1|layer2.6.conv2|layer2.7.conv1|layer2.7.conv2|layer2.8.conv1|layer2.8.conv2|layer3.0.conv1|layer3.0.conv2|layer3.1.conv1|layer3.1.conv2|layer3.2.conv1|layer3.2.conv2|layer3.3.conv1|layer3.3.conv2|layer3.4.conv1|layer3.4.conv2|layer3.5.conv1|layer3.5.conv2|layer3.6.conv1|layer3.6.conv2|layer3.7.conv1|layer3.7.conv2|layer3.8.conv1|layer3.8.conv2|fc,19,True,67.5116,373230,2.2929,0.1704,1.4434,60.2422,2.8493,0.0024,26.3827,3779.21,87.36,87.8858,87.36,87.42
TT rank 0021 [compressed],TT,conv1|layer1.0.conv1|layer1.0.conv2|layer1.1.conv1|layer1.1.conv2|layer1.2.conv1|layer1.2.conv2|layer1.3.conv1|layer1.3.conv2|layer1.4.conv1|layer1.4.conv2|layer1.5.conv1|layer1.5.conv2|layer1.6.conv1|layer1.6.conv2|layer1.7.conv1|layer1.7.conv2|layer1.8.conv1|layer1.8.conv2|layer2.0.conv1|layer2.0.conv2|layer2.1.conv1|layer2.1.conv2|layer2.2.conv1|layer2.2.conv2|layer2.3.conv1|layer2.3.conv2|layer2.4.conv1|layer2.4.conv2|layer2.5.conv1|layer2.5.conv2|layer2.6.conv1|layer2.6.conv2|layer2.7.conv1|layer2.7.conv2|layer2.8.conv1|layer2.8.conv2|layer3.0.conv1|layer3.0.conv2|layer3.1.conv1|layer3.1.conv2|layer3.2.conv1|layer3.2.conv2|layer3.3.conv1|layer3.3.conv2|layer3.4.conv1|layer3.4.conv2|layer3.5.conv1|layer3.5.conv2|layer3.6.conv1|layer3.6.conv2|layer3.7.conv1|layer3.7.conv2|layer3.8.conv1|layer3.8.conv2|fc,21,False,0.0,406926,2.103,0.1724,1.5694,58.8623,2.746,0.0024,25.8074,3920.06,37.12,67.5702,37.12,34.2857
TT rank 0021 [fine_tuned],TT,conv1|layer1.0.conv1|layer1.0.conv2|layer1.1.conv1|layer1.1.conv2|layer1.2.conv1|layer1.2.conv2|layer1.3.conv1|layer1.3.conv2|layer1.4.conv1|layer1.4.conv2|layer1.5.conv1|layer1.5.conv2|layer1.6.conv1|layer1.6.conv2|layer1.7.conv1|layer1.7.conv2|layer1.8.conv1|layer1.8.conv2|layer2.0.conv1|layer2.0.conv2|layer2.1.conv1|layer2.1.conv2|layer2.2.conv1|layer2.2.conv2|layer2.3.conv1|layer2.3.conv2|layer2.4.conv1|layer2.4.conv2|layer2.5.conv1|layer2.5.conv2|layer2.6.conv1|layer2.6.conv2|layer2.7.conv1|layer2.7.conv2|layer2.8.conv1|layer2.8.conv2|layer3.0.conv1|layer3.0.conv2|layer3.1.conv1|layer3.1.conv2|layer3.2.conv1|layer3.2.conv2|layer3.3.conv1|layer3.3.conv2|layer3.4.conv1|layer3.4.conv2|layer3.5.conv1|layer3.5.conv2|layer3.6.conv1|layer3.6.conv2|layer3.7.conv1|layer3.7.conv2|layer3.8.conv1|layer3.8.conv2|fc,21,True,47.3671,406926,2.103,0.1724,1.572,60.5166,2.6216,0.0024,25.9429,4118.06,87.74,87.9204,87.74,87.7768
TT rank 0022 [compressed],TT,conv1|layer1.0.conv1|layer1.0.conv2|layer1.1.conv1|layer1.1.conv2|layer1.2.conv1|layer1.2.conv2|layer1.3.conv1|layer1.3.conv2|layer1.4.conv1|layer1.4.conv2|layer1.5.conv1|layer1.5.conv2|layer1.6.conv1|layer1.6.conv2|layer1.7.conv1|layer1.7.conv2|layer1.8.conv1|layer1.8.conv2|layer2.0.conv1|layer2.0.conv2|layer2.1.conv1|layer2.1.conv2|layer2.2.conv1|layer2.2.conv2|layer2.3.conv1|layer2.3.conv2|layer2.4.conv1|layer2.4.conv2|layer2.5.conv1|layer2.5.conv2|layer2.6.conv1|layer2.6.conv2|layer2.7.conv1|layer2.7.conv2|layer2.8.conv1|layer2.8.conv2|layer3.0.conv1|layer3.0.conv2|layer3.1.conv1|layer3.1.conv2|layer3.2.conv1|layer3.2.conv2|layer3.3.conv1|layer3.3.conv2|layer3.4.conv1|layer3.4.conv2|layer3.5.conv1|layer3.5.conv2|layer3.6.conv1|layer3.6.conv2|layer3.7.conv1|layer3.7.conv2|layer3.8.conv1|layer3.8.conv2|fc,22,False,0.0,423774,2.0194,0.1734,1.6337,58.9136,2.8266,0.0024,25.7002,3803.42,44.33,68.7248,44.33,43.5117
TT rank 0022 [fine_tuned],TT,conv1|layer1.0.conv1|layer1.0.conv2|layer1.1.conv1|layer1.1.conv2|layer1.2.conv1|layer1.2.conv2|layer1.3.conv1|layer1.3.conv2|layer1.4.conv1|layer1.4.conv2|layer1.5.conv1|layer1.5.conv2|layer1.6.conv1|layer1.6.conv2|layer1.7.conv1|layer1.7.conv2|layer1.8.conv1|layer1.8.conv2|layer2.0.conv1|layer2.0.conv2|layer2.1.conv1|layer2.1.conv2|layer2.2.conv1|layer2.2.conv2|layer2.3.conv1|layer2.3.conv2|layer2.4.conv1|layer2.4.conv2|layer2.5.conv1|layer2.5.conv2|layer2.6.conv1|layer2.6.conv2|layer2.7.conv1|layer2.7.conv2|layer2.8.conv1|layer2.8.conv2|layer3.0.conv1|layer3.0.conv2|layer3.1.conv1|layer3.1.conv2|layer3.2.conv1|layer3.2.conv2|layer3.3.conv1|layer3.3.conv2|layer3.4.conv1|layer3.4.conv2|layer3.5.conv1|layer3.5.conv2|layer3.6.conv1|layer3.6.conv2|layer3.7.conv1|layer3.7.conv2|layer3.8.conv1|layer3.8.conv2|fc,22,True,67.5758,423774,2.0194,0.1734,1.6362,60.6191,2.8025,0.0024,26.3794,3821.89,91.35,91.4371,91.35,91.339
TT rank 0024 [compressed],TT,conv1|layer1.0.conv1|layer1.0.conv2|layer1.1.conv1|layer1.1.conv2|layer1.2.conv1|layer1.2.conv2|layer1.3.conv1|layer1.3.conv2|layer1.4.conv1|layer1.4.conv2|layer1.5.conv1|layer1.5.conv2|layer1.6.conv1|layer1.6.conv2|layer1.7.conv1|layer1.7.conv2|layer1.8.conv1|layer1.8.conv2|layer2.0.conv1|layer2.0.conv2|layer2.1.conv1|layer2.1.conv2|layer2.2.conv1|layer2.2.conv2|layer2.3.conv1|layer2.3.conv2|layer2.4.conv1|layer2.4.conv2|layer2.5.conv1|layer2.5.conv2|layer2.6.conv1|layer2.6.conv2|layer2.7.conv1|layer2.7.conv2|layer2.8.conv1|layer2.8.conv2|layer3.0.conv1|layer3.0.conv2|layer3.1.conv1|layer3.1.conv2|layer3.2.conv1|layer3.2.conv2|layer3.3.conv1|layer3.3.conv2|layer3.4.conv1|layer3.4.conv2|layer3.5.conv1|layer3.5.conv2|layer3.6.conv1|layer3.6.conv2|layer3.7.conv1|layer3.7.conv2|layer3.8.conv1|layer3.8.conv2|fc,24,False,0.0,457470,1.8707,0.1749,1.7622,59.0332,2.8547,0.0024,25.636,3756.65,55.96,70.0512,55.96,54.1797
TT rank 0024 [fine_tuned],TT,conv1|layer1.0.conv1|layer1.0.conv2|layer1.1.conv1|layer1.1.conv2|layer1.2.conv1|layer1.2.conv2|layer1.3.conv1|layer1.3.conv2|layer1.4.conv1|layer1.4.conv2|layer1.5.conv1|layer1.5.conv2|layer1.6.conv1|layer1.6.conv2|layer1.7.conv1|layer1.7.conv2|layer1.8.conv1|layer1.8.conv2|layer2.0.conv1|layer2.0.conv2|layer2.1.conv1|layer2.1.conv2|layer2.2.conv1|layer2.2.conv2|layer2.3.conv1|layer2.3.conv2|layer2.4.conv1|layer2.4.conv2|layer2.5.conv1|layer2.5.conv2|layer2.6.conv1|layer2.6.conv2|layer2.7.conv1|layer2.7.conv2|layer2.8.conv1|layer2.8.conv2|layer3.0.conv1|layer3.0.conv2|layer3.1.conv1|layer3.1.conv2|layer3.2.conv1|layer3.2.conv2|layer3.3.conv1|layer3.3.conv2|layer3.4.conv1|layer3.4.conv2|layer3.5.conv1|layer3.5.conv2|layer3.6.conv1|layer3.6.conv2|layer3.7.conv1|layer3.7.conv2|layer3.8.conv1|layer3.8.conv2|fc,24,True,47.3031,457470,1.8707,0.1749,1.7648,60.8584,2.7342,0.0024,26.5936,3945.78,88.66,88.7178,88.66,88.6166
TT rank 0025 [compressed],TT,conv1|layer1.0.conv1|layer1.0.conv2|layer1.1.conv1|layer1.1.conv2|layer1.2.conv1|layer1.2.conv2|layer1.3.conv1|layer1.3.conv2|layer1.4.conv1|layer1.4.conv2|layer1.5.conv1|layer1.5.conv2|layer1.6.conv1|layer1.6.conv2|layer1.7.conv1|layer1.7.conv2|layer1.8.conv1|layer1.8.conv2|layer2.0.conv1|layer2.0.conv2|layer2.1.conv1|layer2.1.conv2|layer2.2.conv1|layer2.2.conv2|layer2.3.conv1|layer2.3.conv2|layer2.4.conv1|layer2.4.conv2|layer2.5.conv1|layer2.5.conv2|layer2.6.conv1|layer2.6.conv2|layer2.7.conv1|layer2.7.conv2|layer2.8.conv1|layer2.8.conv2|layer3.0.conv1|layer3.0.conv2|layer3.1.conv1|layer3.1.conv2|layer3.2.conv1|layer3.2.conv2|layer3.3.conv1|layer3.3.conv2|layer3.4.conv1|layer3.4.conv2|layer3.5.conv1|layer3.5.conv2|layer3.6.conv1|layer3.6.conv2|layer3.7.conv1|layer3.7.conv2|layer3.8.conv1|layer3.8.conv2|fc,25,False,0.0,474318,1.8042,0.1735,1.8265,59.1196,2.8447,0.0024,25.5671,3794.03,59.41,74.2202,59.41,58.4755
TT rank 0025 [fine_tuned],TT,conv1|layer1.0.conv1|layer1.0.conv2|layer1.1.conv1|layer1.1.conv2|layer1.2.conv1|layer1.2.conv2|layer1.3.conv1|layer1.3.conv2|layer1.4.conv1|layer1.4.conv2|layer1.5.conv1|layer1.5.conv2|layer1.6.conv1|layer1.6.conv2|layer1.7.conv1|layer1.7.conv2|layer1.8.conv1|layer1.8.conv2|layer2.0.conv1|layer2.0.conv2|layer2.1.conv1|layer2.1.conv2|layer2.2.conv1|layer2.2.conv2|layer2.3.conv1|layer2.3.conv2|layer2.4.conv1|layer2.4.conv2|layer2.5.conv1|layer2.5.conv2|layer2.6.conv1|layer2.6.conv2|layer2.7.conv1|layer2.7.conv2|layer2.8.conv1|layer2.8.conv2|layer3.0.conv1|layer3.0.conv2|layer3.1.conv1|layer3.1.conv2|layer3.2.conv1|layer3.2.conv2|layer3.3.conv1|layer3.3.conv2|layer3.4.conv1|layer3.4.conv2|layer3.5.conv1|layer3.5.conv2|layer3.6.conv1|layer3.6.conv2|layer3.7.conv1|layer3.7.conv2|layer3.8.conv1|layer3.8.conv2|fc,25,True,54.3589,474318,1.8042,0.1735,1.829,61.0312,2.8777,0.0024,26.2372,3740.77,88.86,89.0856,88.86,88.8348
TT rank 0026 [compressed],TT,conv1|layer1.0.conv1|layer1.0.conv2|layer1.1.conv1|layer1.1.conv2|layer1.2.conv1|layer1.2.conv2|layer1.3.conv1|layer1.3.conv2|layer1.4.conv1|layer1.4.conv2|layer1.5.conv1|layer1.5.conv2|layer1.6.conv1|layer1.6.conv2|layer1.7.conv1|layer1.7.conv2|layer1.8.conv1|layer1.8.conv2|layer2.0.conv1|layer2.0.conv2|layer2.1.conv1|layer2.1.conv2|layer2.2.conv1|layer2.2.conv2|layer2.3.conv1|layer2.3.conv2|layer2.4.conv1|layer2.4.conv2|layer2.5.conv1|layer2.5.conv2|layer2.6.conv1|layer2.6.conv2|layer2.7.conv1|layer2.7.conv2|layer2.8.conv1|layer2.8.conv2|layer3.0.conv1|layer3.0.conv2|layer3.1.conv1|layer3.1.conv2|layer3.2.conv1|layer3.2.conv2|layer3.3.conv1|layer3.3.conv2|layer3.4.conv1|layer3.4.conv2|layer3.5.conv1|layer3.5.conv2|layer3.6.conv1|layer3.6.conv2|layer3.7.conv1|layer3.7.conv2|layer3.8.conv1|layer3.8.conv2|fc,26,False,0.0,491166,1.7423,0.1769,1.8907,59.1709,2.7399,0.0024,26.2734,3920.34,61.62,76.1344,61.62,60.7139
TT rank 0026 [fine_tuned],TT,conv1|layer1.0.conv1|layer1.0.conv2|layer1.1.conv1|layer1.1.conv2|layer1.2.conv1|layer1.2.conv2|layer1.3.conv1|layer1.3.conv2|layer1.4.conv1|layer1.4.conv2|layer1.5.conv1|layer1.5.conv2|layer1.6.conv1|layer1.6.conv2|layer1.7.conv1|layer1.7.conv2|layer1.8.conv1|layer1.8.conv2|layer2.0.conv1|layer2.0.conv2|layer2.1.conv1|layer2.1.conv2|layer2.2.conv1|layer2.2.conv2|layer2.3.conv1|layer2.3.conv2|layer2.4.conv1|layer2.4.conv2|layer2.5.conv1|layer2.5.conv2|layer2.6.conv1|layer2.6.conv2|layer2.7.conv1|layer2.7.conv2|layer2.8.conv1|layer2.8.conv2|layer3.0.conv1|layer3.0.conv2|layer3.1.conv1|layer3.1.conv2|layer3.2.conv1|layer3.2.conv2|layer3.3.conv1|layer3.3.conv2|layer3.4.conv1|layer3.4.conv2|layer3.5.conv1|layer3.5.conv2|layer3.6.conv1|layer3.6.conv2|layer3.7.conv1|layer3.7.conv2|layer3.8.conv1|layer3.8.conv2|fc,26,True,68.2376,491166,1.7423,0.1769,1.8933,61.1338,2.8721,0.0024,26.2625,3723.01,91.65,91.8811,91.65,91.6985
TT rank 0028 [compressed],TT,conv1|layer1.0.conv1|layer1.0.conv2|layer1.1.conv1|layer1.1.conv2|layer1.2.conv1|layer1.2.conv2|layer1.3.conv1|layer1.3.conv2|layer1.4.conv1|layer1.4.conv2|layer1.5.conv1|layer1.5.conv2|layer1.6.conv1|layer1.6.conv2|layer1.7.conv1|layer1.7.conv2|layer1.8.conv1|layer1.8.conv2|layer2.0.conv1|layer2.0.conv2|layer2.1.conv1|layer2.1.conv2|layer2.2.conv1|layer2.2.conv2|layer2.3.conv1|layer2.3.conv2|layer2.4.conv1|layer2.4.conv2|layer2.5.conv1|layer2.5.conv2|layer2.6.conv1|layer2.6.conv2|layer2.7.conv1|layer2.7.conv2|layer2.8.conv1|layer2.8.conv2|layer3.0.conv1|layer3.0.conv2|layer3.1.conv1|layer3.1.conv2|layer3.2.conv1|layer3.2.conv2|layer3.3.conv1|layer3.3.conv2|layer3.4.conv1|layer3.4.conv2|layer3.5.conv1|layer3.5.conv2|layer3.6.conv1|layer3.6.conv2|layer3.7.conv1|layer3.7.conv2|layer3.8.conv1|layer3.8.conv2|fc,28,False,0.0,524510,1.6316,0.1813,2.0179,59.2896,2.763,0.0024,25.9153,3902.12,67.91,80.3287,67.91,68.3092
TT rank 0028 [fine_tuned],TT,conv1|layer1.0.conv1|layer1.0.conv2|layer1.1.conv1|layer1.1.conv2|layer1.2.conv1|layer1.2.conv2|layer1.3.conv1|layer1.3.conv2|layer1.4.conv1|layer1.4.conv2|layer1.5.conv1|layer1.5.conv2|layer1.6.conv1|layer1.6.conv2|layer1.7.conv1|layer1.7.conv2|layer1.8.conv1|layer1.8.conv2|layer2.0.conv1|layer2.0.conv2|layer2.1.conv1|layer2.1.conv2|layer2.2.conv1|layer2.2.conv2|layer2.3.conv1|layer2.3.conv2|layer2.4.conv1|layer2.4.conv2|layer2.5.conv1|layer2.5.conv2|layer2.6.conv1|layer2.6.conv2|layer2.7.conv1|layer2.7.conv2|layer2.8.conv1|layer2.8.conv2|layer3.0.conv1|layer3.0.conv2|layer3.1.conv1|layer3.1.conv2|layer3.2.conv1|layer3.2.conv2|layer3.3.conv1|layer3.3.conv2|layer3.4.conv1|layer3.4.conv2|layer3.5.conv1|layer3.5.conv2|layer3.6.conv1|layer3.6.conv2|layer3.7.conv1|layer3.7.conv2|layer3.8.conv1|layer3.8.conv2|fc,28,True,67.9777,524510,1.6316,0.1813,2.0205,61.3711,2.8317,0.0024,25.9459,3781.11,92.32,92.3433,92.32,92.3115
TT rank 0029 [compressed],TT,conv1|layer1.0.conv1|layer1.0.conv2|layer1.1.conv1|layer1.1.conv2|layer1.2.conv1|layer1.2.conv2|layer1.3.conv1|layer1.3.conv2|layer1.4.conv1|layer1.4.conv2|layer1.5.conv1|layer1.5.conv2|layer1.6.conv1|layer1.6.conv2|layer1.7.conv1|layer1.7.conv2|layer1.8.conv1|layer1.8.conv2|layer2.0.conv1|layer2.0.conv2|layer2.1.conv1|layer2.1.conv2|layer2.2.conv1|layer2.2.conv2|layer2.3.conv1|layer2.3.conv2|layer2.4.conv1|layer2.4.conv2|layer2.5.conv1|layer2.5.conv2|layer2.6.conv1|layer2.6.conv2|layer2.7.conv1|layer2.7.conv2|layer2.8.conv1|layer2.8.conv2|layer3.0.conv1|layer3.0.conv2|layer3.1.conv1|layer3.1.conv2|layer3.2.conv1|layer3.2.conv2|layer3.3.conv1|layer3.3.conv2|layer3.4.conv1|layer3.4.conv2|layer3.5.conv1|layer3.5.conv2|layer3.6.conv1|layer3.6.conv2|layer3.7.conv1|layer3.7.conv2|layer3.8.conv1|layer3.8.conv2|fc,29,False,0.0,535742,1.5974,0.1793,2.0608,59.3413,2.7246,0.0024,26.1423,3953.54,71.54,83.0024,71.54,72.7257
TT rank 0029 [fine_tuned],TT,conv1|layer1.0.conv1|layer1.0.conv2|layer1.1.conv1|layer1.1.conv2|layer1.2.conv1|layer1.2.conv2|layer1.3.conv1|layer1.3.conv2|layer1.4.conv1|layer1.4.conv2|layer1.5.conv1|layer1.5.conv2|layer1.6.conv1|layer1.6.conv2|layer1.7.conv1|layer1.7.conv2|layer1.8.conv1|layer1.8.conv2|layer2.0.conv1|layer2.0.conv2|layer2.1.conv1|layer2.1.conv2|layer2.2.conv1|layer2.2.conv2|layer2.3.conv1|layer2.3.conv2|layer2.4.conv1|layer2.4.conv2|layer2.5.conv1|layer2.5.conv2|layer2.6.conv1|layer2.6.conv2|layer2.7.conv1|layer2.7.conv2|layer2.8.conv1|layer2.8.conv2|layer3.0.conv1|layer3.0.conv2|layer3.1.conv1|layer3.1.conv2|layer3.2.conv1|layer3.2.conv2|layer3.3.conv1|layer3.3.conv2|layer3.4.conv1|layer3.4.conv2|layer3.5.conv1|layer3.5.conv2|layer3.6.conv1|layer3.6.conv2|layer3.7.conv1|layer3.7.conv2|layer3.8.conv1|layer3.8.conv2|fc,29,True,67.9637,535742,1.5974,0.1793,2.0634,61.4746,2.9017,0.0024,25.1963,3692.74,91.99,91.9864,91.99,91.9499
TT rank 0031 [compressed],TT,conv1|layer1.0.conv1|layer1.0.conv2|layer1.1.conv1|layer1.1.conv2|layer1.2.conv1|layer1.2.conv2|layer1.3.conv1|layer1.3.conv2|layer1.4.conv1|layer1.4.conv2|layer1.5.conv1|layer1.5.conv2|layer1.6.conv1|layer1.6.conv2|layer1.7.conv1|layer1.7.conv2|layer1.8.conv1|layer1.8.conv2|layer2.0.conv1|layer2.0.conv2|layer2.1.conv1|layer2.1.conv2|layer2.2.conv1|layer2.2.conv2|layer2.3.conv1|layer2.3.conv2|layer2.4.conv1|layer2.4.conv2|layer2.5.conv1|layer2.5.conv2|layer2.6.conv1|layer2.6.conv2|layer2.7.conv1|layer2.7.conv2|layer2.8.conv1|layer2.8.conv2|layer3.0.conv1|layer3.0.conv2|layer3.1.conv1|layer3.1.conv2|layer3.2.conv1|layer3.2.conv2|layer3.3.conv1|layer3.3.conv2|layer3.4.conv1|layer3.4.conv2|layer3.5.conv1|layer3.5.conv2|layer3.6.conv1|layer3.6.conv2|layer3.7.conv1|layer3.7.conv2|layer3.8.conv1|layer3.8.conv2|fc,31,False,0.0,558206,1.5331,0.1821,2.1465,59.4268,2.7597,0.0024,26.2495,3894.72,76.89,84.4308,76.89,77.8059
TT rank 0031 [fine_tuned],TT,conv1|layer1.0.conv1|layer1.0.conv2|layer1.1.conv1|layer1.1.conv2|layer1.2.conv1|layer1.2.conv2|layer1.3.conv1|layer1.3.conv2|layer1.4.conv1|layer1.4.conv2|layer1.5.conv1|layer1.5.conv2|layer1.6.conv1|layer1.6.conv2|layer1.7.conv1|layer1.7.conv2|layer1.8.conv1|layer1.8.conv2|layer2.0.conv1|layer2.0.conv2|layer2.1.conv1|layer2.1.conv2|layer2.2.conv1|layer2.2.conv2|layer2.3.conv1|layer2.3.conv2|layer2.4.conv1|layer2.4.conv2|layer2.5.conv1|layer2.5.conv2|layer2.6.conv1|layer2.6.conv2|layer2.7.conv1|layer2.7.conv2|layer2.8.conv1|layer2.8.conv2|layer3.0.conv1|layer3.0.conv2|layer3.1.conv1|layer3.1.conv2|layer3.2.conv1|layer3.2.conv2|layer3.3.conv1|layer3.3.conv2|layer3.4.conv1|layer3.4.conv2|layer3.5.conv1|layer3.5.conv2|layer3.6.conv1|layer3.6.conv2|layer3.7.conv1|layer3.7.conv2|layer3.8.conv1|layer3.8.conv2|fc,31,True,34.0349,558206,1.5331,0.1821,2.149,61.6455,2.7929,0.0024,25.7569,3845.11,90.75,90.7379,90.75,90.6799
TT rank 0034 [compressed],TT,conv1|layer1.0.conv1|layer1.0.conv2|layer1.1.conv1|layer1.1.conv2|layer1.2.conv1|layer1.2.conv2|layer1.3.conv1|layer1.3.conv2|layer1.4.conv1|layer1.4.conv2|layer1.5.conv1|layer1.5.conv2|layer1.6.conv1|layer1.6.conv2|layer1.7.conv1|layer1.7.conv2|layer1.8.conv1|layer1.8.conv2|layer2.0.conv1|layer2.0.conv2|layer2.1.conv1|layer2.1.conv2|layer2.2.conv1|layer2.2.conv2|layer2.3.conv1|layer2.3.conv2|layer2.4.conv1|layer2.4.conv2|layer2.5.conv1|layer2.5.conv2|layer2.6.conv1|layer2.6.conv2|layer2.7.conv1|layer2.7.conv2|layer2.8.conv1|layer2.8.conv2|layer3.0.conv1|layer3.0.conv2|layer3.1.conv1|layer3.1.conv2|layer3.2.conv1|layer3.2.conv2|layer3.3.conv1|layer3.3.conv2|layer3.4.conv1|layer3.4.conv2|layer3.5.conv1|layer3.5.conv2|layer3.6.conv1|layer3.6.conv2|layer3.7.conv1|layer3.7.conv2|layer3.8.conv1|layer3.8.conv2|fc,34,False,0.0,591902,1.4458,0.1775,2.275,59.5469,2.7106,0.0024,26.8287,3989.99,83.44,86.5244,83.44,83.7789
TT rank 0034 [fine_tuned],TT,conv1|layer1.0.conv1|layer1.0.conv2|layer1.1.conv1|layer1.1.conv2|layer1.2.conv1|layer1.2.conv2|layer1.3.conv1|layer1.3.conv2|layer1.4.conv1|layer1.4.conv2|layer1.5.conv1|layer1.5.conv2|layer1.6.conv1|layer1.6.conv2|layer1.7.conv1|layer1.7.conv2|layer1.8.conv1|layer1.8.conv2|layer2.0.conv1|layer2.0.conv2|layer2.1.conv1|layer2.1.conv2|layer2.2.conv1|layer2.2.conv2|layer2.3.conv1|layer2.3.conv2|layer2.4.conv1|layer2.4.conv2|layer2.5.conv1|layer2.5.conv2|layer2.6.conv1|layer2.6.conv2|layer2.7.conv1|layer2.7.conv2|layer2.8.conv1|layer2.8.conv2|layer3.0.conv1|layer3.0.conv2|layer3.1.conv1|layer3.1.conv2|layer3.2.conv1|layer3.2.conv2|layer3.3.conv1|layer3.3.conv2|layer3.4.conv1|layer3.4.conv2|layer3.5.conv1|layer3.5.conv2|layer3.6.conv1|layer3.6.conv2|layer3.7.conv1|layer3.7.conv2|layer3.8.conv1|layer3.8.conv2|fc,34,True,67.3608,591902,1.4458,0.1775,2.2776,61.8857,2.8538,0.0024,25.3419,3755.9,92.29,92.3713,92.29,92.2876
TT rank 0036 [compressed],TT,conv1|layer1.0.conv1|layer1.0.conv2|layer1.1.conv1|layer1.1.conv2|layer1.2.conv1|layer1.2.conv2|layer1.3.conv1|layer1.3.conv2|layer1.4.conv1|layer1.4.conv2|layer1.5.conv1|layer1.5.conv2|layer1.6.conv1|layer1.6.conv2|layer1.7.conv1|layer1.7.conv2|layer1.8.conv1|layer1.8.conv2|layer2.0.conv1|layer2.0.conv2|layer2.1.conv1|layer2.1.conv2|layer2.2.conv1|layer2.2.conv2|layer2.3.conv1|layer2.3.conv2|layer2.4.conv1|layer2.4.conv2|layer2.5.conv1|layer2.5.conv2|layer2.6.conv1|layer2.6.conv2|layer2.7.conv1|layer2.7.conv2|layer2.8.conv1|layer2.8.conv2|layer3.0.conv1|layer3.0.conv2|layer3.1.conv1|layer3.1.conv2|layer3.2.conv1|layer3.2.conv2|layer3.3.conv1|layer3.3.conv2|layer3.4.conv1|layer3.4.conv2|layer3.5.conv1|layer3.5.conv2|layer3.6.conv1|layer3.6.conv2|layer3.7.conv1|layer3.7.conv2|layer3.8.conv1|layer3.8.conv2|fc,36,False,0.0,614366,1.3929,0.181,2.3607,59.6323,2.8477,0.0024,26.4775,3771.29,85.06,87.7746,85.06,85.448
TT rank 0036 [fine_tuned],TT,conv1|layer1.0.conv1|layer1.0.conv2|layer1.1.conv1|layer1.1.conv2|layer1.2.conv1|layer1.2.conv2|layer1.3.conv1|layer1.3.conv2|layer1.4.conv1|layer1.4.conv2|layer1.5.conv1|layer1.5.conv2|layer1.6.conv1|layer1.6.conv2|layer1.7.conv1|layer1.7.conv2|layer1.8.conv1|layer1.8.conv2|layer2.0.conv1|layer2.0.conv2|layer2.1.conv1|layer2.1.conv2|layer2.2.conv1|layer2.2.conv2|layer2.3.conv1|layer2.3.conv2|layer2.4.conv1|layer2.4.conv2|layer2.5.conv1|layer2.5.conv2|layer2.6.conv1|layer2.6.conv2|layer2.7.conv1|layer2.7.conv2|layer2.8.conv1|layer2.8.conv2|layer3.0.conv1|layer3.0.conv2|layer3.1.conv1|layer3.1.conv2|layer3.2.conv1|layer3.2.conv2|layer3.3.conv1|layer3.3.conv2|layer3.4.conv1|layer3.4.conv2|layer3.5.conv1|layer3.5.conv2|layer3.6.conv1|layer3.6.conv2|layer3.7.conv1|layer3.7.conv2|layer3.8.conv1|layer3.8.conv2|fc,36,True,60.6449,614366,1.3929,0.181,2.3633,62.0566,2.8447,0.0024,25.9419,3771.32,92.84,92.9025,92.84,92.8599
TT rank 0039 [compressed],TT,conv1|layer1.0.conv1|layer1.0.conv2|layer1.1.conv1|layer1.1.conv2|layer1.2.conv1|layer1.2.conv2|layer1.3.conv1|layer1.3.conv2|layer1.4.conv1|layer1.4.conv2|layer1.5.conv1|layer1.5.conv2|layer1.6.conv1|layer1.6.conv2|layer1.7.conv1|layer1.7.conv2|layer1.8.conv1|layer1.8.conv2|layer2.0.conv1|layer2.0.conv2|layer2.1.conv1|layer2.1.conv2|layer2.2.conv1|layer2.2.conv2|layer2.3.conv1|layer2.3.conv2|layer2.4.conv1|layer2.4.conv2|layer2.5.conv1|layer2.5.conv2|layer2.6.conv1|layer2.6.conv2|layer2.7.conv1|layer2.7.conv2|layer2.8.conv1|layer2.8.conv2|layer3.0.conv1|layer3.0.conv2|layer3.1.conv1|layer3.1.conv2|layer3.2.conv1|layer3.2.conv2|layer3.3.conv1|layer3.3.conv2|layer3.4.conv1|layer3.4.conv2|layer3.5.conv1|layer3.5.conv2|layer3.6.conv1|layer3.6.conv2|layer3.7.conv1|layer3.7.conv2|layer3.8.conv1|layer3.8.conv2|fc,39,False,0.0,648062,1.3205,0.1729,2.4893,59.7695,2.7677,0.0024,25.3984,3879.22,88.92,89.7646,88.92,89.0058
TT rank 0039 [fine_tuned],TT,conv1|layer1.0.conv1|layer1.0.conv2|layer1.1.conv1|layer1.1.conv2|layer1.2.conv1|layer1.2.conv2|layer1.3.conv1|layer1.3.conv2|layer1.4.conv1|layer1.4.conv2|layer1.5.conv1|layer1.5.conv2|layer1.6.conv1|layer1.6.conv2|layer1.7.conv1|layer1.7.conv2|layer1.8.conv1|layer1.8.conv2|layer2.0.conv1|layer2.0.conv2|layer2.1.conv1|layer2.1.conv2|layer2.2.conv1|layer2.2.conv2|layer2.3.conv1|layer2.3.conv2|layer2.4.conv1|layer2.4.conv2|layer2.5.conv1|layer2.5.conv2|layer2.6.conv1|layer2.6.conv2|layer2.7.conv1|layer2.7.conv2|layer2.8.conv1|layer2.8.conv2|layer3.0.conv1|layer3.0.conv2|layer3.1.conv1|layer3.1.conv2|layer3.2.conv1|layer3.2.conv2|layer3.3.conv1|layer3.3.conv2|layer3.4.conv1|layer3.4.conv2|layer3.5.conv1|layer3.5.conv2|layer3.6.conv1|layer3.6.conv2|layer3.7.conv1|layer3.7.conv2|layer3.8.conv1|layer3.8.conv2|fc,39,True,33.6818,648062,1.3205,0.1729,2.4918,62.3311,2.6988,0.0024,25.8358,3987.83,93.23,93.2107,93.23,93.2145
TT rank 0043 [compressed],TT,conv1|layer1.0.conv1|layer1.0.conv2|layer1.1.conv1|layer1.1.conv2|layer1.2.conv1|layer1.2.conv2|layer1.3.conv1|layer1.3.conv2|layer1.4.conv1|layer1.4.conv2|layer1.5.conv1|layer1.5.conv2|layer1.6.conv1|layer1.6.conv2|layer1.7.conv1|layer1.7.conv2|layer1.8.conv1|layer1.8.conv2|layer2.0.conv1|layer2.0.conv2|layer2.1.conv1|layer2.1.conv2|layer2.2.conv1|layer2.2.conv2|layer2.3.conv1|layer2.3.conv2|layer2.4.conv1|layer2.4.conv2|layer2.5.conv1|layer2.5.conv2|layer2.6.conv1|layer2.6.conv2|layer2.7.conv1|layer2.7.conv2|layer2.8.conv1|layer2.8.conv2|layer3.0.conv1|layer3.0.conv2|layer3.1.conv1|layer3.1.conv2|layer3.2.conv1|layer3.2.conv2|layer3.3.conv1|layer3.3.conv2|layer3.4.conv1|layer3.4.conv2|layer3.5.conv1|layer3.5.conv2|layer3.6.conv1|layer3.6.conv2|layer3.7.conv1|layer3.7.conv2|layer3.8.conv1|layer3.8.conv2|fc,43,False,0.0,692990,1.2349,0.1759,2.6606,59.9409,2.6216,0.0024,25.5883,4090.36,90.52,91.0379,90.52,90.5855
TT rank 0043 [fine_tuned],TT,conv1|layer1.0.conv1|layer1.0.conv2|layer1.1.conv1|layer1.1.conv2|layer1.2.conv1|layer1.2.conv2|layer1.3.conv1|layer1.3.conv2|layer1.4.conv1|layer1.4.conv2|layer1.5.conv1|layer1.5.conv2|layer1.6.conv1|layer1.6.conv2|layer1.7.conv1|layer1.7.conv2|layer1.8.conv1|layer1.8.conv2|layer2.0.conv1|layer2.0.conv2|layer2.1.conv1|layer2.1.conv2|layer2.2.conv1|layer2.2.conv2|layer2.3.conv1|layer2.3.conv2|layer2.4.conv1|layer2.4.conv2|layer2.5.conv1|layer2.5.conv2|layer2.6.conv1|layer2.6.conv2|layer2.7.conv1|layer2.7.conv2|layer2.8.conv1|layer2.8.conv2|layer3.0.conv1|layer3.0.conv2|layer3.1.conv1|layer3.1.conv2|layer3.2.conv1|layer3.2.conv2|layer3.3.conv1|layer3.3.conv2|layer3.4.conv1|layer3.4.conv2|layer3.5.conv1|layer3.5.conv2|layer3.6.conv1|layer3.6.conv2|layer3.7.conv1|layer3.7.conv2|layer3.8.conv1|layer3.8.conv2|fc,43,True,53.9461,692990,1.2349,0.1759,2.6632,62.6738,2.7371,0.0024,25.6437,3923.0,93.71,93.7375,93.71,93.7137
TT rank 0046 [compressed],TT,conv1|layer1.0.conv1|layer1.0.conv2|layer1.1.conv1|layer1.1.conv2|layer1.2.conv1|layer1.2.conv2|layer1.3.conv1|layer1.3.conv2|layer1.4.conv1|layer1.4.conv2|layer1.5.conv1|layer1.5.conv2|layer1.6.conv1|layer1.6.conv2|layer1.7.conv1|layer1.7.conv2|layer1.8.conv1|layer1.8.conv2|layer2.0.conv1|layer2.0.conv2|layer2.1.conv1|layer2.1.conv2|layer2.2.conv1|layer2.2.conv2|layer2.3.conv1|layer2.3.conv2|layer2.4.conv1|layer2.4.conv2|layer2.5.conv1|layer2.5.conv2|layer2.6.conv1|layer2.6.conv2|layer2.7.conv1|layer2.7.conv2|layer2.8.conv1|layer2.8.conv2|layer3.0.conv1|layer3.0.conv2|layer3.1.conv1|layer3.1.conv2|layer3.2.conv1|layer3.2.conv2|layer3.3.conv1|layer3.3.conv2|layer3.4.conv1|layer3.4.conv2|layer3.5.conv1|layer3.5.conv2|layer3.6.conv1|layer3.6.conv2|layer3.7.conv1|layer3.7.conv2|layer3.8.conv1|layer3.8.conv2|fc,46,False,0.0,726686,1.1776,0.1807,2.7892,60.061,2.6332,0.0024,25.8738,4087.65,91.53,91.8464,91.53,91.571
TT rank 0046 [fine_tuned],TT,conv1|layer1.0.conv1|layer1.0.conv2|layer1.1.conv1|layer1.1.conv2|layer1.2.conv1|layer1.2.conv2|layer1.3.conv1|layer1.3.conv2|layer1.4.conv1|layer1.4.conv2|layer1.5.conv1|layer1.5.conv2|layer1.6.conv1|layer1.6.conv2|layer1.7.conv1|layer1.7.conv2|layer1.8.conv1|layer1.8.conv2|layer2.0.conv1|layer2.0.conv2|layer2.1.conv1|layer2.1.conv2|layer2.2.conv1|layer2.2.conv2|layer2.3.conv1|layer2.3.conv2|layer2.4.conv1|layer2.4.conv2|layer2.5.conv1|layer2.5.conv2|layer2.6.conv1|layer2.6.conv2|layer2.7.conv1|layer2.7.conv2|layer2.8.conv1|layer2.8.conv2|layer3.0.conv1|layer3.0.conv2|layer3.1.conv1|layer3.1.conv2|layer3.2.conv1|layer3.2.conv2|layer3.3.conv1|layer3.3.conv2|layer3.4.conv1|layer3.4.conv2|layer3.5.conv1|layer3.5.conv2|layer3.6.conv1|layer3.6.conv2|layer3.7.conv1|layer3.7.conv2|layer3.8.conv1|layer3.8.conv2|fc,46,True,53.9415,726686,1.1776,0.1807,2.7917,62.9141,2.8563,0.0024,25.6288,3756.06,93.74,93.7807,93.74,93.7521
TT rank 0049 [compressed],TT,conv1|layer1.0.conv1|layer1.0.conv2|layer1.1.conv1|layer1.1.conv2|layer1.2.conv1|layer1.2.conv2|layer1.3.conv1|layer1.3.conv2|layer1.4.conv1|layer1.4.conv2|layer1.5.conv1|layer1.5.conv2|layer1.6.conv1|layer1.6.conv2|layer1.7.conv1|layer1.7.conv2|layer1.8.conv1|layer1.8.conv2|layer2.0.conv1|layer2.0.conv2|layer2.1.conv1|layer2.1.conv2|layer2.2.conv1|layer2.2.conv2|layer2.3.conv1|layer2.3.conv2|layer2.4.conv1|layer2.4.conv2|layer2.5.conv1|layer2.5.conv2|layer2.6.conv1|layer2.6.conv2|layer2.7.conv1|layer2.7.conv2|layer2.8.conv1|layer2.8.conv2|layer3.0.conv1|layer3.0.conv2|layer3.1.conv1|layer3.1.conv2|layer3.2.conv1|layer3.2.conv2|layer3.3.conv1|layer3.3.conv2|layer3.4.conv1|layer3.4.conv2|layer3.5.conv1|layer3.5.conv2|layer3.6.conv1|layer3.6.conv2|layer3.7.conv1|layer3.7.conv2|layer3.8.conv1|layer3.8.conv2|fc,49,False,0.0,760382,1.1254,0.1836,2.9177,60.1982,2.8085,0.0024,25.4403,3818.0,91.56,91.9485,91.56,91.6033
TT rank 0049 [fine_tuned],TT,conv1|layer1.0.conv1|layer1.0.conv2|layer1.1.conv1|layer1.1.conv2|layer1.2.conv1|layer1.2.conv2|layer1.3.conv1|layer1.3.conv2|layer1.4.conv1|layer1.4.conv2|layer1.5.conv1|layer1.5.conv2|layer1.6.conv1|layer1.6.conv2|layer1.7.conv1|layer1.7.conv2|layer1.8.conv1|layer1.8.conv2|layer2.0.conv1|layer2.0.conv2|layer2.1.conv1|layer2.1.conv2|layer2.2.conv1|layer2.2.conv2|layer2.3.conv1|layer2.3.conv2|layer2.4.conv1|layer2.4.conv2|layer2.5.conv1|layer2.5.conv2|layer2.6.conv1|layer2.6.conv2|layer2.7.conv1|layer2.7.conv2|layer2.8.conv1|layer2.8.conv2|layer3.0.conv1|layer3.0.conv2|layer3.1.conv1|layer3.1.conv2|layer3.2.conv1|layer3.2.conv2|layer3.3.conv1|layer3.3.conv2|layer3.4.conv1|layer3.4.conv2|layer3.5.conv1|layer3.5.conv2|layer3.6.conv1|layer3.6.conv2|layer3.7.conv1|layer3.7.conv2|layer3.8.conv1|layer3.8.conv2|fc,49,True,53.9912,760382,1.1254,0.1836,2.9203,63.1885,2.7022,0.0024,26.0779,3973.14,93.82,93.8083,93.82,93.8084
TT rank 0054 [compressed],TT,conv1|layer1.0.conv1|layer1.0.conv2|layer1.1.conv1|layer1.1.conv2|layer1.2.conv1|layer1.2.conv2|layer1.3.conv1|layer1.3.conv2|layer1.4.conv1|layer1.4.conv2|layer1.5.conv1|layer1.5.conv2|layer1.6.conv1|layer1.6.conv2|layer1.7.conv1|layer1.7.conv2|layer1.8.conv1|layer1.8.conv2|layer2.0.conv1|layer2.0.conv2|layer2.1.conv1|layer2.1.conv2|layer2.2.conv1|layer2.2.conv2|layer2.3.conv1|layer2.3.conv2|layer2.4.conv1|layer2.4.conv2|layer2.5.conv1|layer2.5.conv2|layer2.6.conv1|layer2.6.conv2|layer2.7.conv1|layer2.7.conv2|layer2.8.conv1|layer2.8.conv2|layer3.0.conv1|layer3.0.conv2|layer3.1.conv1|layer3.1.conv2|layer3.2.conv1|layer3.2.conv2|layer3.3.conv1|layer3.3.conv2|layer3.4.conv1|layer3.4.conv2|layer3.5.conv1|layer3.5.conv2|layer3.6.conv1|layer3.6.conv2|layer3.7.conv1|layer3.7.conv2|layer3.8.conv1|layer3.8.conv2|fc,54,False,0.0,815838,1.0489,0.1878,3.1293,60.4009,2.7822,0.0024,25.6698,3860.79,91.92,92.195,91.92,91.9394
TT rank 0054 [fine_tuned],TT,conv1|layer1.0.conv1|layer1.0.conv2|layer1.1.conv1|layer1.1.conv2|layer1.2.conv1|layer1.2.conv2|layer1.3.conv1|layer1.3.conv2|layer1.4.conv1|layer1.4.conv2|layer1.5.conv1|layer1.5.conv2|layer1.6.conv1|layer1.6.conv2|layer1.7.conv1|layer1.7.conv2|layer1.8.conv1|layer1.8.conv2|layer2.0.conv1|layer2.0.conv2|layer2.1.conv1|layer2.1.conv2|layer2.2.conv1|layer2.2.conv2|layer2.3.conv1|layer2.3.conv2|layer2.4.conv1|layer2.4.conv2|layer2.5.conv1|layer2.5.conv2|layer2.6.conv1|layer2.6.conv2|layer2.7.conv1|layer2.7.conv2|layer2.8.conv1|layer2.8.conv2|layer3.0.conv1|layer3.0.conv2|layer3.1.conv1|layer3.1.conv2|layer3.2.conv1|layer3.2.conv2|layer3.3.conv1|layer3.3.conv2|layer3.4.conv1|layer3.4.conv2|layer3.5.conv1|layer3.5.conv2|layer3.6.conv1|layer3.6.conv2|layer3.7.conv1|layer3.7.conv2|layer3.8.conv1|layer3.8.conv2|fc,54,True,41.0015,815838,1.0489,0.1878,3.1318,63.5938,2.6687,0.0024,25.8417,4043.28,93.95,93.9544,93.95,93.9482
TT rank 0057 [compressed],TT,conv1|layer1.0.conv1|layer1.0.conv2|layer1.1.conv1|layer1.1.conv2|layer1.2.conv1|layer1.2.conv2|layer1.3.conv1|layer1.3.conv2|layer1.4.conv1|layer1.4.conv2|layer1.5.conv1|layer1.5.conv2|layer1.6.conv1|layer1.6.conv2|layer1.7.conv1|layer1.7.conv2|layer1.8.conv1|layer1.8.conv2|layer2.0.conv1|layer2.0.conv2|layer2.1.conv1|layer2.1.conv2|layer2.2.conv1|layer2.2.conv2|layer2.3.conv1|layer2.3.conv2|layer2.4.conv1|layer2.4.conv2|layer2.5.conv1|layer2.5.conv2|layer2.6.conv1|layer2.6.conv2|layer2.7.conv1|layer2.7.conv2|layer2.8.conv1|layer2.8.conv2|layer3.0.conv1|layer3.0.conv2|layer3.1.conv1|layer3.1.conv2|layer3.2.conv1|layer3.2.conv2|layer3.3.conv1|layer3.3.conv2|layer3.4.conv1|layer3.4.conv2|layer3.5.conv1|layer3.5.conv2|layer3.6.conv1|layer3.6.conv2|layer3.7.conv1|layer3.7.conv2|layer3.8.conv1|layer3.8.conv2|fc,57,False,0.0,848478,1.0086,0.1794,3.2538,60.5337,2.7147,0.0024,25.9805,3955.78,92.11,92.3559,92.11,92.1057
TT rank 0057 [fine_tuned],TT,conv1|layer1.0.conv1|layer1.0.conv2|layer1.1.conv1|layer1.1.conv2|layer1.2.conv1|layer1.2.conv2|layer1.3.conv1|layer1.3.conv2|layer1.4.conv1|layer1.4.conv2|layer1.5.conv1|layer1.5.conv2|layer1.6.conv1|layer1.6.conv2|layer1.7.conv1|layer1.7.conv2|layer1.8.conv1|layer1.8.conv2|layer2.0.conv1|layer2.0.conv2|layer2.1.conv1|layer2.1.conv2|layer2.2.conv1|layer2.2.conv2|layer2.3.conv1|layer2.3.conv2|layer2.4.conv1|layer2.4.conv2|layer2.5.conv1|layer2.5.conv2|layer2.6.conv1|layer2.6.conv2|layer2.7.conv1|layer2.7.conv2|layer2.8.conv1|layer2.8.conv2|layer3.0.conv1|layer3.0.conv2|layer3.1.conv1|layer3.1.conv2|layer3.2.conv1|layer3.2.conv2|layer3.3.conv1|layer3.3.conv2|layer3.4.conv1|layer3.4.conv2|layer3.5.conv1|layer3.5.conv2|layer3.6.conv1|layer3.6.conv2|layer3.7.conv1|layer3.7.conv2|layer3.8.conv1|layer3.8.conv2|fc,57,True,41.1734,848478,1.0086,0.1794,3.2563,63.8594,2.7403,0.0024,25.4997,3921.03,93.95,93.9872,93.95,93.9559
CP rank 0002 [compressed],CP,conv1|layer1.0.conv1|layer1.0.conv2|layer1.1.conv1|layer1.1.conv2|layer1.2.conv1|layer1.2.conv2|layer1.3.conv1|layer1.3.conv2|layer1.4.conv1|layer1.4.conv2|layer1.5.conv1|layer1.5.conv2|layer1.6.conv1|layer1.6.conv2|layer1.7.conv1|layer1.7.conv2|layer1.8.conv1|layer1.8.conv2|layer2.0.conv1|layer2.0.conv2|layer2.1.conv1|layer2.1.conv2|layer2.2.conv1|layer2.2.conv2|layer2.3.conv1|layer2.3.conv2|layer2.4.conv1|layer2.4.conv2|layer2.5.conv1|layer2.5.conv2|layer2.6.conv1|layer2.6.conv2|layer2.7.conv1|layer2.7.conv2|layer2.8.conv1|layer2.8.conv2|layer3.0.conv1|layer3.0.conv2|layer3.1.conv1|layer3.1.conv2|layer3.2.conv1|layer3.2.conv2|layer3.3.conv1|layer3.3.conv2|layer3.4.conv1|layer3.4.conv2|layer3.5.conv1|layer3.5.conv2|layer3.6.conv1|layer3.6.conv2|layer3.7.conv1|layer3.7.conv2|layer3.8.conv1|layer3.8.conv2|fc,2,False,0.0,15640,54.7168,12.9243,0.0768,43.9722,1.8797,0.0049,13.688,7046.97,10.0,1.0,10.0,1.8182
CP rank 0002 [fine_tuned],CP,conv1|layer1.0.conv1|layer1.0.conv2|layer1.1.conv1|layer1.1.conv2|layer1.2.conv1|layer1.2.conv2|layer1.3.conv1|layer1.3.conv2|layer1.4.conv1|layer1.4.conv2|layer1.5.conv1|layer1.5.conv2|layer1.6.conv1|layer1.6.conv2|layer1.7.conv1|layer1.7.conv2|layer1.8.conv1|layer1.8.conv2|layer2.0.conv1|layer2.0.conv2|layer2.1.conv1|layer2.1.conv2|layer2.2.conv1|layer2.2.conv2|layer2.3.conv1|layer2.3.conv2|layer2.4.conv1|layer2.4.conv2|layer2.5.conv1|layer2.5.conv2|layer2.6.conv1|layer2.6.conv2|layer2.7.conv1|layer2.7.conv2|layer2.8.conv1|layer2.8.conv2|layer3.0.conv1|layer3.0.conv2|layer3.1.conv1|layer3.1.conv2|layer3.2.conv1|layer3.2.conv2|layer3.3.conv1|layer3.3.conv2|layer3.4.conv1|layer3.4.conv2|layer3.5.conv1|layer3.5.conv2|layer3.6.conv1|layer3.6.conv2|layer3.7.conv1|layer3.7.conv2|layer3.8.conv1|layer3.8.conv2|fc,2,True,32.5453,15640,54.7168,12.9243,0.0776,52.2715,2.347,0.0049,13.5435,4597.14,34.72,34.8517,34.72,30.9605
CP rank 0005 [compressed],CP,conv1|layer1.0.conv1|layer1.0.conv2|layer1.1.conv1|layer1.1.conv2|layer1.2.conv1|layer1.2.conv2|layer1.3.conv1|layer1.3.conv2|layer1.4.conv1|layer1.4.conv2|layer1.5.conv1|layer1.5.conv2|layer1.6.conv1|layer1.6.conv2|layer1.7.conv1|layer1.7.conv2|layer1.8.conv1|layer1.8.conv2|layer2.0.conv1|layer2.0.conv2|layer2.1.conv1|layer2.1.conv2|layer2.2.conv1|layer2.2.conv2|layer2.3.conv1|layer2.3.conv2|layer2.4.conv1|layer2.4.conv2|layer2.5.conv1|layer2.5.conv2|layer2.6.conv1|layer2.6.conv2|layer2.7.conv1|layer2.7.conv2|layer2.8.conv1|layer2.8.conv2|layer3.0.conv1|layer3.0.conv2|layer3.1.conv1|layer3.1.conv2|layer3.2.conv1|layer3.2.conv2|layer3.3.conv1|layer3.3.conv2|layer3.4.conv1|layer3.4.conv2|layer3.5.conv1|layer3.5.conv2|layer3.6.conv1|layer3.6.conv2|layer3.7.conv1|layer3.7.conv2|layer3.8.conv1|layer3.8.conv2|fc,5,False,0.0,28861,29.6514,19.0203,0.1272,53.6499,2.0219,0.0085,13.9367,6446.36,10.0,1.0,10.0,1.8182
CP rank 0005 [fine_tuned],CP,conv1|layer1.0.conv1|layer1.0.conv2|layer1.1.conv1|layer1.1.conv2|layer1.2.conv1|layer1.2.conv2|layer1.3.conv1|layer1.3.conv2|layer1.4.conv1|layer1.4.conv2|layer1.5.conv1|layer1.5.conv2|layer1.6.conv1|layer1.6.conv2|layer1.7.conv1|layer1.7.conv2|layer1.8.conv1|layer1.8.conv2|layer2.0.conv1|layer2.0.conv2|layer2.1.conv1|layer2.1.conv2|layer2.2.conv1|layer2.2.conv2|layer2.3.conv1|layer2.3.conv2|layer2.4.conv1|layer2.4.conv2|layer2.5.conv1|layer2.5.conv2|layer2.6.conv1|layer2.6.conv2|layer2.7.conv1|layer2.7.conv2|layer2.8.conv1|layer2.8.conv2|layer3.0.conv1|layer3.0.conv2|layer3.1.conv1|layer3.1.conv2|layer3.2.conv1|layer3.2.conv2|layer3.3.conv1|layer3.3.conv2|layer3.4.conv1|layer3.4.conv2|layer3.5.conv1|layer3.5.conv2|layer3.6.conv1|layer3.6.conv2|layer3.7.conv1|layer3.7.conv2|layer3.8.conv1|layer3.8.conv2|fc,5,True,34.5446,28861,29.6514,19.0203,0.128,53.877,2.0086,0.0085,14.5794,6788.14,51.02,53.5898,51.02,49.8675
CP rank 0007 [compressed],CP,conv1|layer1.0.conv1|layer1.0.conv2|layer1.1.conv1|layer1.1.conv2|layer1.2.conv1|layer1.2.conv2|layer1.3.conv1|layer1.3.conv2|layer1.4.conv1|layer1.4.conv2|layer1.5.conv1|layer1.5.conv2|layer1.6.conv1|layer1.6.conv2|layer1.7.conv1|layer1.7.conv2|layer1.8.conv1|layer1.8.conv2|layer2.0.conv1|layer2.0.conv2|layer2.1.conv1|layer2.1.conv2|layer2.2.conv1|layer2.2.conv2|layer2.3.conv1|layer2.3.conv2|layer2.4.conv1|layer2.4.conv2|layer2.5.conv1|layer2.5.conv2|layer2.6.conv1|layer2.6.conv2|layer2.7.conv1|layer2.7.conv2|layer2.8.conv1|layer2.8.conv2|layer3.0.conv1|layer3.0.conv2|layer3.1.conv1|layer3.1.conv2|layer3.2.conv1|layer3.2.conv2|layer3.3.conv1|layer3.3.conv2|layer3.4.conv1|layer3.4.conv2|layer3.5.conv1|layer3.5.conv2|layer3.6.conv1|layer3.6.conv2|layer3.7.conv1|layer3.7.conv2|layer3.8.conv1|layer3.8.conv2|fc,7,False,0.0,37675,22.7145,22.52,0.1608,55.1738,1.9995,0.011,14.0606,6407.78,11.51,2.3092,11.51,3.7546
CP rank 0007 [fine_tuned],CP,conv1|layer1.0.conv1|layer1.0.conv2|layer1.1.conv1|layer1.1.conv2|layer1.2.conv1|layer1.2.conv2|layer1.3.conv1|layer1.3.conv2|layer1.4.conv1|layer1.4.conv2|layer1.5.conv1|layer1.5.conv2|layer1.6.conv1|layer1.6.conv2|layer1.7.conv1|layer1.7.conv2|layer1.8.conv1|layer1.8.conv2|layer2.0.conv1|layer2.0.conv2|layer2.1.conv1|layer2.1.conv2|layer2.2.conv1|layer2.2.conv2|layer2.3.conv1|layer2.3.conv2|layer2.4.conv1|layer2.4.conv2|layer2.5.conv1|layer2.5.conv2|layer2.6.conv1|layer2.6.conv2|layer2.7.conv1|layer2.7.conv2|layer2.8.conv1|layer2.8.conv2|layer3.0.conv1|layer3.0.conv2|layer3.1.conv1|layer3.1.conv2|layer3.2.conv1|layer3.2.conv2|layer3.3.conv1|layer3.3.conv2|layer3.4.conv1|layer3.4.conv2|layer3.5.conv1|layer3.5.conv2|layer3.6.conv1|layer3.6.conv2|layer3.7.conv1|layer3.7.conv2|layer3.8.conv1|layer3.8.conv2|fc,7,True,36.8999,37675,22.7145,22.52,0.1617,55.4185,2.5658,0.011,14.2124,4199.19,52.97,59.4238,52.97,52.4695
CP rank 0010 [compressed],CP,conv1|layer1.0.conv1|layer1.0.conv2|layer1.1.conv1|layer1.1.conv2|layer1.2.conv1|layer1.2.conv2|layer1.3.conv1|layer1.3.conv2|layer1.4.conv1|layer1.4.conv2|layer1.5.conv1|layer1.5.conv2|layer1.6.conv1|layer1.6.conv2|layer1.7.conv1|layer1.7.conv2|layer1.8.conv1|layer1.8.conv2|layer2.0.conv1|layer2.0.conv2|layer2.1.conv1|layer2.1.conv2|layer2.2.conv1|layer2.2.conv2|layer2.3.conv1|layer2.3.conv2|layer2.4.conv1|layer2.4.conv2|layer2.5.conv1|layer2.5.conv2|layer2.6.conv1|layer2.6.conv2|layer2.7.conv1|layer2.7.conv2|layer2.8.conv1|layer2.8.conv2|layer3.0.conv1|layer3.0.conv2|layer3.1.conv1|layer3.1.conv2|layer3.2.conv1|layer3.2.conv2|layer3.3.conv1|layer3.3.conv2|layer3.4.conv1|layer3.4.conv2|layer3.5.conv1|layer3.5.conv2|layer3.6.conv1|layer3.6.conv2|layer3.7.conv1|layer3.7.conv2|layer3.8.conv1|layer3.8.conv2|fc,10,False,0.0,50896,16.8141,23.6319,0.2113,56.2275,2.0371,0.0146,14.3972,6663.21,10.49,1.8175,10.49,2.7652
CP rank 0010 [fine_tuned],CP,conv1|layer1.0.conv1|layer1.0.conv2|layer1.1.conv1|layer1.1.conv2|layer1.2.conv1|layer1.2.conv2|layer1.3.conv1|layer1.3.conv2|layer1.4.conv1|layer1.4.conv2|layer1.5.conv1|layer1.5.conv2|layer1.6.conv1|layer1.6.conv2|layer1.7.conv1|layer1.7.conv2|layer1.8.conv1|layer1.8.conv2|layer2.0.conv1|layer2.0.conv2|layer2.1.conv1|layer2.1.conv2|layer2.2.conv1|layer2.2.conv2|layer2.3.conv1|layer2.3.conv2|layer2.4.conv1|layer2.4.conv2|layer2.5.conv1|layer2.5.conv2|layer2.6.conv1|layer2.6.conv2|layer2.7.conv1|layer2.7.conv2|layer2.8.conv1|layer2.8.conv2|layer3.0.conv1|layer3.0.conv2|layer3.1.conv1|layer3.1.conv2|layer3.2.conv1|layer3.2.conv2|layer3.3.conv1|layer3.3.conv2|layer3.4.conv1|layer3.4.conv2|layer3.5.conv1|layer3.5.conv2|layer3.6.conv1|layer3.6.conv2|layer3.7.conv1|layer3.7.conv2|layer3.8.conv1|layer3.8.conv2|fc,10,True,36.349,50896,16.8141,23.6319,0.2121,56.5259,1.9543,0.0146,13.8454,6933.1,63.36,68.246,63.36,63.1325
CP rank 0012 [compressed],CP,conv1|layer1.0.conv1|layer1.0.conv2|layer1.1.conv1|layer1.1.conv2|layer1.2.conv1|layer1.2.conv2|layer1.3.conv1|layer1.3.conv2|layer1.4.conv1|layer1.4.conv2|layer1.5.conv1|layer1.5.conv2|layer1.6.conv1|layer1.6.conv2|layer1.7.conv1|layer1.7.conv2|layer1.8.conv1|layer1.8.conv2|layer2.0.conv1|layer2.0.conv2|layer2.1.conv1|layer2.1.conv2|layer2.2.conv1|layer2.2.conv2|layer2.3.conv1|layer2.3.conv2|layer2.4.conv1|layer2.4.conv2|layer2.5.conv1|layer2.5.conv2|layer2.6.conv1|layer2.6.conv2|layer2.7.conv1|layer2.7.conv2|layer2.8.conv1|layer2.8.conv2|layer3.0.conv1|layer3.0.conv2|layer3.1.conv1|layer3.1.conv2|layer3.2.conv1|layer3.2.conv2|layer3.3.conv1|layer3.3.conv2|layer3.4.conv1|layer3.4.conv2|layer3.5.conv1|layer3.5.conv2|layer3.6.conv1|layer3.6.conv2|layer3.7.conv1|layer3.7.conv2|layer3.8.conv1|layer3.8.conv2|fc,12,False,0.0,59562,14.3677,21.9637,0.2443,57.2446,2.0959,0.017,13.5928,5726.56,10.6,15.0648,10.6,3.6423
CP rank 0012 [fine_tuned],CP,conv1|layer1.0.conv1|layer1.0.conv2|layer1.1.conv1|layer1.1.conv2|layer1.2.conv1|layer1.2.conv2|layer1.3.conv1|layer1.3.conv2|layer1.4.conv1|layer1.4.conv2|layer1.5.conv1|layer1.5.conv2|layer1.6.conv1|layer1.6.conv2|layer1.7.conv1|layer1.7.conv2|layer1.8.conv1|layer1.8.conv2|layer2.0.conv1|layer2.0.conv2|layer2.1.conv1|layer2.1.conv2|layer2.2.conv1|layer2.2.conv2|layer2.3.conv1|layer2.3.conv2|layer2.4.conv1|layer2.4.conv2|layer2.5.conv1|layer2.5.conv2|layer2.6.conv1|layer2.6.conv2|layer2.7.conv1|layer2.7.conv2|layer2.8.conv1|layer2.8.conv2|layer3.0.conv1|layer3.0.conv2|layer3.1.conv1|layer3.1.conv2|layer3.2.conv1|layer3.2.conv2|layer3.3.conv1|layer3.3.conv2|layer3.4.conv1|layer3.4.conv2|layer3.5.conv1|layer3.5.conv2|layer3.6.conv1|layer3.6.conv2|layer3.7.conv1|layer3.7.conv2|layer3.8.conv1|layer3.8.conv2|fc,12,True,37.0388,59562,14.3677,21.9637,0.2452,57.5601,2.1469,0.017,14.6807,5698.51,65.41,69.994,65.41,65.4105
CP rank 0015 [compressed],CP,conv1|layer1.0.conv1|layer1.0.conv2|layer1.1.conv1|layer1.1.conv2|layer1.2.conv1|layer1.2.conv2|layer1.3.conv1|layer1.3.conv2|layer1.4.conv1|layer1.4.conv2|layer1.5.conv1|layer1.5.conv2|layer1.6.conv1|layer1.6.conv2|layer1.7.conv1|layer1.7.conv2|layer1.8.conv1|layer1.8.conv2|layer2.0.conv1|layer2.0.conv2|layer2.1.conv1|layer2.1.conv2|layer2.2.conv1|layer2.2.conv2|layer2.3.conv1|layer2.3.conv2|layer2.4.conv1|layer2.4.conv2|layer2.5.conv1|layer2.5.conv2|layer2.6.conv1|layer2.6.conv2|layer2.7.conv1|layer2.7.conv2|layer2.8.conv1|layer2.8.conv2|layer3.0.conv1|layer3.0.conv2|layer3.1.conv1|layer3.1.conv2|layer3.2.conv1|layer3.2.conv2|layer3.3.conv1|layer3.3.conv2|layer3.4.conv1|layer3.4.conv2|layer3.5.conv1|layer3.5.conv2|layer3.6.conv1|layer3.6.conv2|layer3.7.conv1|layer3.7.conv2|layer3.8.conv1|layer3.8.conv2|fc,15,False,0.0,72561,11.7938,22.5278,0.2939,58.7964,2.3951,0.0207,13.5155,4492.3,11.92,16.5148,11.92,5.4959
CP rank 0015 [fine_tuned],CP,conv1|layer1.0.conv1|layer1.0.conv2|layer1.1.conv1|layer1.1.conv2|layer1.2.conv1|layer1.2.conv2|layer1.3.conv1|layer1.3.conv2|layer1.4.conv1|layer1.4.conv2|layer1.5.conv1|layer1.5.conv2|layer1.6.conv1|layer1.6.conv2|layer1.7.conv1|layer1.7.conv2|layer1.8.conv1|layer1.8.conv2|layer2.0.conv1|layer2.0.conv2|layer2.1.conv1|layer2.1.conv2|layer2.2.conv1|layer2.2.conv2|layer2.3.conv1|layer2.3.conv2|layer2.4.conv1|layer2.4.conv2|layer2.5.conv1|layer2.5.conv2|layer2.6.conv1|layer2.6.conv2|layer2.7.conv1|layer2.7.conv2|layer2.8.conv1|layer2.8.conv2|layer3.0.conv1|layer3.0.conv2|layer3.1.conv1|layer3.1.conv2|layer3.2.conv1|layer3.2.conv2|layer3.3.conv1|layer3.3.conv2|layer3.4.conv1|layer3.4.conv2|layer3.5.conv1|layer3.5.conv2|layer3.6.conv1|layer3.6.conv2|layer3.7.conv1|layer3.7.conv2|layer3.8.conv1|layer3.8.conv2|fc,15,True,39.6498,72561,11.7938,22.5278,0.2948,59.1636,2.0527,0.0207,13.9756,5472.82,65.97,69.8618,65.97,65.2951
CP rank 0017 [compressed],CP,conv1|layer1.0.conv1|layer1.0.conv2|layer1.1.conv1|layer1.1.conv2|layer1.2.conv1|layer1.2.conv2|layer1.3.conv1|layer1.3.conv2|layer1.4.conv1|layer1.4.conv2|layer1.5.conv1|layer1.5.conv2|layer1.6.conv1|layer1.6.conv2|layer1.7.conv1|layer1.7.conv2|layer1.8.conv1|layer1.8.conv2|layer2.0.conv1|layer2.0.conv2|layer2.1.conv1|layer2.1.conv2|layer2.2.conv1|layer2.2.conv2|layer2.3.conv1|layer2.3.conv2|layer2.4.conv1|layer2.4.conv2|layer2.5.conv1|layer2.5.conv2|layer2.6.conv1|layer2.6.conv2|layer2.7.conv1|layer2.7.conv2|layer2.8.conv1|layer2.8.conv2|layer3.0.conv1|layer3.0.conv2|layer3.1.conv1|layer3.1.conv2|layer3.2.conv1|layer3.2.conv2|layer3.3.conv1|layer3.3.conv2|layer3.4.conv1|layer3.4.conv2|layer3.5.conv1|layer3.5.conv2|layer3.6.conv1|layer3.6.conv2|layer3.7.conv1|layer3.7.conv2|layer3.8.conv1|layer3.8.conv2|fc,17,False,0.0,81227,10.5355,22.2294,0.327,60.8496,2.3103,0.0231,13.6747,4685.2,20.24,15.6842,20.24,12.2468
CP rank 0017 [fine_tuned],CP,conv1|layer1.0.conv1|layer1.0.conv2|layer1.1.conv1|layer1.1.conv2|layer1.2.conv1|layer1.2.conv2|layer1.3.conv1|layer1.3.conv2|layer1.4.conv1|layer1.4.conv2|layer1.5.conv1|layer1.5.conv2|layer1.6.conv1|layer1.6.conv2|layer1.7.conv1|layer1.7.conv2|layer1.8.conv1|layer1.8.conv2|layer2.0.conv1|layer2.0.conv2|layer2.1.conv1|layer2.1.conv2|layer2.2.conv1|layer2.2.conv2|layer2.3.conv1|layer2.3.conv2|layer2.4.conv1|layer2.4.conv2|layer2.5.conv1|layer2.5.conv2|layer2.6.conv1|layer2.6.conv2|layer2.7.conv1|layer2.7.conv2|layer2.8.conv1|layer2.8.conv2|layer3.0.conv1|layer3.0.conv2|layer3.1.conv1|layer3.1.conv2|layer3.2.conv1|layer3.2.conv2|layer3.3.conv1|layer3.3.conv2|layer3.4.conv1|layer3.4.conv2|layer3.5.conv1|layer3.5.conv2|layer3.6.conv1|layer3.6.conv2|layer3.7.conv1|layer3.7.conv2|layer3.8.conv1|layer3.8.conv2|fc,17,True,43.0264,81227,10.5355,22.2294,0.3278,61.27,2.1557,0.0231,13.716,5065.98,67.25,74.0339,67.25,67.3528
CP rank 0020 [compressed],CP,conv1|layer1.0.conv1|layer1.0.conv2|layer1.1.conv1|layer1.1.conv2|layer1.2.conv1|layer1.2.conv2|layer1.3.conv1|layer1.3.conv2|layer1.4.conv1|layer1.4.conv2|layer1.5.conv1|layer1.5.conv2|layer1.6.conv1|layer1.6.conv2|layer1.7.conv1|layer1.7.conv2|layer1.8.conv1|layer1.8.conv2|layer2.0.conv1|layer2.0.conv2|layer2.1.conv1|layer2.1.conv2|layer2.2.conv1|layer2.2.conv2|layer2.3.conv1|layer2.3.conv2|layer2.4.conv1|layer2.4.conv2|layer2.5.conv1|layer2.5.conv2|layer2.6.conv1|layer2.6.conv2|layer2.7.conv1|layer2.7.conv2|layer2.8.conv1|layer2.8.conv2|layer3.0.conv1|layer3.0.conv2|layer3.1.conv1|layer3.1.conv2|layer3.2.conv1|layer3.2.conv2|layer3.3.conv1|layer3.3.conv2|layer3.4.conv1|layer3.4.conv2|layer3.5.conv1|layer3.5.conv2|layer3.6.conv1|layer3.6.conv2|layer3.7.conv1|layer3.7.conv2|layer3.8.conv1|layer3.8.conv2|fc,20,False,0.0,94151,9.0893,23.1697,0.3763,63.8608,2.4654,0.0267,15.5919,4410.44,13.59,22.5795,13.59,7.8385
CP rank 0020 [fine_tuned],CP,conv1|layer1.0.conv1|layer1.0.conv2|layer1.1.conv1|layer1.1.conv2|layer1.2.conv1|layer1.2.conv2|layer1.3.conv1|layer1.3.conv2|layer1.4.conv1|layer1.4.conv2|layer1.5.conv1|layer1.5.conv2|layer1.6.conv1|layer1.6.conv2|layer1.7.conv1|layer1.7.conv2|layer1.8.conv1|layer1.8.conv2|layer2.0.conv1|layer2.0.conv2|layer2.1.conv1|layer2.1.conv2|layer2.2.conv1|layer2.2.conv2|layer2.3.conv1|layer2.3.conv2|layer2.4.conv1|layer2.4.conv2|layer2.5.conv1|layer2.5.conv2|layer2.6.conv1|layer2.6.conv2|layer2.7.conv1|layer2.7.conv2|layer2.8.conv1|layer2.8.conv2|layer3.0.conv1|layer3.0.conv2|layer3.1.conv1|layer3.1.conv2|layer3.2.conv1|layer3.2.conv2|layer3.3.conv1|layer3.3.conv2|layer3.4.conv1|layer3.4.conv2|layer3.5.conv1|layer3.5.conv2|layer3.6.conv1|layer3.6.conv2|layer3.7.conv1|layer3.7.conv2|layer3.8.conv1|layer3.8.conv2|fc,20,True,46.2684,94151,9.0893,23.1697,0.3771,64.2983,2.2538,0.0267,14.5347,4836.04,62.75,73.2247,62.75,63.4429
CP rank 0022 [compressed],CP,conv1|layer1.0.conv1|layer1.0.conv2|layer1.1.conv1|layer1.1.conv2|layer1.2.conv1|layer1.2.conv2|layer1.3.conv1|layer1.3.conv2|layer1.4.conv1|layer1.4.conv2|layer1.5.conv1|layer1.5.conv2|layer1.6.conv1|layer1.6.conv2|layer1.7.conv1|layer1.7.conv2|layer1.8.conv1|layer1.8.conv2|layer2.0.conv1|layer2.0.conv2|layer2.1.conv1|layer2.1.conv2|layer2.2.conv1|layer2.2.conv2|layer2.3.conv1|layer2.3.conv2|layer2.4.conv1|layer2.4.conv2|layer2.5.conv1|layer2.5.conv2|layer2.6.conv1|layer2.6.conv2|layer2.7.conv1|layer2.7.conv2|layer2.8.conv1|layer2.8.conv2|layer3.0.conv1|layer3.0.conv2|layer3.1.conv1|layer3.1.conv2|layer3.2.conv1|layer3.2.conv2|layer3.3.conv1|layer3.3.conv2|layer3.4.conv1|layer3.4.conv2|layer3.5.conv1|layer3.5.conv2|layer3.6.conv1|layer3.6.conv2|layer3.7.conv1|layer3.7.conv2|layer3.8.conv1|layer3.8.conv2|fc,22,False,0.0,102767,8.3273,24.2865,0.4091,67.3955,2.3227,0.0291,15.4068,4702.28,25.56,32.8093,25.56,18.5565
CP rank 0022 [fine_tuned],CP,conv1|layer1.0.conv1|layer1.0.conv2|layer1.1.conv1|layer1.1.conv2|layer1.2.conv1|layer1.2.conv2|layer1.3.conv1|layer1.3.conv2|layer1.4.conv1|layer1.4.conv2|layer1.5.conv1|layer1.5.conv2|layer1.6.conv1|layer1.6.conv2|layer1.7.conv1|layer1.7.conv2|layer1.8.conv1|layer1.8.conv2|layer2.0.conv1|layer2.0.conv2|layer2.1.conv1|layer2.1.conv2|layer2.2.conv1|layer2.2.conv2|layer2.3.conv1|layer2.3.conv2|layer2.4.conv1|layer2.4.conv2|layer2.5.conv1|layer2.5.conv2|layer2.6.conv1|layer2.6.conv2|layer2.7.conv1|layer2.7.conv2|layer2.8.conv1|layer2.8.conv2|layer3.0.conv1|layer3.0.conv2|layer3.1.conv1|layer3.1.conv2|layer3.2.conv1|layer3.2.conv2|layer3.3.conv1|layer3.3.conv2|layer3.4.conv1|layer3.4.conv2|layer3.5.conv1|layer3.5.conv2|layer3.6.conv1|layer3.6.conv2|layer3.7.conv1|layer3.7.conv2|layer3.8.conv1|layer3.8.conv2|fc,22,True,47.6768,102767,8.3273,24.2865,0.41,67.8677,2.3723,0.0291,14.8745,4595.02,76.61,78.1905,76.61,76.3188
CP rank 0025 [compressed],CP,conv1|layer1.0.conv1|layer1.0.conv2|layer1.1.conv1|layer1.1.conv2|layer1.2.conv1|layer1.2.conv2|layer1.3.conv1|layer1.3.conv2|layer1.4.conv1|layer1.4.conv2|layer1.5.conv1|layer1.5.conv2|layer1.6.conv1|layer1.6.conv2|layer1.7.conv1|layer1.7.conv2|layer1.8.conv1|layer1.8.conv2|layer2.0.conv1|layer2.0.conv2|layer2.1.conv1|layer2.1.conv2|layer2.2.conv1|layer2.2.conv2|layer2.3.conv1|layer2.3.conv2|layer2.4.conv1|layer2.4.conv2|layer2.5.conv1|layer2.5.conv2|layer2.6.conv1|layer2.6.conv2|layer2.7.conv1|layer2.7.conv2|layer2.8.conv1|layer2.8.conv2|layer3.0.conv1|layer3.0.conv2|layer3.1.conv1|layer3.1.conv2|layer3.2.conv1|layer3.2.conv2|layer3.3.conv1|layer3.3.conv2|layer3.4.conv1|layer3.4.conv2|layer3.5.conv1|layer3.5.conv2|layer3.6.conv1|layer3.6.conv2|layer3.7.conv1|layer3.7.conv2|layer3.8.conv1|layer3.8.conv2|fc,25,False,0.0,115691,7.397,24.051,0.4584,68.4653,2.4539,0.0326,14.4873,4424.51,30.08,51.5434,30.08,27.0755
CP rank 0025 [fine_tuned],CP,conv1|layer1.0.conv1|layer1.0.conv2|layer1.1.conv1|layer1.1.conv2|layer1.2.conv1|layer1.2.conv2|layer1.3.conv1|layer1.3.conv2|layer1.4.conv1|layer1.4.conv2|layer1.5.conv1|layer1.5.conv2|layer1.6.conv1|layer1.6.conv2|layer1.7.conv1|layer1.7.conv2|layer1.8.conv1|layer1.8.conv2|layer2.0.conv1|layer2.0.conv2|layer2.1.conv1|layer2.1.conv2|layer2.2.conv1|layer2.2.conv2|layer2.3.conv1|layer2.3.conv2|layer2.4.conv1|layer2.4.conv2|layer2.5.conv1|layer2.5.conv2|layer2.6.conv1|layer2.6.conv2|layer2.7.conv1|layer2.7.conv2|layer2.8.conv1|layer2.8.conv2|layer3.0.conv1|layer3.0.conv2|layer3.1.conv1|layer3.1.conv2|layer3.2.conv1|layer3.2.conv2|layer3.3.conv1|layer3.3.conv2|layer3.4.conv1|layer3.4.conv2|layer3.5.conv1|layer3.5.conv2|layer3.6.conv1|layer3.6.conv2|layer3.7.conv1|layer3.7.conv2|layer3.8.conv1|layer3.8.conv2|fc,25,True,51.0245,115691,7.397,24.051,0.4593,69.0073,2.5864,0.0326,13.7332,4159.52,60.02,70.7767,60.02,59.1483
CP rank 0027 [compressed],CP,conv1|layer1.0.conv1|layer1.0.conv2|layer1.1.conv1|layer1.1.conv2|layer1.2.conv1|layer1.2.conv2|layer1.3.conv1|layer1.3.conv2|layer1.4.conv1|layer1.4.conv2|layer1.5.conv1|layer1.5.conv2|layer1.6.conv1|layer1.6.conv2|layer1.7.conv1|layer1.7.conv2|layer1.8.conv1|layer1.8.conv2|layer2.0.conv1|layer2.0.conv2|layer2.1.conv1|layer2.1.conv2|layer2.2.conv1|layer2.2.conv2|layer2.3.conv1|layer2.3.conv2|layer2.4.conv1|layer2.4.conv2|layer2.5.conv1|layer2.5.conv2|layer2.6.conv1|layer2.6.conv2|layer2.7.conv1|layer2.7.conv2|layer2.8.conv1|layer2.8.conv2|layer3.0.conv1|layer3.0.conv2|layer3.1.conv1|layer3.1.conv2|layer3.2.conv1|layer3.2.conv2|layer3.3.conv1|layer3.3.conv2|layer3.4.conv1|layer3.4.conv2|layer3.5.conv1|layer3.5.conv2|layer3.6.conv1|layer3.6.conv2|layer3.7.conv1|layer3.7.conv2|layer3.8.conv1|layer3.8.conv2|fc,27,False,0.0,124307,6.8843,24.3954,0.4913,71.4824,2.5149,0.035,14.2508,4316.48,43.36,61.2476,43.36,39.1857
CP rank 0027 [fine_tuned],CP,conv1|layer1.0.conv1|layer1.0.conv2|layer1.1.conv1|layer1.1.conv2|layer1.2.conv1|layer1.2.conv2|layer1.3.conv1|layer1.3.conv2|layer1.4.conv1|layer1.4.conv2|layer1.5.conv1|layer1.5.conv2|layer1.6.conv1|layer1.6.conv2|layer1.7.conv1|layer1.7.conv2|layer1.8.conv1|layer1.8.conv2|layer2.0.conv1|layer2.0.conv2|layer2.1.conv1|layer2.1.conv2|layer2.2.conv1|layer2.2.conv2|layer2.3.conv1|layer2.3.conv2|layer2.4.conv1|layer2.4.conv2|layer2.5.conv1|layer2.5.conv2|layer2.6.conv1|layer2.6.conv2|layer2.7.conv1|layer2.7.conv2|layer2.8.conv1|layer2.8.conv2|layer3.0.conv1|layer3.0.conv2|layer3.1.conv1|layer3.1.conv2|layer3.2.conv1|layer3.2.conv2|layer3.3.conv1|layer3.3.conv2|layer3.4.conv1|layer3.4.conv2|layer3.5.conv1|layer3.5.conv2|layer3.6.conv1|layer3.6.conv2|layer3.7.conv1|layer3.7.conv2|layer3.8.conv1|layer3.8.conv2|fc,27,True,52.4579,124307,6.8843,24.3954,0.4921,72.0415,2.5728,0.035,14.0046,4181.23,75.95,79.4424,75.95,76.4423
CP rank 0030 [compressed],CP,conv1|layer1.0.conv1|layer1.0.conv2|layer1.1.conv1|layer1.1.conv2|layer1.2.conv1|layer1.2.conv2|layer1.3.conv1|layer1.3.conv2|layer1.4.conv1|layer1.4.conv2|layer1.5.conv1|layer1.5.conv2|layer1.6.conv1|layer1.6.conv2|layer1.7.conv1|layer1.7.conv2|layer1.8.conv1|layer1.8.conv2|layer2.0.conv1|layer2.0.conv2|layer2.1.conv1|layer2.1.conv2|layer2.2.conv1|layer2.2.conv2|layer2.3.conv1|layer2.3.conv2|layer2.4.conv1|layer2.4.conv2|layer2.5.conv1|layer2.5.conv2|layer2.6.conv1|layer2.6.conv2|layer2.7.conv1|layer2.7.conv2|layer2.8.conv1|layer2.8.conv2|layer3.0.conv1|layer3.0.conv2|layer3.1.conv1|layer3.1.conv2|layer3.2.conv1|layer3.2.conv2|layer3.3.conv1|layer3.3.conv2|layer3.4.conv1|layer3.4.conv2|layer3.5.conv1|layer3.5.conv2|layer3.6.conv1|layer3.6.conv2|layer3.7.conv1|layer3.7.conv2|layer3.8.conv1|layer3.8.conv2|fc,30,False,0.0,137231,6.236,24.1216,0.5406,75.5171,2.7214,0.0386,14.4287,3951.44,51.1,69.0854,51.1,52.0493
CP rank 0030 [fine_tuned],CP,conv1|layer1.0.conv1|layer1.0.conv2|layer1.1.conv1|layer1.1.conv2|layer1.2.conv1|layer1.2.conv2|layer1.3.conv1|layer1.3.conv2|layer1.4.conv1|layer1.4.conv2|layer1.5.conv1|layer1.5.conv2|layer1.6.conv1|layer1.6.conv2|layer1.7.conv1|layer1.7.conv2|layer1.8.conv1|layer1.8.conv2|layer2.0.conv1|layer2.0.conv2|layer2.1.conv1|layer2.1.conv2|layer2.2.conv1|layer2.2.conv2|layer2.3.conv1|layer2.3.conv2|layer2.4.conv1|layer2.4.conv2|layer2.5.conv1|layer2.5.conv2|layer2.6.conv1|layer2.6.conv2|layer2.7.conv1|layer2.7.conv2|layer2.8.conv1|layer2.8.conv2|layer3.0.conv1|layer3.0.conv2|layer3.1.conv1|layer3.1.conv2|layer3.2.conv1|layer3.2.conv2|layer3.3.conv1|layer3.3.conv2|layer3.4.conv1|layer3.4.conv2|layer3.5.conv1|layer3.5.conv2|layer3.6.conv1|layer3.6.conv2|layer3.7.conv1|layer3.7.conv2|layer3.8.conv1|layer3.8.conv2|fc,30,True,54.9532,137231,6.236,24.1216,0.5414,76.1108,2.6984,0.0386,13.735,3990.16,76.81,79.7066,76.81,76.7142
CP rank 0033 [compressed],CP,conv1|layer1.0.conv1|layer1.0.conv2|layer1.1.conv1|layer1.1.conv2|layer1.2.conv1|layer1.2.conv2|layer1.3.conv1|layer1.3.conv2|layer1.4.conv1|layer1.4.conv2|layer1.5.conv1|layer1.5.conv2|layer1.6.conv1|layer1.6.conv2|layer1.7.conv1|layer1.7.conv2|layer1.8.conv1|layer1.8.conv2|layer2.0.conv1|layer2.0.conv2|layer2.1.conv1|layer2.1.conv2|layer2.2.conv1|layer2.2.conv2|layer2.3.conv1|layer2.3.conv2|layer2.4.conv1|layer2.4.conv2|layer2.5.conv1|layer2.5.conv2|layer2.6.conv1|layer2.6.conv2|layer2.7.conv1|layer2.7.conv2|layer2.8.conv1|layer2.8.conv2|layer3.0.conv1|layer3.0.conv2|layer3.1.conv1|layer3.1.conv2|layer3.2.conv1|layer3.2.conv2|layer3.3.conv1|layer3.3.conv2|layer3.4.conv1|layer3.4.conv2|layer3.5.conv1|layer3.5.conv2|layer3.6.conv1|layer3.6.conv2|layer3.7.conv1|layer3.7.conv2|layer3.8.conv1|layer3.8.conv2|fc,33,False,0.0,150155,5.6992,25.1888,0.5899,76.5869,2.9882,0.0422,14.448,3572.4,53.47,72.8806,53.47,54.657
CP rank 0033 [fine_tuned],CP,conv1|layer1.0.conv1|layer1.0.conv2|layer1.1.conv1|layer1.1.conv2|layer1.2.conv1|layer1.2.conv2|layer1.3.conv1|layer1.3.conv2|layer1.4.conv1|layer1.4.conv2|layer1.5.conv1|layer1.5.conv2|layer1.6.conv1|layer1.6.conv2|layer1.7.conv1|layer1.7.conv2|layer1.8.conv1|layer1.8.conv2|layer2.0.conv1|layer2.0.conv2|layer2.1.conv1|layer2.1.conv2|layer2.2.conv1|layer2.2.conv2|layer2.3.conv1|layer2.3.conv2|layer2.4.conv1|layer2.4.conv2|layer2.5.conv1|layer2.5.conv2|layer2.6.conv1|layer2.6.conv2|layer2.7.conv1|layer2.7.conv2|layer2.8.conv1|layer2.8.conv2|layer3.0.conv1|layer3.0.conv2|layer3.1.conv1|layer3.1.conv2|layer3.2.conv1|layer3.2.conv2|layer3.3.conv1|layer3.3.conv2|layer3.4.conv1|layer3.4.conv2|layer3.5.conv1|layer3.5.conv2|layer3.6.conv1|layer3.6.conv2|layer3.7.conv1|layer3.7.conv2|layer3.8.conv1|layer3.8.conv2|fc,33,True,59.0524,150155,5.6992,25.1888,0.5907,77.2505,2.978,0.0422,13.6282,3585.75,82.01,82.7421,82.01,82.1272
CP rank 0038 [compressed],CP,conv1|layer1.0.conv1|layer1.0.conv2|layer1.1.conv1|layer1.1.conv2|layer1.2.conv1|layer1.2.conv2|layer1.3.conv1|layer1.3.conv2|layer1.4.conv1|layer1.4.conv2|layer1.5.conv1|layer1.5.conv2|layer1.6.conv1|layer1.6.conv2|layer1.7.conv1|layer1.7.conv2|layer1.8.conv1|layer1.8.conv2|layer2.0.conv1|layer2.0.conv2|layer2.1.conv1|layer2.1.conv2|layer2.2.conv1|layer2.2.conv2|layer2.3.conv1|layer2.3.conv2|layer2.4.conv1|layer2.4.conv2|layer2.5.conv1|layer2.5.conv2|layer2.6.conv1|layer2.6.conv2|layer2.7.conv1|layer2.7.conv2|layer2.8.conv1|layer2.8.conv2|layer3.0.conv1|layer3.0.conv2|layer3.1.conv1|layer3.1.conv2|layer3.2.conv1|layer3.2.conv2|layer3.3.conv1|layer3.3.conv2|layer3.4.conv1|layer3.4.conv2|layer3.5.conv1|layer3.5.conv2|layer3.6.conv1|layer3.6.conv2|layer3.7.conv1|layer3.7.conv2|layer3.8.conv1|layer3.8.conv2|fc,38,False,0.0,171695,4.9842,25.3346,0.6721,83.6387,3.1291,0.0481,14.1029,3403.22,69.73,77.704,69.73,70.7076
CP rank 0038 [fine_tuned],CP,conv1|layer1.0.conv1|layer1.0.conv2|layer1.1.conv1|layer1.1.conv2|layer1.2.conv1|layer1.2.conv2|layer1.3.conv1|layer1.3.conv2|layer1.4.conv1|layer1.4.conv2|layer1.5.conv1|layer1.5.conv2|layer1.6.conv1|layer1.6.conv2|layer1.7.conv1|layer1.7.conv2|layer1.8.conv1|layer1.8.conv2|layer2.0.conv1|layer2.0.conv2|layer2.1.conv1|layer2.1.conv2|layer2.2.conv1|layer2.2.conv2|layer2.3.conv1|layer2.3.conv2|layer2.4.conv1|layer2.4.conv2|layer2.5.conv1|layer2.5.conv2|layer2.6.conv1|layer2.6.conv2|layer2.7.conv1|layer2.7.conv2|layer2.8.conv1|layer2.8.conv2|layer3.0.conv1|layer3.0.conv2|layer3.1.conv1|layer3.1.conv2|layer3.2.conv1|layer3.2.conv2|layer3.3.conv1|layer3.3.conv2|layer3.4.conv1|layer3.4.conv2|layer3.5.conv1|layer3.5.conv2|layer3.6.conv1|layer3.6.conv2|layer3.7.conv1|layer3.7.conv2|layer3.8.conv1|layer3.8.conv2|fc,38,True,64.8885,171695,4.9842,25.3346,0.6729,84.354,3.1521,0.0481,14.7427,3388.11,80.94,82.5234,80.94,81.0587
CP rank 0041 [compressed],CP,conv1|layer1.0.conv1|layer1.0.conv2|layer1.1.conv1|layer1.1.conv2|layer1.2.conv1|layer1.2.conv2|layer1.3.conv1|layer1.3.conv2|layer1.4.conv1|layer1.4.conv2|layer1.5.conv1|layer1.5.conv2|layer1.6.conv1|layer1.6.conv2|layer1.7.conv1|layer1.7.conv2|layer1.8.conv1|layer1.8.conv2|layer2.0.conv1|layer2.0.conv2|layer2.1.conv1|layer2.1.conv2|layer2.2.conv1|layer2.2.conv2|layer2.3.conv1|layer2.3.conv2|layer2.4.conv1|layer2.4.conv2|layer2.5.conv1|layer2.5.conv2|layer2.6.conv1|layer2.6.conv2|layer2.7.conv1|layer2.7.conv2|layer2.8.conv1|layer2.8.conv2|layer3.0.conv1|layer3.0.conv2|layer3.1.conv1|layer3.1.conv2|layer3.2.conv1|layer3.2.conv2|layer3.3.conv1|layer3.3.conv2|layer3.4.conv1|layer3.4.conv2|layer3.5.conv1|layer3.5.conv2|layer3.6.conv1|layer3.6.conv2|layer3.7.conv1|layer3.7.conv2|layer3.8.conv1|layer3.8.conv2|fc,41,False,0.0,184619,4.6353,25.6654,0.7214,84.7085,3.2753,0.0517,13.9672,3230.61,74.63,78.7402,74.63,74.7482
CP rank 0041 [fine_tuned],CP,conv1|layer1.0.conv1|layer1.0.conv2|layer1.1.conv1|layer1.1.conv2|layer1.2.conv1|layer1.2.conv2|layer1.3.conv1|layer1.3.conv2|layer1.4.conv1|layer1.4.conv2|layer1.5.conv1|layer1.5.conv2|layer1.6.conv1|layer1.6.conv2|layer1.7.conv1|layer1.7.conv2|layer1.8.conv1|layer1.8.conv2|layer2.0.conv1|layer2.0.conv2|layer2.1.conv1|layer2.1.conv2|layer2.2.conv1|layer2.2.conv2|layer2.3.conv1|layer2.3.conv2|layer2.4.conv1|layer2.4.conv2|layer2.5.conv1|layer2.5.conv2|layer2.6.conv1|layer2.6.conv2|layer2.7.conv1|layer2.7.conv2|layer2.8.conv1|layer2.8.conv2|layer3.0.conv1|layer3.0.conv2|layer3.1.conv1|layer3.1.conv2|layer3.2.conv1|layer3.2.conv2|layer3.3.conv1|layer3.3.conv2|layer3.4.conv1|layer3.4.conv2|layer3.5.conv1|layer3.5.conv2|layer3.6.conv1|layer3.6.conv2|layer3.7.conv1|layer3.7.conv2|layer3.8.conv1|layer3.8.conv2|fc,41,True,68.2689,184619,4.6353,25.6654,0.7222,85.4937,3.322,0.0517,14.7235,3201.08,88.41,88.5531,88.41,88.3935
CP rank 0047 [compressed],CP,conv1|layer1.0.conv1|layer1.0.conv2|layer1.1.conv1|layer1.1.conv2|layer1.2.conv1|layer1.2.conv2|layer1.3.conv1|layer1.3.conv2|layer1.4.conv1|layer1.4.conv2|layer1.5.conv1|layer1.5.conv2|layer1.6.conv1|layer1.6.conv2|layer1.7.conv1|layer1.7.conv2|layer1.8.conv1|layer1.8.conv2|layer2.0.conv1|layer2.0.conv2|layer2.1.conv1|layer2.1.conv2|layer2.2.conv1|layer2.2.conv2|layer2.3.conv1|layer2.3.conv2|layer2.4.conv1|layer2.4.conv2|layer2.5.conv1|layer2.5.conv2|layer2.6.conv1|layer2.6.conv2|layer2.7.conv1|layer2.7.conv2|layer2.8.conv1|layer2.8.conv2|layer3.0.conv1|layer3.0.conv2|layer3.1.conv1|layer3.1.conv2|layer3.2.conv1|layer3.2.conv2|layer3.3.conv1|layer3.3.conv2|layer3.4.conv1|layer3.4.conv2|layer3.5.conv1|layer3.5.conv2|layer3.6.conv1|layer3.6.conv2|layer3.7.conv1|layer3.7.conv2|layer3.8.conv1|layer3.8.conv2|fc,47,False,0.0,210467,4.0661,25.3957,0.82,91.8306,3.593,0.0588,14.4792,2950.17,80.73,84.9153,80.73,81.2621
CP rank 0047 [fine_tuned],CP,conv1|layer1.0.conv1|layer1.0.conv2|layer1.1.conv1|layer1.1.conv2|layer1.2.conv1|layer1.2.conv2|layer1.3.conv1|layer1.3.conv2|layer1.4.conv1|layer1.4.conv2|layer1.5.conv1|layer1.5.conv2|layer1.6.conv1|layer1.6.conv2|layer1.7.conv1|layer1.7.conv2|layer1.8.conv1|layer1.8.conv2|layer2.0.conv1|layer2.0.conv2|layer2.1.conv1|layer2.1.conv2|layer2.2.conv1|layer2.2.conv2|layer2.3.conv1|layer2.3.conv2|layer2.4.conv1|layer2.4.conv2|layer2.5.conv1|layer2.5.conv2|layer2.6.conv1|layer2.6.conv2|layer2.7.conv1|layer2.7.conv2|layer2.8.conv1|layer2.8.conv2|layer3.0.conv1|layer3.0.conv2|layer3.1.conv1|layer3.1.conv2|layer3.2.conv1|layer3.2.conv2|layer3.3.conv1|layer3.3.conv2|layer3.4.conv1|layer3.4.conv2|layer3.5.conv1|layer3.5.conv2|layer3.6.conv1|layer3.6.conv2|layer3.7.conv1|layer3.7.conv2|layer3.8.conv1|layer3.8.conv2|fc,47,True,71.8739,210467,4.0661,25.3957,0.8208,92.7373,3.6118,0.0588,14.8645,2928.87,83.95,85.4092,83.95,84.1999
CP rank 0051 [compressed],CP,conv1|layer1.0.conv1|layer1.0.conv2|layer1.1.conv1|layer1.1.conv2|layer1.2.conv1|layer1.2.conv2|layer1.3.conv1|layer1.3.conv2|layer1.4.conv1|layer1.4.conv2|layer1.5.conv1|layer1.5.conv2|layer1.6.conv1|layer1.6.conv2|layer1.7.conv1|layer1.7.conv2|layer1.8.conv1|layer1.8.conv2|layer2.0.conv1|layer2.0.conv2|layer2.1.conv1|layer2.1.conv2|layer2.2.conv1|layer2.2.conv2|layer2.3.conv1|layer2.3.conv2|layer2.4.conv1|layer2.4.conv2|layer2.5.conv1|layer2.5.conv2|layer2.6.conv1|layer2.6.conv2|layer2.7.conv1|layer2.7.conv2|layer2.8.conv1|layer2.8.conv2|layer3.0.conv1|layer3.0.conv2|layer3.1.conv1|layer3.1.conv2|layer3.2.conv1|layer3.2.conv2|layer3.3.conv1|layer3.3.conv2|layer3.4.conv1|layer3.4.conv2|layer3.5.conv1|layer3.5.conv2|layer3.6.conv1|layer3.6.conv2|layer3.7.conv1|layer3.7.conv2|layer3.8.conv1|layer3.8.conv2|fc,51,False,0.0,227699,3.7583,26.0622,0.8857,95.9004,3.8239,0.0636,14.5175,2745.25,81.58,86.3321,81.58,82.3747
CP rank 0051 [fine_tuned],CP,conv1|layer1.0.conv1|layer1.0.conv2|layer1.1.conv1|layer1.1.conv2|layer1.2.conv1|layer1.2.conv2|layer1.3.conv1|layer1.3.conv2|layer1.4.conv1|layer1.4.conv2|layer1.5.conv1|layer1.5.conv2|layer1.6.conv1|layer1.6.conv2|layer1.7.conv1|layer1.7.conv2|layer1.8.conv1|layer1.8.conv2|layer2.0.conv1|layer2.0.conv2|layer2.1.conv1|layer2.1.conv2|layer2.2.conv1|layer2.2.conv2|layer2.3.conv1|layer2.3.conv2|layer2.4.conv1|layer2.4.conv2|layer2.5.conv1|layer2.5.conv2|layer2.6.conv1|layer2.6.conv2|layer2.7.conv1|layer2.7.conv2|layer2.8.conv1|layer2.8.conv2|layer3.0.conv1|layer3.0.conv2|layer3.1.conv1|layer3.1.conv2|layer3.2.conv1|layer3.2.conv2|layer3.3.conv1|layer3.3.conv2|layer3.4.conv1|layer3.4.conv2|layer3.5.conv1|layer3.5.conv2|layer3.6.conv1|layer3.6.conv2|layer3.7.conv1|layer3.7.conv2|layer3.8.conv1|layer3.8.conv2|fc,51,True,75.7774,227699,3.7583,26.0622,0.8866,96.877,3.8412,0.0636,14.4579,2755.98,89.66,89.86,89.66,89.7085
CP rank 0057 [compressed],CP,conv1|layer1.0.conv1|layer1.0.conv2|layer1.1.conv1|layer1.1.conv2|layer1.2.conv1|layer1.2.conv2|layer1.3.conv1|layer1.3.conv2|layer1.4.conv1|layer1.4.conv2|layer1.5.conv1|layer1.5.conv2|layer1.6.conv1|layer1.6.conv2|layer1.7.conv1|layer1.7.conv2|layer1.8.conv1|layer1.8.conv2|layer2.0.conv1|layer2.0.conv2|layer2.1.conv1|layer2.1.conv2|layer2.2.conv1|layer2.2.conv2|layer2.3.conv1|layer2.3.conv2|layer2.4.conv1|layer2.4.conv2|layer2.5.conv1|layer2.5.conv2|layer2.6.conv1|layer2.6.conv2|layer2.7.conv1|layer2.7.conv2|layer2.8.conv1|layer2.8.conv2|layer3.0.conv1|layer3.0.conv2|layer3.1.conv1|layer3.1.conv2|layer3.2.conv1|layer3.2.conv2|layer3.3.conv1|layer3.3.conv2|layer3.4.conv1|layer3.4.conv2|layer3.5.conv1|layer3.5.conv2|layer3.6.conv1|layer3.6.conv2|layer3.7.conv1|layer3.7.conv2|layer3.8.conv1|layer3.8.conv2|fc,57,False,0.0,253547,3.3752,26.5225,0.9843,101.0049,4.1753,0.0707,14.0001,2505.24,84.64,87.0192,84.64,84.8518
CP rank 0057 [fine_tuned],CP,conv1|layer1.0.conv1|layer1.0.conv2|layer1.1.conv1|layer1.1.conv2|layer1.2.conv1|layer1.2.conv2|layer1.3.conv1|layer1.3.conv2|layer1.4.conv1|layer1.4.conv2|layer1.5.conv1|layer1.5.conv2|layer1.6.conv1|layer1.6.conv2|layer1.7.conv1|layer1.7.conv2|layer1.8.conv1|layer1.8.conv2|layer2.0.conv1|layer2.0.conv2|layer2.1.conv1|layer2.1.conv2|layer2.2.conv1|layer2.2.conv2|layer2.3.conv1|layer2.3.conv2|layer2.4.conv1|layer2.4.conv2|layer2.5.conv1|layer2.5.conv2|layer2.6.conv1|layer2.6.conv2|layer2.7.conv1|layer2.7.conv2|layer2.8.conv1|layer2.8.conv2|layer3.0.conv1|layer3.0.conv2|layer3.1.conv1|layer3.1.conv2|layer3.2.conv1|layer3.2.conv2|layer3.3.conv1|layer3.3.conv2|layer3.4.conv1|layer3.4.conv2|layer3.5.conv1|layer3.5.conv2|layer3.6.conv1|layer3.6.conv2|layer3.7.conv1|layer3.7.conv2|layer3.8.conv1|layer3.8.conv2|fc,57,True,82.8774,253547,3.3752,26.5225,0.9852,102.0859,4.167,0.0707,14.2262,2517.84,91.18,91.2386,91.18,91.1843
CP rank 0063 [compressed],CP,conv1|layer1.0.conv1|layer1.0.conv2|layer1.1.conv1|layer1.1.conv2|layer1.2.conv1|layer1.2.conv2|layer1.3.conv1|layer1.3.conv2|layer1.4.conv1|layer1.4.conv2|layer1.5.conv1|layer1.5.conv2|layer1.6.conv1|layer1.6.conv2|layer1.7.conv1|layer1.7.conv2|layer1.8.conv1|layer1.8.conv2|layer2.0.conv1|layer2.0.conv2|layer2.1.conv1|layer2.1.conv2|layer2.2.conv1|layer2.2.conv2|layer2.3.conv1|layer2.3.conv2|layer2.4.conv1|layer2.4.conv2|layer2.5.conv1|layer2.5.conv2|layer2.6.conv1|layer2.6.conv2|layer2.7.conv1|layer2.7.conv2|layer2.8.conv1|layer2.8.conv2|layer3.0.conv1|layer3.0.conv2|layer3.1.conv1|layer3.1.conv2|layer3.2.conv1|layer3.2.conv2|layer3.3.conv1|layer3.3.conv2|layer3.4.conv1|layer3.4.conv2|layer3.5.conv1|layer3.5.conv2|layer3.6.conv1|layer3.6.conv2|layer3.7.conv1|layer3.7.conv2|layer3.8.conv1|layer3.8.conv2|fc,63,False,0.0,277343,3.0856,26.8359,1.0751,104.0737,4.3864,0.0758,13.8123,2381.29,87.09,88.5679,87.09,87.3527
CP rank 0063 [fine_tuned],CP,conv1|layer1.0.conv1|layer1.0.conv2|layer1.1.conv1|layer1.1.conv2|layer1.2.conv1|layer1.2.conv2|layer1.3.conv1|layer1.3.conv2|layer1.4.conv1|layer1.4.conv2|layer1.5.conv1|layer1.5.conv2|layer1.6.conv1|layer1.6.conv2|layer1.7.conv1|layer1.7.conv2|layer1.8.conv1|layer1.8.conv2|layer2.0.conv1|layer2.0.conv2|layer2.1.conv1|layer2.1.conv2|layer2.2.conv1|layer2.2.conv2|layer2.3.conv1|layer2.3.conv2|layer2.4.conv1|layer2.4.conv2|layer2.5.conv1|layer2.5.conv2|layer2.6.conv1|layer2.6.conv2|layer2.7.conv1|layer2.7.conv2|layer2.8.conv1|layer2.8.conv2|layer3.0.conv1|layer3.0.conv2|layer3.1.conv1|layer3.1.conv2|layer3.2.conv1|layer3.2.conv2|layer3.3.conv1|layer3.3.conv2|layer3.4.conv1|layer3.4.conv2|layer3.5.conv1|layer3.5.conv2|layer3.6.conv1|layer3.6.conv2|layer3.7.conv1|layer3.7.conv2|layer3.8.conv1|layer3.8.conv2|fc,63,True,85.6382,277343,3.0856,26.8359,1.0759,105.2236,4.3513,0.0758,14.5302,2406.65,92.12,92.1363,92.12,92.1205
CP rank 0073 [compressed],CP,conv1|layer1.0.conv1|layer1.0.conv2|layer1.1.conv1|layer1.1.conv2|layer1.2.conv1|layer1.2.conv2|layer1.3.conv1|layer1.3.conv2|layer1.4.conv1|layer1.4.conv2|layer1.5.conv1|layer1.5.conv2|layer1.6.conv1|layer1.6.conv2|layer1.7.conv1|layer1.7.conv2|layer1.8.conv1|layer1.8.conv2|layer2.0.conv1|layer2.0.conv2|layer2.1.conv1|layer2.1.conv2|layer2.2.conv1|layer2.2.conv2|layer2.3.conv1|layer2.3.conv2|layer2.4.conv1|layer2.4.conv2|layer2.5.conv1|layer2.5.conv2|layer2.6.conv1|layer2.6.conv2|layer2.7.conv1|layer2.7.conv2|layer2.8.conv1|layer2.8.conv2|layer3.0.conv1|layer3.0.conv2|layer3.1.conv1|layer3.1.conv2|layer3.2.conv1|layer3.2.conv2|layer3.3.conv1|layer3.3.conv2|layer3.4.conv1|layer3.4.conv2|layer3.5.conv1|layer3.5.conv2|layer3.6.conv1|layer3.6.conv2|layer3.7.conv1|layer3.7.conv2|layer3.8.conv1|layer3.8.conv2|fc,73,False,0.0,313583,2.729,27.333,1.2133,104.2129,4.5849,0.0807,14.2096,2275.32,89.75,90.4969,89.75,89.843
CP rank 0073 [fine_tuned],CP,conv1|layer1.0.conv1|layer1.0.conv2|layer1.1.conv1|layer1.1.conv2|layer1.2.conv1|layer1.2.conv2|layer1.3.conv1|layer1.3.conv2|layer1.4.conv1|layer1.4.conv2|layer1.5.conv1|layer1.5.conv2|layer1.6.conv1|layer1.6.conv2|layer1.7.conv1|layer1.7.conv2|layer1.8.conv1|layer1.8.conv2|layer2.0.conv1|layer2.0.conv2|layer2.1.conv1|layer2.1.conv2|layer2.2.conv1|layer2.2.conv2|layer2.3.conv1|layer2.3.conv2|layer2.4.conv1|layer2.4.conv2|layer2.5.conv1|layer2.5.conv2|layer2.6.conv1|layer2.6.conv2|layer2.7.conv1|layer2.7.conv2|layer2.8.conv1|layer2.8.conv2|layer3.0.conv1|layer3.0.conv2|layer3.1.conv1|layer3.1.conv2|layer3.2.conv1|layer3.2.conv2|layer3.3.conv1|layer3.3.conv2|layer3.4.conv1|layer3.4.conv2|layer3.5.conv1|layer3.5.conv2|layer3.6.conv1|layer3.6.conv2|layer3.7.conv1|layer3.7.conv2|layer3.8.conv1|layer3.8.conv2|fc,73,True,37.1296,313583,2.729,27.333,1.2142,105.502,4.6168,0.0807,13.9926,2259.19,91.73,91.7769,91.73,91.734
CP rank 0080 [compressed],CP,conv1|layer1.0.conv1|layer1.0.conv2|layer1.1.conv1|layer1.1.conv2|layer1.2.conv1|layer1.2.conv2|layer1.3.conv1|layer1.3.conv2|layer1.4.conv1|layer1.4.conv2|layer1.5.conv1|layer1.5.conv2|layer1.6.conv1|layer1.6.conv2|layer1.7.conv1|layer1.7.conv2|layer1.8.conv1|layer1.8.conv2|layer2.0.conv1|layer2.0.conv2|layer2.1.conv1|layer2.1.conv2|layer2.2.conv1|layer2.2.conv2|layer2.3.conv1|layer2.3.conv2|layer2.4.conv1|layer2.4.conv2|layer2.5.conv1|layer2.5.conv2|layer2.6.conv1|layer2.6.conv2|layer2.7.conv1|layer2.7.conv2|layer2.8.conv1|layer2.8.conv2|layer3.0.conv1|layer3.0.conv2|layer3.1.conv1|layer3.1.conv2|layer3.2.conv1|layer3.2.conv2|layer3.3.conv1|layer3.3.conv2|layer3.4.conv1|layer3.4.conv2|layer3.5.conv1|layer3.5.conv2|layer3.6.conv1|layer3.6.conv2|layer3.7.conv1|layer3.7.conv2|layer3.8.conv1|layer3.8.conv2|fc,80,False,0.0,338951,2.5248,27.398,1.3101,104.2817,4.6097,0.0841,14.4486,2259.85,90.89,91.3003,90.89,90.9574
CP rank 0080 [fine_tuned],CP,conv1|layer1.0.conv1|layer1.0.conv2|layer1.1.conv1|layer1.1.conv2|layer1.2.conv1|layer1.2.conv2|layer1.3.conv1|layer1.3.conv2|layer1.4.conv1|layer1.4.conv2|layer1.5.conv1|layer1.5.conv2|layer1.6.conv1|layer1.6.conv2|layer1.7.conv1|layer1.7.conv2|layer1.8.conv1|layer1.8.conv2|layer2.0.conv1|layer2.0.conv2|layer2.1.conv1|layer2.1.conv2|layer2.2.conv1|layer2.2.conv2|layer2.3.conv1|layer2.3.conv2|layer2.4.conv1|layer2.4.conv2|layer2.5.conv1|layer2.5.conv2|layer2.6.conv1|layer2.6.conv2|layer2.7.conv1|layer2.7.conv2|layer2.8.conv1|layer2.8.conv2|layer3.0.conv1|layer3.0.conv2|layer3.1.conv1|layer3.1.conv2|layer3.2.conv1|layer3.2.conv2|layer3.3.conv1|layer3.3.conv2|layer3.4.conv1|layer3.4.conv2|layer3.5.conv1|layer3.5.conv2|layer3.6.conv1|layer3.6.conv2|layer3.7.conv1|layer3.7.conv2|layer3.8.conv1|layer3.8.conv2|fc,80,True,37.1836,338951,2.5248,27.398,1.3109,105.6396,4.7624,0.0841,13.854,2184.34,92.52,92.514,92.52,92.5003
CP rank 0092 [compressed],CP,conv1|layer1.0.conv1|layer1.0.conv2|layer1.1.conv1|layer1.1.conv2|layer1.2.conv1|layer1.2.conv2|layer1.3.conv1|layer1.3.conv2|layer1.4.conv1|layer1.4.conv2|layer1.5.conv1|layer1.5.conv2|layer1.6.conv1|layer1.6.conv2|layer1.7.conv1|layer1.7.conv2|layer1.8.conv1|layer1.8.conv2|layer2.0.conv1|layer2.0.conv2|layer2.1.conv1|layer2.1.conv2|layer2.2.conv1|layer2.2.conv2|layer2.3.conv1|layer2.3.conv2|layer2.4.conv1|layer2.4.conv2|layer2.5.conv1|layer2.5.conv2|layer2.6.conv1|layer2.6.conv2|layer2.7.conv1|layer2.7.conv2|layer2.8.conv1|layer2.8.conv2|layer3.0.conv1|layer3.0.conv2|layer3.1.conv1|layer3.1.conv2|layer3.2.conv1|layer3.2.conv2|layer3.3.conv1|layer3.3.conv2|layer3.4.conv1|layer3.4.conv2|layer3.5.conv1|layer3.5.conv2|layer3.6.conv1|layer3.6.conv2|layer3.7.conv1|layer3.7.conv2|layer3.8.conv1|layer3.8.conv2|fc,92,False,0.0,382061,2.2399,27.515,1.4745,104.4712,4.8069,0.0898,14.621,2166.62,92.08,92.394,92.08,92.1151
CP rank 0092 [fine_tuned],CP,conv1|layer1.0.conv1|layer1.0.conv2|layer1.1.conv1|layer1.1.conv2|layer1.2.conv1|layer1.2.conv2|layer1.3.conv1|layer1.3.conv2|layer1.4.conv1|layer1.4.conv2|layer1.5.conv1|layer1.5.conv2|layer1.6.conv1|layer1.6.conv2|layer1.7.conv1|layer1.7.conv2|layer1.8.conv1|layer1.8.conv2|layer2.0.conv1|layer2.0.conv2|layer2.1.conv1|layer2.1.conv2|layer2.2.conv1|layer2.2.conv2|layer2.3.conv1|layer2.3.conv2|layer2.4.conv1|layer2.4.conv2|layer2.5.conv1|layer2.5.conv2|layer2.6.conv1|layer2.6.conv2|layer2.7.conv1|layer2.7.conv2|layer2.8.conv1|layer2.8.conv2|layer3.0.conv1|layer3.0.conv2|layer3.1.conv1|layer3.1.conv2|layer3.2.conv1|layer3.2.conv2|layer3.3.conv1|layer3.3.conv2|layer3.4.conv1|layer3.4.conv2|layer3.5.conv1|layer3.5.conv2|layer3.6.conv1|layer3.6.conv2|layer3.7.conv1|layer3.7.conv2|layer3.8.conv1|layer3.8.conv2|fc,92,True,38.7187,382061,2.2399,27.515,1.4754,106.0186,4.8962,0.0898,14.4291,2128.39,93.1,93.121,93.1,93.1064
CP rank 0101 [compressed],CP,conv1|layer1.0.conv1|layer1.0.conv2|layer1.1.conv1|layer1.1.conv2|layer1.2.conv1|layer1.2.conv2|layer1.3.conv1|layer1.3.conv2|layer1.4.conv1|layer1.4.conv2|layer1.5.conv1|layer1.5.conv2|layer1.6.conv1|layer1.6.conv2|layer1.7.conv1|layer1.7.conv2|layer1.8.conv1|layer1.8.conv2|layer2.0.conv1|layer2.0.conv2|layer2.1.conv1|layer2.1.conv2|layer2.2.conv1|layer2.2.conv2|layer2.3.conv1|layer2.3.conv2|layer2.4.conv1|layer2.4.conv2|layer2.5.conv1|layer2.5.conv2|layer2.6.conv1|layer2.6.conv2|layer2.7.conv1|layer2.7.conv2|layer2.8.conv1|layer2.8.conv2|layer3.0.conv1|layer3.0.conv2|layer3.1.conv1|layer3.1.conv2|layer3.2.conv1|layer3.2.conv2|layer3.3.conv1|layer3.3.conv2|layer3.4.conv1|layer3.4.conv2|layer3.5.conv1|layer3.5.conv2|layer3.6.conv1|layer3.6.conv2|layer3.7.conv1|layer3.7.conv2|layer3.8.conv1|layer3.8.conv2|fc,101,False,0.0,414191,2.0661,28.3888,1.5971,104.6079,4.9046,0.094,14.4918,2120.07,92.43,92.7541,92.43,92.4824
CP rank 0101 [fine_tuned],CP,conv1|layer1.0.conv1|layer1.0.conv2|layer1.1.conv1|layer1.1.conv2|layer1.2.conv1|layer1.2.conv2|layer1.3.conv1|layer1.3.conv2|layer1.4.conv1|layer1.4.conv2|layer1.5.conv1|layer1.5.conv2|layer1.6.conv1|layer1.6.conv2|layer1.7.conv1|layer1.7.conv2|layer1.8.conv1|layer1.8.conv2|layer2.0.conv1|layer2.0.conv2|layer2.1.conv1|layer2.1.conv2|layer2.2.conv1|layer2.2.conv2|layer2.3.conv1|layer2.3.conv2|layer2.4.conv1|layer2.4.conv2|layer2.5.conv1|layer2.5.conv2|layer2.6.conv1|layer2.6.conv2|layer2.7.conv1|layer2.7.conv2|layer2.8.conv1|layer2.8.conv2|layer3.0.conv1|layer3.0.conv2|layer3.1.conv1|layer3.1.conv2|layer3.2.conv1|layer3.2.conv2|layer3.3.conv1|layer3.3.conv2|layer3.4.conv1|layer3.4.conv2|layer3.5.conv1|layer3.5.conv2|layer3.6.conv1|layer3.6.conv2|layer3.7.conv1|layer3.7.conv2|layer3.8.conv1|layer3.8.conv2|fc,101,True,39.56,414191,2.0661,28.3888,1.598,106.292,5.0419,0.094,13.8853,2065.21,93.56,93.5756,93.56,93.5593
CP rank 0116 [compressed],CP,conv1|layer1.0.conv1|layer1.0.conv2|layer1.1.conv1|layer1.1.conv2|layer1.2.conv1|layer1.2.conv2|layer1.3.conv1|layer1.3.conv2|layer1.4.conv1|layer1.4.conv2|layer1.5.conv1|layer1.5.conv2|layer1.6.conv1|layer1.6.conv2|layer1.7.conv1|layer1.7.conv2|layer1.8.conv1|layer1.8.conv2|layer2.0.conv1|layer2.0.conv2|layer2.1.conv1|layer2.1.conv2|layer2.2.conv1|layer2.2.conv2|layer2.3.conv1|layer2.3.conv2|layer2.4.conv1|layer2.4.conv2|layer2.5.conv1|layer2.5.conv2|layer2.6.conv1|layer2.6.conv2|layer2.7.conv1|layer2.7.conv2|layer2.8.conv1|layer2.8.conv2|layer3.0.conv1|layer3.0.conv2|layer3.1.conv1|layer3.1.conv2|layer3.2.conv1|layer3.2.conv2|layer3.3.conv1|layer3.3.conv2|layer3.4.conv1|layer3.4.conv2|layer3.5.conv1|layer3.5.conv2|layer3.6.conv1|layer3.6.conv2|layer3.7.conv1|layer3.7.conv2|layer3.8.conv1|layer3.8.conv2|fc,116,False,0.0,467741,1.8296,29.5023,1.8014,104.7788,5.081,0.1009,14.2567,2044.51,92.91,93.0717,92.91,92.9417
CP rank 0116 [fine_tuned],CP,conv1|layer1.0.conv1|layer1.0.conv2|layer1.1.conv1|layer1.1.conv2|layer1.2.conv1|layer1.2.conv2|layer1.3.conv1|layer1.3.conv2|layer1.4.conv1|layer1.4.conv2|layer1.5.conv1|layer1.5.conv2|layer1.6.conv1|layer1.6.conv2|layer1.7.conv1|layer1.7.conv2|layer1.8.conv1|layer1.8.conv2|layer2.0.conv1|layer2.0.conv2|layer2.1.conv1|layer2.1.conv2|layer2.2.conv1|layer2.2.conv2|layer2.3.conv1|layer2.3.conv2|layer2.4.conv1|layer2.4.conv2|layer2.5.conv1|layer2.5.conv2|layer2.6.conv1|layer2.6.conv2|layer2.7.conv1|layer2.7.conv2|layer2.8.conv1|layer2.8.conv2|layer3.0.conv1|layer3.0.conv2|layer3.1.conv1|layer3.1.conv2|layer3.2.conv1|layer3.2.conv2|layer3.3.conv1|layer3.3.conv2|layer3.4.conv1|layer3.4.conv2|layer3.5.conv1|layer3.5.conv2|layer3.6.conv1|layer3.6.conv2|layer3.7.conv1|layer3.7.conv2|layer3.8.conv1|layer3.8.conv2|fc,116,True,41.5172,467741,1.8296,29.5023,1.8022,106.6338,5.1768,0.1009,13.9586,2008.24,93.68,93.7168,93.68,93.6897
CP rank 0127 [compressed],CP,conv1|layer1.0.conv1|layer1.0.conv2|layer1.1.conv1|layer1.1.conv2|layer1.2.conv1|layer1.2.conv2|layer1.3.conv1|layer1.3.conv2|layer1.4.conv1|layer1.4.conv2|layer1.5.conv1|layer1.5.conv2|layer1.6.conv1|layer1.6.conv2|layer1.7.conv1|layer1.7.conv2|layer1.8.conv1|layer1.8.conv2|layer2.0.conv1|layer2.0.conv2|layer2.1.conv1|layer2.1.conv2|layer2.2.conv1|layer2.2.conv2|layer2.3.conv1|layer2.3.conv2|layer2.4.conv1|layer2.4.conv2|layer2.5.conv1|layer2.5.conv2|layer2.6.conv1|layer2.6.conv2|layer2.7.conv1|layer2.7.conv2|layer2.8.conv1|layer2.8.conv2|layer3.0.conv1|layer3.0.conv2|layer3.1.conv1|layer3.1.conv2|layer3.2.conv1|layer3.2.conv2|layer3.3.conv1|layer3.3.conv2|layer3.4.conv1|layer3.4.conv2|layer3.5.conv1|layer3.5.conv2|layer3.6.conv1|layer3.6.conv2|layer3.7.conv1|layer3.7.conv2|layer3.8.conv1|layer3.8.conv2|fc,127,False,0.0,507011,1.6879,30.0174,1.9512,104.9326,5.2467,0.106,14.8624,1981.04,93.34,93.4347,93.34,93.3537
CP rank 0127 [fine_tuned],CP,conv1|layer1.0.conv1|layer1.0.conv2|layer1.1.conv1|layer1.1.conv2|layer1.2.conv1|layer1.2.conv2|layer1.3.conv1|layer1.3.conv2|layer1.4.conv1|layer1.4.conv2|layer1.5.conv1|layer1.5.conv2|layer1.6.conv1|layer1.6.conv2|layer1.7.conv1|layer1.7.conv2|layer1.8.conv1|layer1.8.conv2|layer2.0.conv1|layer2.0.conv2|layer2.1.conv1|layer2.1.conv2|layer2.2.conv1|layer2.2.conv2|layer2.3.conv1|layer2.3.conv2|layer2.4.conv1|layer2.4.conv2|layer2.5.conv1|layer2.5.conv2|layer2.6.conv1|layer2.6.conv2|layer2.7.conv1|layer2.7.conv2|layer2.8.conv1|layer2.8.conv2|layer3.0.conv1|layer3.0.conv2|layer3.1.conv1|layer3.1.conv2|layer3.2.conv1|layer3.2.conv2|layer3.3.conv1|layer3.3.conv2|layer3.4.conv1|layer3.4.conv2|layer3.5.conv1|layer3.5.conv2|layer3.6.conv1|layer3.6.conv2|layer3.7.conv1|layer3.7.conv2|layer3.8.conv1|layer3.8.conv2|fc,127,True,42.4579,507011,1.6879,30.0174,1.952,106.9414,5.2976,0.106,14.407,1956.6,93.78,93.7883,93.78,93.7732
CP rank 0152 [compressed],CP,conv1|layer1.0.conv1|layer1.0.conv2|layer1.1.conv1|layer1.1.conv2|layer1.2.conv1|layer1.2.conv2|layer1.3.conv1|layer1.3.conv2|layer1.4.conv1|layer1.4.conv2|layer1.5.conv1|layer1.5.conv2|layer1.6.conv1|layer1.6.conv2|layer1.7.conv1|layer1.7.conv2|layer1.8.conv1|layer1.8.conv2|layer2.0.conv1|layer2.0.conv2|layer2.1.conv1|layer2.1.conv2|layer2.2.conv1|layer2.2.conv2|layer2.3.conv1|layer2.3.conv2|layer2.4.conv1|layer2.4.conv2|layer2.5.conv1|layer2.5.conv2|layer2.6.conv1|layer2.6.conv2|layer2.7.conv1|layer2.7.conv2|layer2.8.conv1|layer2.8.conv2|layer3.0.conv1|layer3.0.conv2|layer3.1.conv1|layer3.1.conv2|layer3.2.conv1|layer3.2.conv2|layer3.3.conv1|layer3.3.conv2|layer3.4.conv1|layer3.4.conv2|layer3.5.conv1|layer3.5.conv2|layer3.6.conv1|layer3.6.conv2|layer3.7.conv1|layer3.7.conv2|layer3.8.conv1|layer3.8.conv2|fc,152,False,0.0,571271,1.498,31.0504,2.1963,105.1914,5.3963,0.1112,13.8418,1923.27,93.86,93.9063,93.86,93.8727
CP rank 0152 [fine_tuned],CP,conv1|layer1.0.conv1|layer1.0.conv2|layer1.1.conv1|layer1.1.conv2|layer1.2.conv1|layer1.2.conv2|layer1.3.conv1|layer1.3.conv2|layer1.4.conv1|layer1.4.conv2|layer1.5.conv1|layer1.5.conv2|layer1.6.conv1|layer1.6.conv2|layer1.7.conv1|layer1.7.conv2|layer1.8.conv1|layer1.8.conv2|layer2.0.conv1|layer2.0.conv2|layer2.1.conv1|layer2.1.conv2|layer2.2.conv1|layer2.2.conv2|layer2.3.conv1|layer2.3.conv2|layer2.4.conv1|layer2.4.conv2|layer2.5.conv1|layer2.5.conv2|layer2.6.conv1|layer2.6.conv2|layer2.7.conv1|layer2.7.conv2|layer2.8.conv1|layer2.8.conv2|layer3.0.conv1|layer3.0.conv2|layer3.1.conv1|layer3.1.conv2|layer3.2.conv1|layer3.2.conv2|layer3.3.conv1|layer3.3.conv2|layer3.4.conv1|layer3.4.conv2|layer3.5.conv1|layer3.5.conv2|layer3.6.conv1|layer3.6.conv2|layer3.7.conv1|layer3.7.conv2|layer3.8.conv1|layer3.8.conv2|fc,152,True,44.02,571271,1.498,31.0504,2.1972,107.459,5.4909,0.1112,13.7492,1887.88,93.92,93.9208,93.92,93.9161
CP rank 0172 [compressed],CP,conv1|layer1.0.conv1|layer1.0.conv2|layer1.1.conv1|layer1.1.conv2|layer1.2.conv1|layer1.2.conv2|layer1.3.conv1|layer1.3.conv2|layer1.4.conv1|layer1.4.conv2|layer1.5.conv1|layer1.5.conv2|layer1.6.conv1|layer1.6.conv2|layer1.7.conv1|layer1.7.conv2|layer1.8.conv1|layer1.8.conv2|layer2.0.conv1|layer2.0.conv2|layer2.1.conv1|layer2.1.conv2|layer2.2.conv1|layer2.2.conv2|layer2.3.conv1|layer2.3.conv2|layer2.4.conv1|layer2.4.conv2|layer2.5.conv1|layer2.5.conv2|layer2.6.conv1|layer2.6.conv2|layer2.7.conv1|layer2.7.conv2|layer2.8.conv1|layer2.8.conv2|layer3.0.conv1|layer3.0.conv2|layer3.1.conv1|layer3.1.conv2|layer3.2.conv1|layer3.2.conv2|layer3.3.conv1|layer3.3.conv2|layer3.4.conv1|layer3.4.conv2|layer3.5.conv1|layer3.5.conv2|layer3.6.conv1|layer3.6.conv2|layer3.7.conv1|layer3.7.conv2|layer3.8.conv1|layer3.8.conv2|fc,172,False,0.0,618871,1.3828,30.5462,2.3779,105.3823,5.4618,0.1144,14.0231,1896.98,93.9,93.9253,93.9,93.9027
CP rank 0172 [fine_tuned],CP,conv1|layer1.0.conv1|layer1.0.conv2|layer1.1.conv1|layer1.1.conv2|layer1.2.conv1|layer1.2.conv2|layer1.3.conv1|layer1.3.conv2|layer1.4.conv1|layer1.4.conv2|layer1.5.conv1|layer1.5.conv2|layer1.6.conv1|layer1.6.conv2|layer1.7.conv1|layer1.7.conv2|layer1.8.conv1|layer1.8.conv2|layer2.0.conv1|layer2.0.conv2|layer2.1.conv1|layer2.1.conv2|layer2.2.conv1|layer2.2.conv2|layer2.3.conv1|layer2.3.conv2|layer2.4.conv1|layer2.4.conv2|layer2.5.conv1|layer2.5.conv2|layer2.6.conv1|layer2.6.conv2|layer2.7.conv1|layer2.7.conv2|layer2.8.conv1|layer2.8.conv2|layer3.0.conv1|layer3.0.conv2|layer3.1.conv1|layer3.1.conv2|layer3.2.conv1|layer3.2.conv2|layer3.3.conv1|layer3.3.conv2|layer3.4.conv1|layer3.4.conv2|layer3.5.conv1|layer3.5.conv2|layer3.6.conv1|layer3.6.conv2|layer3.7.conv1|layer3.7.conv2|layer3.8.conv1|layer3.8.conv2|fc,172,True,44.5317,618871,1.3828,30.5462,2.3788,107.8408,5.6052,0.1144,14.4235,1853.16,94.04,94.0344,94.04,94.0331
CP rank 0207 [compressed],CP,conv1|layer1.0.conv1|layer1.0.conv2|layer1.1.conv1|layer1.1.conv2|layer1.2.conv1|layer1.2.conv2|layer1.3.conv1|layer1.3.conv2|layer1.4.conv1|layer1.4.conv2|layer1.5.conv1|layer1.5.conv2|layer1.6.conv1|layer1.6.conv2|layer1.7.conv1|layer1.7.conv2|layer1.8.conv1|layer1.8.conv2|layer2.0.conv1|layer2.0.conv2|layer2.1.conv1|layer2.1.conv2|layer2.2.conv1|layer2.2.conv2|layer2.3.conv1|layer2.3.conv2|layer2.4.conv1|layer2.4.conv2|layer2.5.conv1|layer2.5.conv2|layer2.6.conv1|layer2.6.conv2|layer2.7.conv1|layer2.7.conv2|layer2.8.conv1|layer2.8.conv2|layer3.0.conv1|layer3.0.conv2|layer3.1.conv1|layer3.1.conv2|layer3.2.conv1|layer3.2.conv2|layer3.3.conv1|layer3.3.conv2|layer3.4.conv1|layer3.4.conv2|layer3.5.conv1|layer3.5.conv2|layer3.6.conv1|layer3.6.conv2|layer3.7.conv1|layer3.7.conv2|layer3.8.conv1|layer3.8.conv2|fc,200,False,0.0,683471,1.2521,32.9974,2.6243,105.6177,5.5706,0.1186,14.9115,1861.17,93.96,93.9871,93.96,93.9602
CP rank 0207 [fine_tuned],CP,conv1|layer1.0.conv1|layer1.0.conv2|layer1.1.conv1|layer1.1.conv2|layer1.2.conv1|layer1.2.conv2|layer1.3.conv1|layer1.3.conv2|layer1.4.conv1|layer1.4.conv2|layer1.5.conv1|layer1.5.conv2|layer1.6.conv1|layer1.6.conv2|layer1.7.conv1|layer1.7.conv2|layer1.8.conv1|layer1.8.conv2|layer2.0.conv1|layer2.0.conv2|layer2.1.conv1|layer2.1.conv2|layer2.2.conv1|layer2.2.conv2|layer2.3.conv1|layer2.3.conv2|layer2.4.conv1|layer2.4.conv2|layer2.5.conv1|layer2.5.conv2|layer2.6.conv1|layer2.6.conv2|layer2.7.conv1|layer2.7.conv2|layer2.8.conv1|layer2.8.conv2|layer3.0.conv1|layer3.0.conv2|layer3.1.conv1|layer3.1.conv2|layer3.2.conv1|layer3.2.conv2|layer3.3.conv1|layer3.3.conv2|layer3.4.conv1|layer3.4.conv2|layer3.5.conv1|layer3.5.conv2|layer3.6.conv1|layer3.6.conv2|layer3.7.conv1|layer3.7.conv2|layer3.8.conv1|layer3.8.conv2|fc,200,True,45.3986,683471,1.2521,32.9974,2.6252,108.3115,5.6481,0.1186,14.3265,1834.47,94.17,94.1617,94.17,94.1591
CP rank 0232 [compressed],CP,conv1|layer1.0.conv1|layer1.0.conv2|layer1.1.conv1|layer1.1.conv2|layer1.2.conv1|layer1.2.conv2|layer1.3.conv1|layer1.3.conv2|layer1.4.conv1|layer1.4.conv2|layer1.5.conv1|layer1.5.conv2|layer1.6.conv1|layer1.6.conv2|layer1.7.conv1|layer1.7.conv2|layer1.8.conv1|layer1.8.conv2|layer2.0.conv1|layer2.0.conv2|layer2.1.conv1|layer2.1.conv2|layer2.2.conv1|layer2.2.conv2|layer2.3.conv1|layer2.3.conv2|layer2.4.conv1|layer2.4.conv2|layer2.5.conv1|layer2.5.conv2|layer2.6.conv1|layer2.6.conv2|layer2.7.conv1|layer2.7.conv2|layer2.8.conv1|layer2.8.conv2|layer3.0.conv1|layer3.0.conv2|layer3.1.conv1|layer3.1.conv2|layer3.2.conv1|layer3.2.conv2|layer3.3.conv1|layer3.3.conv2|layer3.4.conv1|layer3.4.conv2|layer3.5.conv1|layer3.5.conv2|layer3.6.conv1|layer3.6.conv2|layer3.7.conv1|layer3.7.conv2|layer3.8.conv1|layer3.8.conv2|fc,200,False,0.0,683471,1.2521,32.6356,2.6243,105.6177,5.56,0.1186,13.5006,1859.26,94.06,94.0726,94.06,94.0589
CP rank 0232 [fine_tuned],CP,conv1|layer1.0.conv1|layer1.0.conv2|layer1.1.conv1|layer1.1.conv2|layer1.2.conv1|layer1.2.conv2|layer1.3.conv1|layer1.3.conv2|layer1.4.conv1|layer1.4.conv2|layer1.5.conv1|layer1.5.conv2|layer1.6.conv1|layer1.6.conv2|layer1.7.conv1|layer1.7.conv2|layer1.8.conv1|layer1.8.conv2|layer2.0.conv1|layer2.0.conv2|layer2.1.conv1|layer2.1.conv2|layer2.2.conv1|layer2.2.conv2|layer2.3.conv1|layer2.3.conv2|layer2.4.conv1|layer2.4.conv2|layer2.5.conv1|layer2.5.conv2|layer2.6.conv1|layer2.6.conv2|layer2.7.conv1|layer2.7.conv2|layer2.8.conv1|layer2.8.conv2|layer3.0.conv1|layer3.0.conv2|layer3.1.conv1|layer3.1.conv2|layer3.2.conv1|layer3.2.conv2|layer3.3.conv1|layer3.3.conv2|layer3.4.conv1|layer3.4.conv2|layer3.5.conv1|layer3.5.conv2|layer3.6.conv1|layer3.6.conv2|layer3.7.conv1|layer3.7.conv2|layer3.8.conv1|layer3.8.conv2|fc,200,True,45.4125,683471,1.2521,32.6356,2.6252,108.3115,5.6705,0.1186,14.5627,1828.63,94.27,94.2602,94.27,94.2512
CP rank 0275 [compressed],CP,conv1|layer1.0.conv1|layer1.0.conv2|layer1.1.conv1|layer1.1.conv2|layer1.2.conv1|layer1.2.conv2|layer1.3.conv1|layer1.3.conv2|layer1.4.conv1|layer1.4.conv2|layer1.5.conv1|layer1.5.conv2|layer1.6.conv1|layer1.6.conv2|layer1.7.conv1|layer1.7.conv2|layer1.8.conv1|layer1.8.conv2|layer2.0.conv1|layer2.0.conv2|layer2.1.conv1|layer2.1.conv2|layer2.2.conv1|layer2.2.conv2|layer2.3.conv1|layer2.3.conv2|layer2.4.conv1|layer2.4.conv2|layer2.5.conv1|layer2.5.conv2|layer2.6.conv1|layer2.6.conv2|layer2.7.conv1|layer2.7.conv2|layer2.8.conv1|layer2.8.conv2|layer3.0.conv1|layer3.0.conv2|layer3.1.conv1|layer3.1.conv2|layer3.2.conv1|layer3.2.conv2|layer3.3.conv1|layer3.3.conv2|layer3.4.conv1|layer3.4.conv2|layer3.5.conv1|layer3.5.conv2|layer3.6.conv1|layer3.6.conv2|layer3.7.conv1|layer3.7.conv2|layer3.8.conv1|layer3.8.conv2|fc,200,False,0.0,683471,1.2521,32.092,2.6243,105.6177,5.573,0.1186,13.5593,1852.6,94.12,94.1237,94.12,94.1127
CP rank 0275 [fine_tuned],CP,conv1|layer1.0.conv1|layer1.0.conv2|layer1.1.conv1|layer1.1.conv2|layer1.2.conv1|layer1.2.conv2|layer1.3.conv1|layer1.3.conv2|layer1.4.conv1|layer1.4.conv2|layer1.5.conv1|layer1.5.conv2|layer1.6.conv1|layer1.6.conv2|layer1.7.conv1|layer1.7.conv2|layer1.8.conv1|layer1.8.conv2|layer2.0.conv1|layer2.0.conv2|layer2.1.conv1|layer2.1.conv2|layer2.2.conv1|layer2.2.conv2|layer2.3.conv1|layer2.3.conv2|layer2.4.conv1|layer2.4.conv2|layer2.5.conv1|layer2.5.conv2|layer2.6.conv1|layer2.6.conv2|layer2.7.conv1|layer2.7.conv2|layer2.8.conv1|layer2.8.conv2|layer3.0.conv1|layer3.0.conv2|layer3.1.conv1|layer3.1.conv2|layer3.2.conv1|layer3.2.conv2|layer3.3.conv1|layer3.3.conv2|layer3.4.conv1|layer3.4.conv2|layer3.5.conv1|layer3.5.conv2|layer3.6.conv1|layer3.6.conv2|layer3.7.conv1|layer3.7.conv2|layer3.8.conv1|layer3.8.conv2|fc,200,True,45.2937,683471,1.2521,32.092,2.6252,108.3115,5.671,0.1186,13.7421,1821.77,94.29,94.2944,94.29,94.2889